platform,compiler,build_flags,algorithm,variant,workload,parameter,repetition,iterations,timer_overhead_ns,mean_ns,median_ns,p95_ns,p99_ns,max_ns,throughput_updates_s,cpu_utilization_pct,cycles_per_update,deadline_1us_misses,deadline_10us_misses,deadline_100us_misses,persistent_bytes,history_bytes,temporary_bytes,bytes_read_per_update,checksum
"Windows x86-64","Clang 21.1.0 ","-std=c11 -O3 -Wall -Wextra -Wpedantic","sliding_mean","hidden_incremental","continuous",4,1,100000,0,5.522,0,100,100,16200,181093806.592,0.000,21.002,4,2,0,40,32,0,8,4050725823050583179
"Windows x86-64","Clang 21.1.0 ","-std=c11 -O3 -Wall -Wextra -Wpedantic","sliding_mean","explicit_incremental","continuous",4,1,100000,0,5.637,0,100,100,21900,177399325.883,0.000,21.252,1,1,0,40,32,0,8,4050725823050583179
"Windows x86-64","Clang 21.1.0 ","-std=c11 -O3 -Wall -Wextra -Wpedantic","sliding_mean","full_recompute","continuous",4,1,100000,0,3.742,0,100,100,12400,267236771.780,0.000,14.220,3,1,0,0,32,0,32,4050725823050583179
"Windows x86-64","Clang 21.1.0 ","-std=c11 -O3 -Wall -Wextra -Wpedantic","rolling_max","hidden_incremental","continuous",4,1,100000,0,11.978,0,100,100,8200,83486391.718,0.000,45.379,2,0,0,96,0,0,8,1820439831759374474
"Windows x86-64","Clang 21.1.0 ","-std=c11 -O3 -Wall -Wextra -Wpedantic","rolling_max","explicit_incremental","continuous",4,1,100000,0,11.367,0,100,100,17100,87973959.708,0.000,43.240,3,2,0,96,0,0,8,1820439831759374474
"Windows x86-64","Clang 21.1.0 ","-std=c11 -O3 -Wall -Wextra -Wpedantic","rolling_max","full_recompute","continuous",4,1,100000,0,3.412,0,100,100,5000,293083235.639,0.000,12.968,1,0,0,0,16,0,16,1820439831759374474
"Windows x86-64","Clang 21.1.0 ","-std=c11 -O3 -Wall -Wextra -Wpedantic","sliding_mean","explicit_incremental","continuous",4,2,100000,0,5.416,0,100,100,3900,184638109.306,0.000,20.566,1,0,0,40,32,0,8,4050725823050583179
"Windows x86-64","Clang 21.1.0 ","-std=c11 -O3 -Wall -Wextra -Wpedantic","sliding_mean","full_recompute","continuous",4,2,100000,0,3.461,0,100,100,7500,288933834.152,0.000,13.154,2,0,0,0,32,0,32,4050725823050583179
"Windows x86-64","Clang 21.1.0 ","-std=c11 -O3 -Wall -Wextra -Wpedantic","rolling_max","hidden_incremental","continuous",4,2,100000,0,11.830,0,100,100,5700,84530853.762,0.000,43.832,4,0,0,96,0,0,8,1820439831759374474
"Windows x86-64","Clang 21.1.0 ","-std=c11 -O3 -Wall -Wextra -Wpedantic","rolling_max","explicit_incremental","continuous",4,2,100000,0,8.477,0,100,100,3700,117966261.649,0.000,32.168,2,0,0,96,0,0,8,1820439831759374474
"Windows x86-64","Clang 21.1.0 ","-std=c11 -O3 -Wall -Wextra -Wpedantic","rolling_max","full_recompute","continuous",4,2,100000,0,3.832,0,100,100,5400,260960334.029,0.000,14.550,2,0,0,0,16,0,16,1820439831759374474
"Windows x86-64","Clang 21.1.0 ","-std=c11 -O3 -Wall -Wextra -Wpedantic","sliding_mean","hidden_incremental","continuous",4,2,100000,0,5.441,0,100,100,4100,183789744.532,0.000,20.653,3,0,0,40,32,0,8,4050725823050583179
"Windows x86-64","Clang 21.1.0 ","-std=c11 -O3 -Wall -Wextra -Wpedantic","sliding_mean","full_recompute","continuous",4,3,100000,0,4.283,0,100,100,4000,233481204.763,0.000,16.264,1,0,0,0,32,0,32,4050725823050583179
"Windows x86-64","Clang 21.1.0 ","-std=c11 -O3 -Wall -Wextra -Wpedantic","rolling_max","hidden_incremental","continuous",4,3,100000,0,11.589,0,100,100,4400,86288722.064,0.000,43.684,3,0,0,96,0,0,8,1820439831759374474
"Windows x86-64","Clang 21.1.0 ","-std=c11 -O3 -Wall -Wextra -Wpedantic","rolling_max","explicit_incremental","continuous",4,3,100000,0,8.786,0,100,100,400,113817436.831,1778.397,33.287,0,0,0,96,0,0,8,1820439831759374474
"Windows x86-64","Clang 21.1.0 ","-std=c11 -O3 -Wall -Wextra -Wpedantic","rolling_max","full_recompute","continuous",4,3,100000,0,3.444,0,100,100,4700,290360046.458,0.000,13.025,1,0,0,0,16,0,16,1820439831759374474
"Windows x86-64","Clang 21.1.0 ","-std=c11 -O3 -Wall -Wextra -Wpedantic","sliding_mean","hidden_incremental","continuous",4,3,100000,0,5.473,0,100,100,3700,182715147.086,0.000,20.721,1,0,0,40,32,0,8,4050725823050583179
"Windows x86-64","Clang 21.1.0 ","-std=c11 -O3 -Wall -Wextra -Wpedantic","sliding_mean","explicit_incremental","continuous",4,3,100000,0,5.457,0,100,100,3800,183250870.442,0.000,20.638,1,0,0,40,32,0,8,4050725823050583179
"Windows x86-64","Clang 21.1.0 ","-std=c11 -O3 -Wall -Wextra -Wpedantic","rolling_max","hidden_incremental","continuous",4,4,100000,0,11.482,0,100,100,400,87092840.968,0.000,43.566,0,0,0,96,0,0,8,1820439831759374474
"Windows x86-64","Clang 21.1.0 ","-std=c11 -O3 -Wall -Wextra -Wpedantic","rolling_max","explicit_incremental","continuous",4,4,100000,0,8.851,0,100,100,3500,112981584.002,1765.337,33.507,2,0,0,96,0,0,8,1820439831759374474
"Windows x86-64","Clang 21.1.0 ","-std=c11 -O3 -Wall -Wextra -Wpedantic","rolling_max","full_recompute","continuous",4,4,100000,0,3.609,0,100,100,9000,277085065.115,0.000,13.423,1,0,0,0,16,0,16,1820439831759374474
"Windows x86-64","Clang 21.1.0 ","-std=c11 -O3 -Wall -Wextra -Wpedantic","sliding_mean","hidden_incremental","continuous",4,4,100000,0,5.499,0,100,100,4300,181851245.681,0.000,20.805,2,0,0,40,32,0,8,4050725823050583179
"Windows x86-64","Clang 21.1.0 ","-std=c11 -O3 -Wall -Wextra -Wpedantic","sliding_mean","explicit_incremental","continuous",4,4,100000,0,5.445,0,100,100,3100,183654729.109,0.000,20.615,1,0,0,40,32,0,8,4050725823050583179
"Windows x86-64","Clang 21.1.0 ","-std=c11 -O3 -Wall -Wextra -Wpedantic","sliding_mean","full_recompute","continuous",4,4,100000,0,3.433,0,100,100,6400,291290416.545,0.000,12.980,3,0,0,0,32,0,32,4050725823050583179
"Windows x86-64","Clang 21.1.0 ","-std=c11 -O3 -Wall -Wextra -Wpedantic","rolling_max","explicit_incremental","continuous",4,5,100000,0,8.812,0,100,100,3500,113481615.978,1773.150,33.367,1,0,0,96,0,0,8,1820439831759374474
"Windows x86-64","Clang 21.1.0 ","-std=c11 -O3 -Wall -Wextra -Wpedantic","rolling_max","full_recompute","continuous",4,5,100000,0,3.403,0,100,100,3500,293858360.270,0.000,12.919,2,0,0,0,16,0,16,1820439831759374474
"Windows x86-64","Clang 21.1.0 ","-std=c11 -O3 -Wall -Wextra -Wpedantic","sliding_mean","hidden_incremental","continuous",4,5,100000,0,5.475,0,100,100,9500,182648401.826,0.000,20.729,3,0,0,40,32,0,8,4050725823050583179
"Windows x86-64","Clang 21.1.0 ","-std=c11 -O3 -Wall -Wextra -Wpedantic","sliding_mean","explicit_incremental","continuous",4,5,100000,0,5.592,0,100,100,9000,178826895.565,2794.170,21.135,11,0,0,40,32,0,8,4050725823050583179
"Windows x86-64","Clang 21.1.0 ","-std=c11 -O3 -Wall -Wextra -Wpedantic","sliding_mean","full_recompute","continuous",4,5,100000,0,3.478,0,100,100,7200,287521564.117,0.000,13.211,2,0,0,0,32,0,32,4050725823050583179
"Windows x86-64","Clang 21.1.0 ","-std=c11 -O3 -Wall -Wextra -Wpedantic","rolling_max","hidden_incremental","continuous",4,5,100000,0,11.538,0,100,100,4800,86670133.472,0.000,43.779,1,0,0,96,0,0,8,1820439831759374474
"Windows x86-64","Clang 21.1.0 ","-std=c11 -O3 -Wall -Wextra -Wpedantic","rolling_max","full_recompute","continuous",4,6,100000,0,3.833,0,100,100,6300,260892251.500,0.000,14.554,2,0,0,0,16,0,16,1820439831759374474
"Windows x86-64","Clang 21.1.0 ","-std=c11 -O3 -Wall -Wextra -Wpedantic","sliding_mean","hidden_incremental","continuous",4,6,100000,0,5.451,0,100,100,4200,183452577.509,0.000,20.691,2,0,0,40,32,0,8,4050725823050583179
"Windows x86-64","Clang 21.1.0 ","-std=c11 -O3 -Wall -Wextra -Wpedantic","sliding_mean","explicit_incremental","continuous",4,6,100000,0,5.417,0,100,100,400,184604024.368,0.000,20.562,0,0,0,40,32,0,8,4050725823050583179
"Windows x86-64","Clang 21.1.0 ","-std=c11 -O3 -Wall -Wextra -Wpedantic","sliding_mean","full_recompute","continuous",4,6,100000,0,3.608,0,100,100,6200,277161862.528,0.000,13.697,1,0,0,0,32,0,32,4050725823050583179
"Windows x86-64","Clang 21.1.0 ","-std=c11 -O3 -Wall -Wextra -Wpedantic","rolling_max","hidden_incremental","continuous",4,6,100000,0,11.531,0,100,100,7900,86722747.377,0.000,43.680,3,0,0,96,0,0,8,1820439831759374474
"Windows x86-64","Clang 21.1.0 ","-std=c11 -O3 -Wall -Wextra -Wpedantic","rolling_max","explicit_incremental","continuous",4,6,100000,0,8.659,0,100,100,9400,115486776.764,0.000,32.863,3,0,0,96,0,0,8,1820439831759374474
"Windows x86-64","Clang 21.1.0 ","-std=c11 -O3 -Wall -Wextra -Wpedantic","sliding_mean","hidden_incremental","continuous",4,7,100000,0,5.448,0,100,100,6100,183553597.651,0.000,20.683,2,0,0,40,32,0,8,4050725823050583179
"Windows x86-64","Clang 21.1.0 ","-std=c11 -O3 -Wall -Wextra -Wpedantic","sliding_mean","explicit_incremental","continuous",4,7,100000,0,5.417,0,100,100,3500,184604024.368,0.000,20.562,1,0,0,40,32,0,8,4050725823050583179
"Windows x86-64","Clang 21.1.0 ","-std=c11 -O3 -Wall -Wextra -Wpedantic","sliding_mean","full_recompute","continuous",4,7,100000,0,4.062,0,100,100,6800,246184145.741,0.000,15.426,3,0,0,0,32,0,32,4050725823050583179
"Windows x86-64","Clang 21.1.0 ","-std=c11 -O3 -Wall -Wextra -Wpedantic","rolling_max","hidden_incremental","continuous",4,7,100000,0,11.744,0,100,100,6000,85149863.760,0.000,44.473,2,0,0,96,0,0,8,1820439831759374474
"Windows x86-64","Clang 21.1.0 ","-std=c11 -O3 -Wall -Wextra -Wpedantic","rolling_max","explicit_incremental","continuous",4,7,100000,0,9.265,0,100,100,7400,107933081.489,0.000,35.195,4,0,0,96,0,0,8,1820439831759374474
"Windows x86-64","Clang 21.1.0 ","-std=c11 -O3 -Wall -Wextra -Wpedantic","rolling_max","full_recompute","continuous",4,7,100000,0,3.833,0,100,100,9200,260892251.500,0.000,14.561,2,0,0,0,16,0,16,1820439831759374474
"Windows x86-64","Clang 21.1.0 ","-std=c11 -O3 -Wall -Wextra -Wpedantic","sliding_mean","explicit_incremental","continuous",4,8,100000,0,5.434,0,100,100,7300,184026499.816,0.000,20.634,2,0,0,40,32,0,8,4050725823050583179
"Windows x86-64","Clang 21.1.0 ","-std=c11 -O3 -Wall -Wextra -Wpedantic","sliding_mean","full_recompute","continuous",4,8,100000,0,4.059,0,100,100,8000,246366100.025,0.000,15.411,2,0,0,0,32,0,32,4050725823050583179
"Windows x86-64","Clang 21.1.0 ","-std=c11 -O3 -Wall -Wextra -Wpedantic","rolling_max","hidden_incremental","continuous",4,8,100000,0,11.446,0,100,100,7100,87366765.682,0.000,43.441,3,0,0,96,0,0,8,1820439831759374474
"Windows x86-64","Clang 21.1.0 ","-std=c11 -O3 -Wall -Wextra -Wpedantic","rolling_max","explicit_incremental","continuous",4,8,100000,0,8.627,0,100,100,8700,115915150.110,0.000,32.654,2,0,0,96,0,0,8,1820439831759374474
"Windows x86-64","Clang 21.1.0 ","-std=c11 -O3 -Wall -Wextra -Wpedantic","rolling_max","full_recompute","continuous",4,8,100000,0,3.489,0,100,100,3700,286615075.953,0.000,13.181,1,0,0,0,16,0,16,1820439831759374474
"Windows x86-64","Clang 21.1.0 ","-std=c11 -O3 -Wall -Wextra -Wpedantic","sliding_mean","hidden_incremental","continuous",4,8,100000,0,5.801,0,100,100,16100,172384071.712,0.000,21.920,2,1,0,40,32,0,8,4050725823050583179
"Windows x86-64","Clang 21.1.0 ","-std=c11 -O3 -Wall -Wextra -Wpedantic","sliding_mean","full_recompute","continuous",4,9,100000,0,3.618,0,100,100,12300,276395798.784,0.000,13.753,3,2,0,0,32,0,32,4050725823050583179
"Windows x86-64","Clang 21.1.0 ","-std=c11 -O3 -Wall -Wextra -Wpedantic","rolling_max","hidden_incremental","continuous",4,9,100000,0,11.537,0,100,100,7900,86677645.835,0.000,43.676,2,0,0,96,0,0,8,1820439831759374474
"Windows x86-64","Clang 21.1.0 ","-std=c11 -O3 -Wall -Wextra -Wpedantic","rolling_max","explicit_incremental","continuous",4,9,100000,0,8.538,0,100,100,8500,117123448.114,0.000,32.407,2,0,0,96,0,0,8,1820439831759374474
"Windows x86-64","Clang 21.1.0 ","-std=c11 -O3 -Wall -Wextra -Wpedantic","rolling_max","full_recompute","continuous",4,9,100000,0,3.412,0,100,100,15200,293083235.639,0.000,12.957,2,1,0,0,16,0,16,1820439831759374474
"Windows x86-64","Clang 21.1.0 ","-std=c11 -O3 -Wall -Wextra -Wpedantic","sliding_mean","hidden_incremental","continuous",4,9,100000,0,5.447,0,100,100,7500,183587295.759,0.000,20.687,3,0,0,40,32,0,8,4050725823050583179
"Windows x86-64","Clang 21.1.0 ","-std=c11 -O3 -Wall -Wextra -Wpedantic","sliding_mean","explicit_incremental","continuous",4,9,100000,0,5.417,0,100,100,7700,184604024.368,0.000,20.585,2,0,0,40,32,0,8,4050725823050583179
"Windows x86-64","Clang 21.1.0 ","-std=c11 -O3 -Wall -Wextra -Wpedantic","rolling_max","hidden_incremental","continuous",4,10,100000,0,11.572,0,100,100,22100,86415485.655,0.000,43.862,3,1,0,96,0,0,8,1820439831759374474
"Windows x86-64","Clang 21.1.0 ","-std=c11 -O3 -Wall -Wextra -Wpedantic","rolling_max","explicit_incremental","continuous",4,10,100000,0,10.564,0,100,100,8100,94661113.215,0.000,39.785,2,0,0,96,0,0,8,1820439831759374474
"Windows x86-64","Clang 21.1.0 ","-std=c11 -O3 -Wall -Wextra -Wpedantic","rolling_max","full_recompute","continuous",4,10,100000,0,3.407,0,100,100,4700,293513354.858,0.000,12.938,1,0,0,0,16,0,16,1820439831759374474
"Windows x86-64","Clang 21.1.0 ","-std=c11 -O3 -Wall -Wextra -Wpedantic","sliding_mean","hidden_incremental","continuous",4,10,100000,0,5.447,0,100,100,27400,183587295.759,0.000,20.676,2,1,0,40,32,0,8,4050725823050583179
"Windows x86-64","Clang 21.1.0 ","-std=c11 -O3 -Wall -Wextra -Wpedantic","sliding_mean","explicit_incremental","continuous",4,10,100000,0,5.416,0,100,100,7000,184638109.306,0.000,20.569,2,0,0,40,32,0,8,4050725823050583179
"Windows x86-64","Clang 21.1.0 ","-std=c11 -O3 -Wall -Wextra -Wpedantic","sliding_mean","full_recompute","continuous",4,10,100000,0,4.138,0,100,100,6900,241662638.956,0.000,15.559,2,0,0,0,32,0,32,4050725823050583179
"Windows x86-64","Clang 21.1.0 ","-std=c11 -O3 -Wall -Wextra -Wpedantic","rolling_max","explicit_incremental","continuous",4,11,100000,0,9.696,0,100,100,7400,103135313.531,0.000,36.838,3,0,0,96,0,0,8,1820439831759374474
"Windows x86-64","Clang 21.1.0 ","-std=c11 -O3 -Wall -Wextra -Wpedantic","rolling_max","full_recompute","continuous",4,11,100000,0,3.444,0,100,100,7200,290360046.458,0.000,13.082,1,0,0,0,16,0,16,1820439831759374474
"Windows x86-64","Clang 21.1.0 ","-std=c11 -O3 -Wall -Wextra -Wpedantic","sliding_mean","hidden_incremental","continuous",4,11,100000,0,5.490,0,100,100,3800,182149362.477,2846.084,20.759,2,0,0,40,32,0,8,4050725823050583179
"Windows x86-64","Clang 21.1.0 ","-std=c11 -O3 -Wall -Wextra -Wpedantic","sliding_mean","explicit_incremental","continuous",4,11,100000,0,5.451,0,100,100,500,183452577.509,0.000,20.634,0,0,0,40,32,0,8,4050725823050583179
"Windows x86-64","Clang 21.1.0 ","-std=c11 -O3 -Wall -Wextra -Wpedantic","sliding_mean","full_recompute","continuous",4,11,100000,0,4.092,0,100,100,7400,244379276.637,0.000,15.483,2,0,0,0,32,0,32,4050725823050583179
"Windows x86-64","Clang 21.1.0 ","-std=c11 -O3 -Wall -Wextra -Wpedantic","rolling_max","hidden_incremental","continuous",4,11,100000,0,11.531,0,100,100,5400,86722747.377,0.000,43.506,2,0,0,96,0,0,8,1820439831759374474
"Windows x86-64","Clang 21.1.0 ","-std=c11 -O3 -Wall -Wextra -Wpedantic","sliding_mean","hidden_incremental","continuous",16,1,100000,0,5.442,0,100,100,5400,183755972.069,0.000,20.657,1,0,0,40,128,0,8,1775541455223697805
"Windows x86-64","Clang 21.1.0 ","-std=c11 -O3 -Wall -Wextra -Wpedantic","sliding_mean","explicit_incremental","continuous",16,1,100000,0,5.409,0,100,100,400,184877056.757,2888.704,20.539,0,0,0,40,128,0,8,1775541455223697805
"Windows x86-64","Clang 21.1.0 ","-std=c11 -O3 -Wall -Wextra -Wpedantic","sliding_mean","full_recompute","continuous",16,1,100000,0,6.225,0,100,100,5300,160642570.281,0.000,23.714,6,0,0,0,128,0,128,1775541455223697805
"Windows x86-64","Clang 21.1.0 ","-std=c11 -O3 -Wall -Wextra -Wpedantic","rolling_max","hidden_incremental","continuous",16,1,100000,0,12.782,0,100,100,8000,78235017.994,0.000,48.547,2,0,0,240,0,0,8,18439528701114761817
"Windows x86-64","Clang 21.1.0 ","-std=c11 -O3 -Wall -Wextra -Wpedantic","rolling_max","explicit_incremental","continuous",16,1,100000,0,10.596,0,100,100,5400,94375235.938,0.000,40.122,1,0,0,240,0,0,8,18439528701114761817
"Windows x86-64","Clang 21.1.0 ","-std=c11 -O3 -Wall -Wextra -Wpedantic","rolling_max","full_recompute","continuous",16,1,100000,0,10.023,0,100,100,5800,99770527.786,0.000,38.040,2,0,0,0,64,0,64,18439528701114761817
"Windows x86-64","Clang 21.1.0 ","-std=c11 -O3 -Wall -Wextra -Wpedantic","sliding_mean","explicit_incremental","continuous",16,2,100000,0,5.656,0,100,100,4000,176803394.625,0.000,21.339,3,0,0,40,128,0,8,1775541455223697805
"Windows x86-64","Clang 21.1.0 ","-std=c11 -O3 -Wall -Wextra -Wpedantic","sliding_mean","full_recompute","continuous",16,2,100000,0,4.688,0,100,100,6800,213310580.205,0.000,17.637,1,0,0,0,128,0,128,1775541455223697805
"Windows x86-64","Clang 21.1.0 ","-std=c11 -O3 -Wall -Wextra -Wpedantic","rolling_max","hidden_incremental","continuous",16,2,100000,0,13.715,0,100,100,5700,72912869.121,1139.264,51.934,4,0,0,240,0,0,8,18439528701114761817
"Windows x86-64","Clang 21.1.0 ","-std=c11 -O3 -Wall -Wextra -Wpedantic","rolling_max","explicit_incremental","continuous",16,2,100000,0,14.131,0,100,100,9300,70766400.113,0.000,53.550,9,0,0,240,0,0,8,18439528701114761817
"Windows x86-64","Clang 21.1.0 ","-std=c11 -O3 -Wall -Wextra -Wpedantic","rolling_max","full_recompute","continuous",16,2,100000,0,11.168,0,100,100,7100,89541547.278,0.000,42.451,10,0,0,0,64,0,64,18439528701114761817
"Windows x86-64","Clang 21.1.0 ","-std=c11 -O3 -Wall -Wextra -Wpedantic","sliding_mean","hidden_incremental","continuous",16,2,100000,0,5.503,0,100,100,35400,181719062.330,0.000,20.801,10,1,0,40,128,0,8,1775541455223697805
"Windows x86-64","Clang 21.1.0 ","-std=c11 -O3 -Wall -Wextra -Wpedantic","sliding_mean","full_recompute","continuous",16,3,100000,0,4.592,0,100,100,5700,217770034.843,3402.657,17.436,2,0,0,0,128,0,128,1775541455223697805
"Windows x86-64","Clang 21.1.0 ","-std=c11 -O3 -Wall -Wextra -Wpedantic","rolling_max","hidden_incremental","continuous",16,3,100000,0,12.814,0,100,100,15200,78039644.139,0.000,48.338,14,2,0,240,0,0,8,18439528701114761817
"Windows x86-64","Clang 21.1.0 ","-std=c11 -O3 -Wall -Wextra -Wpedantic","rolling_max","explicit_incremental","continuous",16,3,100000,0,10.381,0,100,100,7600,96329833.349,0.000,39.402,2,0,0,240,0,0,8,18439528701114761817
"Windows x86-64","Clang 21.1.0 ","-std=c11 -O3 -Wall -Wextra -Wpedantic","rolling_max","full_recompute","continuous",16,3,100000,0,10.136,0,100,200,934500,98658247.830,0.000,38.503,51,7,2,0,64,0,64,18439528701114761817
"Windows x86-64","Clang 21.1.0 ","-std=c11 -O3 -Wall -Wextra -Wpedantic","sliding_mean","hidden_incremental","continuous",16,3,100000,0,5.534,0,100,100,14700,180701120.347,0.000,20.926,1,1,0,40,128,0,8,1775541455223697805
"Windows x86-64","Clang 21.1.0 ","-std=c11 -O3 -Wall -Wextra -Wpedantic","sliding_mean","explicit_incremental","continuous",16,3,100000,0,5.968,0,100,100,9800,167560321.716,0.000,21.992,1,0,0,40,128,0,8,1775541455223697805
"Windows x86-64","Clang 21.1.0 ","-std=c11 -O3 -Wall -Wextra -Wpedantic","rolling_max","hidden_incremental","continuous",16,4,100000,0,11.495,0,100,100,10900,86994345.368,0.000,43.536,14,1,0,240,0,0,8,18439528701114761817
"Windows x86-64","Clang 21.1.0 ","-std=c11 -O3 -Wall -Wextra -Wpedantic","rolling_max","explicit_incremental","continuous",16,4,100000,0,10.364,0,100,100,17600,96487842.532,0.000,39.333,2,2,0,240,0,0,8,18439528701114761817
"Windows x86-64","Clang 21.1.0 ","-std=c11 -O3 -Wall -Wextra -Wpedantic","rolling_max","full_recompute","continuous",16,4,100000,0,10.095,0,100,100,4800,99058940.069,0.000,38.241,2,0,0,0,64,0,64,18439528701114761817
"Windows x86-64","Clang 21.1.0 ","-std=c11 -O3 -Wall -Wextra -Wpedantic","sliding_mean","hidden_incremental","continuous",16,4,100000,0,5.447,0,100,100,2400,183587295.759,0.000,20.676,1,0,0,40,128,0,8,1775541455223697805
"Windows x86-64","Clang 21.1.0 ","-std=c11 -O3 -Wall -Wextra -Wpedantic","sliding_mean","explicit_incremental","continuous",16,4,100000,0,5.409,0,100,100,4500,184877056.757,0.000,20.535,2,0,0,40,128,0,8,1775541455223697805
"Windows x86-64","Clang 21.1.0 ","-std=c11 -O3 -Wall -Wextra -Wpedantic","sliding_mean","full_recompute","continuous",16,4,100000,0,4.738,0,100,100,4600,211059518.784,0.000,17.990,2,0,0,0,128,0,128,1775541455223697805
"Windows x86-64","Clang 21.1.0 ","-std=c11 -O3 -Wall -Wextra -Wpedantic","rolling_max","explicit_incremental","continuous",16,5,100000,0,10.384,0,100,100,5000,96302003.082,0.000,39.333,2,0,0,240,0,0,8,18439528701114761817
"Windows x86-64","Clang 21.1.0 ","-std=c11 -O3 -Wall -Wextra -Wpedantic","rolling_max","full_recompute","continuous",16,5,100000,0,10.061,0,100,100,4700,99393698.440,0.000,38.104,1,0,0,0,64,0,64,18439528701114761817
"Windows x86-64","Clang 21.1.0 ","-std=c11 -O3 -Wall -Wextra -Wpedantic","sliding_mean","hidden_incremental","continuous",16,5,100000,0,5.626,0,100,100,6100,177746178.457,0.000,21.294,5,0,0,40,128,0,8,1775541455223697805
"Windows x86-64","Clang 21.1.0 ","-std=c11 -O3 -Wall -Wextra -Wpedantic","sliding_mean","explicit_incremental","continuous",16,5,100000,0,5.410,0,100,100,4100,184842883.549,0.000,20.543,1,0,0,40,128,0,8,1775541455223697805
"Windows x86-64","Clang 21.1.0 ","-std=c11 -O3 -Wall -Wextra -Wpedantic","sliding_mean","full_recompute","continuous",16,5,100000,0,5.007,0,100,100,4900,199720391.452,0.000,18.950,2,0,0,0,128,0,128,1775541455223697805
"Windows x86-64","Clang 21.1.0 ","-std=c11 -O3 -Wall -Wextra -Wpedantic","rolling_max","hidden_incremental","continuous",16,5,100000,0,12.531,0,100,100,6600,79802090.815,0.000,47.545,2,0,0,240,0,0,8,18439528701114761817
"Windows x86-64","Clang 21.1.0 ","-std=c11 -O3 -Wall -Wextra -Wpedantic","rolling_max","full_recompute","continuous",16,6,100000,0,10.166,0,100,100,3600,98367106.040,0.000,38.571,3,0,0,0,64,0,64,18439528701114761817
"Windows x86-64","Clang 21.1.0 ","-std=c11 -O3 -Wall -Wextra -Wpedantic","sliding_mean","hidden_incremental","continuous",16,6,100000,0,5.557,0,100,100,9400,179953212.165,0.000,21.100,3,0,0,40,128,0,8,1775541455223697805
"Windows x86-64","Clang 21.1.0 ","-std=c11 -O3 -Wall -Wextra -Wpedantic","sliding_mean","explicit_incremental","continuous",16,6,100000,0,5.409,0,100,100,9900,184877056.757,0.000,20.532,2,0,0,40,128,0,8,1775541455223697805
"Windows x86-64","Clang 21.1.0 ","-std=c11 -O3 -Wall -Wextra -Wpedantic","sliding_mean","full_recompute","continuous",16,6,100000,0,4.785,0,100,100,6900,208986415.883,3265.413,18.089,2,0,0,0,128,0,128,1775541455223697805
"Windows x86-64","Clang 21.1.0 ","-std=c11 -O3 -Wall -Wextra -Wpedantic","rolling_max","hidden_incremental","continuous",16,6,100000,0,12.346,0,100,100,4800,80997894.055,0.000,46.847,1,0,0,240,0,0,8,18439528701114761817
"Windows x86-64","Clang 21.1.0 ","-std=c11 -O3 -Wall -Wextra -Wpedantic","rolling_max","explicit_incremental","continuous",16,6,100000,0,10.495,0,100,100,3900,95283468.318,1488.804,39.754,1,0,0,240,0,0,8,18439528701114761817
"Windows x86-64","Clang 21.1.0 ","-std=c11 -O3 -Wall -Wextra -Wpedantic","sliding_mean","hidden_incremental","continuous",16,7,100000,0,5.443,0,100,100,9300,183722212.015,0.000,20.664,4,0,0,40,128,0,8,1775541455223697805
"Windows x86-64","Clang 21.1.0 ","-std=c11 -O3 -Wall -Wextra -Wpedantic","sliding_mean","explicit_incremental","continuous",16,7,100000,0,5.452,0,100,100,13500,183418928.833,0.000,20.630,3,1,0,40,128,0,8,1775541455223697805
"Windows x86-64","Clang 21.1.0 ","-std=c11 -O3 -Wall -Wextra -Wpedantic","sliding_mean","full_recompute","continuous",16,7,100000,0,4.738,0,100,100,6400,211059518.784,0.000,17.994,2,0,0,0,128,0,128,1775541455223697805
"Windows x86-64","Clang 21.1.0 ","-std=c11 -O3 -Wall -Wextra -Wpedantic","rolling_max","hidden_incremental","continuous",16,7,100000,0,12.288,0,100,100,15300,81380208.333,0.000,46.631,3,1,0,240,0,0,8,18439528701114761817
"Windows x86-64","Clang 21.1.0 ","-std=c11 -O3 -Wall -Wextra -Wpedantic","rolling_max","explicit_incremental","continuous",16,7,100000,0,10.500,0,100,100,7100,95238095.238,1488.095,39.773,2,0,0,240,0,0,8,18439528701114761817
"Windows x86-64","Clang 21.1.0 ","-std=c11 -O3 -Wall -Wextra -Wpedantic","rolling_max","full_recompute","continuous",16,7,100000,0,10.054,0,100,100,7000,99462900.338,0.000,38.104,1,0,0,0,64,0,64,18439528701114761817
"Windows x86-64","Clang 21.1.0 ","-std=c11 -O3 -Wall -Wextra -Wpedantic","sliding_mean","explicit_incremental","continuous",16,8,100000,0,5.450,0,100,100,5600,183486238.532,0.000,20.623,2,0,0,40,128,0,8,1775541455223697805
"Windows x86-64","Clang 21.1.0 ","-std=c11 -O3 -Wall -Wextra -Wpedantic","sliding_mean","full_recompute","continuous",16,8,100000,0,4.769,0,100,100,5600,209687565.527,0.000,18.047,2,0,0,0,128,0,128,1775541455223697805
"Windows x86-64","Clang 21.1.0 ","-std=c11 -O3 -Wall -Wextra -Wpedantic","rolling_max","hidden_incremental","continuous",16,8,100000,0,12.586,0,100,100,5900,79453360.877,0.000,47.758,4,0,0,240,0,0,8,18439528701114761817
"Windows x86-64","Clang 21.1.0 ","-std=c11 -O3 -Wall -Wextra -Wpedantic","rolling_max","explicit_incremental","continuous",16,8,100000,0,10.805,0,100,100,14300,92549745.488,0.000,40.631,5,1,0,240,0,0,8,18439528701114761817
"Windows x86-64","Clang 21.1.0 ","-std=c11 -O3 -Wall -Wextra -Wpedantic","rolling_max","full_recompute","continuous",16,8,100000,0,10.023,0,100,100,6200,99770527.786,0.000,38.040,4,0,0,0,64,0,64,18439528701114761817
"Windows x86-64","Clang 21.1.0 ","-std=c11 -O3 -Wall -Wextra -Wpedantic","sliding_mean","hidden_incremental","continuous",16,8,100000,0,5.446,0,100,100,6800,183621006.243,2869.078,20.679,1,0,0,40,128,0,8,1775541455223697805
"Windows x86-64","Clang 21.1.0 ","-std=c11 -O3 -Wall -Wextra -Wpedantic","sliding_mean","full_recompute","continuous",16,9,100000,0,4.829,0,100,100,1700,207082211.638,0.000,18.244,1,0,0,0,128,0,128,1775541455223697805
"Windows x86-64","Clang 21.1.0 ","-std=c11 -O3 -Wall -Wextra -Wpedantic","rolling_max","hidden_incremental","continuous",16,9,100000,0,12.314,0,100,100,1400,81208380.705,0.000,46.730,1,0,0,240,0,0,8,18439528701114761817
"Windows x86-64","Clang 21.1.0 ","-std=c11 -O3 -Wall -Wextra -Wpedantic","rolling_max","explicit_incremental","continuous",16,9,100000,0,10.594,0,100,100,4400,94393052.671,0.000,40.092,1,0,0,240,0,0,8,18439528701114761817
"Windows x86-64","Clang 21.1.0 ","-std=c11 -O3 -Wall -Wextra -Wpedantic","rolling_max","full_recompute","continuous",16,9,100000,0,10.127,0,100,100,3700,98745926.731,0.000,38.268,2,0,0,0,64,0,64,18439528701114761817
"Windows x86-64","Clang 21.1.0 ","-std=c11 -O3 -Wall -Wextra -Wpedantic","sliding_mean","hidden_incremental","continuous",16,9,100000,0,5.444,0,100,100,400,183688464.364,0.000,20.668,0,0,0,40,128,0,8,1775541455223697805
"Windows x86-64","Clang 21.1.0 ","-std=c11 -O3 -Wall -Wextra -Wpedantic","sliding_mean","explicit_incremental","continuous",16,9,100000,0,5.436,0,100,100,6300,183958793.230,0.000,20.638,2,0,0,40,128,0,8,1775541455223697805
"Windows x86-64","Clang 21.1.0 ","-std=c11 -O3 -Wall -Wextra -Wpedantic","rolling_max","hidden_incremental","continuous",16,10,100000,0,12.581,0,100,100,6300,79484937.604,1241.952,47.708,4,0,0,240,0,0,8,18439528701114761817
"Windows x86-64","Clang 21.1.0 ","-std=c11 -O3 -Wall -Wextra -Wpedantic","rolling_max","explicit_incremental","continuous",16,10,100000,0,10.368,0,100,100,6300,96450617.284,0.000,39.269,5,0,0,240,0,0,8,18439528701114761817
"Windows x86-64","Clang 21.1.0 ","-std=c11 -O3 -Wall -Wextra -Wpedantic","rolling_max","full_recompute","continuous",16,10,100000,0,10.096,0,100,100,5300,99049128.368,0.000,38.343,4,0,0,0,64,0,64,18439528701114761817
"Windows x86-64","Clang 21.1.0 ","-std=c11 -O3 -Wall -Wextra -Wpedantic","sliding_mean","hidden_incremental","continuous",16,10,100000,0,5.460,0,100,100,13000,183150183.150,0.000,20.736,3,1,0,40,128,0,8,1775541455223697805
"Windows x86-64","Clang 21.1.0 ","-std=c11 -O3 -Wall -Wextra -Wpedantic","sliding_mean","explicit_incremental","continuous",16,10,100000,0,5.410,0,100,100,8500,184842883.549,0.000,20.535,8,0,0,40,128,0,8,1775541455223697805
"Windows x86-64","Clang 21.1.0 ","-std=c11 -O3 -Wall -Wextra -Wpedantic","sliding_mean","full_recompute","continuous",16,10,100000,0,4.945,0,100,100,3700,202224469.161,0.000,18.688,3,0,0,0,128,0,128,1775541455223697805
"Windows x86-64","Clang 21.1.0 ","-std=c11 -O3 -Wall -Wextra -Wpedantic","rolling_max","explicit_incremental","continuous",16,11,100000,0,10.434,0,100,100,8700,95840521.372,0.000,39.531,2,0,0,240,0,0,8,18439528701114761817
"Windows x86-64","Clang 21.1.0 ","-std=c11 -O3 -Wall -Wextra -Wpedantic","rolling_max","full_recompute","continuous",16,11,100000,0,10.069,0,100,100,4100,99314728.374,1551.793,38.131,6,0,0,0,64,0,64,18439528701114761817
"Windows x86-64","Clang 21.1.0 ","-std=c11 -O3 -Wall -Wextra -Wpedantic","sliding_mean","hidden_incremental","continuous",16,11,100000,0,5.509,0,100,100,2100,181521147.214,0.000,20.839,1,0,0,40,128,0,8,1775541455223697805
"Windows x86-64","Clang 21.1.0 ","-std=c11 -O3 -Wall -Wextra -Wpedantic","sliding_mean","explicit_incremental","continuous",16,11,100000,0,5.457,0,100,100,8300,183250870.442,0.000,20.642,1,0,0,40,128,0,8,1775541455223697805
"Windows x86-64","Clang 21.1.0 ","-std=c11 -O3 -Wall -Wextra -Wpedantic","sliding_mean","full_recompute","continuous",16,11,100000,0,4.609,0,100,100,10600,216966804.079,0.000,17.505,6,1,0,0,128,0,128,1775541455223697805
"Windows x86-64","Clang 21.1.0 ","-std=c11 -O3 -Wall -Wextra -Wpedantic","rolling_max","hidden_incremental","continuous",16,11,100000,0,11.318,0,100,100,6700,88354833.009,0.000,42.948,4,0,0,240,0,0,8,18439528701114761817
"Windows x86-64","Clang 21.1.0 ","-std=c11 -O3 -Wall -Wextra -Wpedantic","sliding_mean","hidden_incremental","continuous",64,1,100000,0,5.449,0,100,100,4000,183519911.910,2867.499,20.691,4,0,0,40,512,0,8,16408031962924447079
"Windows x86-64","Clang 21.1.0 ","-std=c11 -O3 -Wall -Wextra -Wpedantic","sliding_mean","explicit_incremental","continuous",64,1,100000,0,5.444,0,100,100,3500,183688464.364,0.000,20.672,1,0,0,40,512,0,8,16408031962924447079
"Windows x86-64","Clang 21.1.0 ","-std=c11 -O3 -Wall -Wextra -Wpedantic","sliding_mean","full_recompute","continuous",64,1,100000,0,17.692,100,100,100,5800,56522722.134,883.168,67.079,3,0,0,0,512,0,512,16408031962924447079
"Windows x86-64","Clang 21.1.0 ","-std=c11 -O3 -Wall -Wextra -Wpedantic","rolling_max","hidden_incremental","continuous",64,1,100000,0,12.369,0,100,100,6100,80847279.489,0.000,46.957,2,0,0,816,0,0,8,192850313541761477
"Windows x86-64","Clang 21.1.0 ","-std=c11 -O3 -Wall -Wextra -Wpedantic","rolling_max","explicit_incremental","continuous",64,1,100000,0,9.879,0,100,100,26800,101224820.326,1581.638,37.346,21,5,0,816,0,0,8,192850313541761477
"Windows x86-64","Clang 21.1.0 ","-std=c11 -O3 -Wall -Wextra -Wpedantic","rolling_max","full_recompute","continuous",64,1,100000,0,12.395,0,100,100,4900,80677692.618,0.000,46.790,5,0,0,0,256,0,256,192850313541761477
"Windows x86-64","Clang 21.1.0 ","-std=c11 -O3 -Wall -Wextra -Wpedantic","sliding_mean","explicit_incremental","continuous",64,2,100000,0,5.448,0,100,100,7600,183553597.651,0.000,20.626,3,0,0,40,512,0,8,16408031962924447079
"Windows x86-64","Clang 21.1.0 ","-std=c11 -O3 -Wall -Wextra -Wpedantic","sliding_mean","full_recompute","continuous",64,2,100000,0,17.580,100,100,100,9400,56882821.388,0.000,66.620,7,0,0,0,512,0,512,16408031962924447079
"Windows x86-64","Clang 21.1.0 ","-std=c11 -O3 -Wall -Wextra -Wpedantic","rolling_max","hidden_incremental","continuous",64,2,100000,0,12.237,0,100,100,7000,81719375.664,1276.865,46.324,1,0,0,816,0,0,8,192850313541761477
"Windows x86-64","Clang 21.1.0 ","-std=c11 -O3 -Wall -Wextra -Wpedantic","rolling_max","explicit_incremental","continuous",64,2,100000,0,10.140,0,100,100,15700,98619329.389,0.000,38.393,5,1,0,816,0,0,8,192850313541761477
"Windows x86-64","Clang 21.1.0 ","-std=c11 -O3 -Wall -Wextra -Wpedantic","rolling_max","full_recompute","continuous",64,2,100000,0,12.170,0,100,100,5900,82169268.694,1283.895,46.180,3,0,0,0,256,0,256,192850313541761477
"Windows x86-64","Clang 21.1.0 ","-std=c11 -O3 -Wall -Wextra -Wpedantic","sliding_mean","hidden_incremental","continuous",64,2,100000,0,5.495,0,100,100,4500,181983621.474,0.000,20.782,5,0,0,40,512,0,8,16408031962924447079
"Windows x86-64","Clang 21.1.0 ","-std=c11 -O3 -Wall -Wextra -Wpedantic","sliding_mean","full_recompute","continuous",64,3,100000,0,17.907,100,100,100,5100,55844083.319,872.564,67.898,3,0,0,0,512,0,512,16408031962924447079
"Windows x86-64","Clang 21.1.0 ","-std=c11 -O3 -Wall -Wextra -Wpedantic","rolling_max","hidden_incremental","continuous",64,3,100000,0,10.941,0,100,100,7800,91399323.645,0.000,41.469,1,0,0,816,0,0,8,192850313541761477
"Windows x86-64","Clang 21.1.0 ","-std=c11 -O3 -Wall -Wextra -Wpedantic","rolling_max","explicit_incremental","continuous",64,3,100000,0,10.700,0,100,100,4400,93457943.925,1460.280,40.551,2,0,0,816,0,0,8,192850313541761477
"Windows x86-64","Clang 21.1.0 ","-std=c11 -O3 -Wall -Wextra -Wpedantic","rolling_max","full_recompute","continuous",64,3,100000,0,12.309,0,100,100,27600,81241368.105,0.000,46.654,6,1,0,0,256,0,256,192850313541761477
"Windows x86-64","Clang 21.1.0 ","-std=c11 -O3 -Wall -Wextra -Wpedantic","sliding_mean","hidden_incremental","continuous",64,3,100000,0,5.446,0,100,100,4300,183621006.243,0.000,20.676,2,0,0,40,512,0,8,16408031962924447079
"Windows x86-64","Clang 21.1.0 ","-std=c11 -O3 -Wall -Wextra -Wpedantic","sliding_mean","explicit_incremental","continuous",64,3,100000,0,5.410,0,100,100,27500,184842883.549,0.000,20.539,2,1,0,40,512,0,8,16408031962924447079
"Windows x86-64","Clang 21.1.0 ","-std=c11 -O3 -Wall -Wextra -Wpedantic","rolling_max","hidden_incremental","continuous",64,4,100000,0,12.462,0,100,100,500,80243941.582,0.000,47.234,0,0,0,816,0,0,8,192850313541761477
"Windows x86-64","Clang 21.1.0 ","-std=c11 -O3 -Wall -Wextra -Wpedantic","rolling_max","explicit_incremental","continuous",64,4,100000,0,10.519,0,100,100,4800,95066070.919,0.000,39.292,2,0,0,816,0,0,8,192850313541761477
"Windows x86-64","Clang 21.1.0 ","-std=c11 -O3 -Wall -Wextra -Wpedantic","rolling_max","full_recompute","continuous",64,4,100000,0,12.367,0,100,100,3700,80860354.168,0.000,46.938,1,0,0,0,256,0,256,192850313541761477
"Windows x86-64","Clang 21.1.0 ","-std=c11 -O3 -Wall -Wextra -Wpedantic","sliding_mean","hidden_incremental","continuous",64,4,100000,0,5.498,0,100,100,8900,181884321.571,2841.943,20.789,2,0,0,40,512,0,8,16408031962924447079
"Windows x86-64","Clang 21.1.0 ","-std=c11 -O3 -Wall -Wextra -Wpedantic","sliding_mean","explicit_incremental","continuous",64,4,100000,0,5.408,0,100,100,4300,184911242.604,0.000,20.532,1,0,0,40,512,0,8,16408031962924447079
"Windows x86-64","Clang 21.1.0 ","-std=c11 -O3 -Wall -Wextra -Wpedantic","sliding_mean","full_recompute","continuous",64,4,100000,0,17.671,100,100,100,5700,56589893.045,884.217,66.863,3,0,0,0,512,0,512,16408031962924447079
"Windows x86-64","Clang 21.1.0 ","-std=c11 -O3 -Wall -Wextra -Wpedantic","rolling_max","explicit_incremental","continuous",64,5,100000,0,10.108,0,100,100,4800,98931539.375,0.000,38.381,4,0,0,816,0,0,8,192850313541761477
"Windows x86-64","Clang 21.1.0 ","-std=c11 -O3 -Wall -Wextra -Wpedantic","rolling_max","full_recompute","continuous",64,5,100000,0,12.560,0,100,100,14800,79617834.395,1244.029,46.555,2,2,0,0,256,0,256,192850313541761477
"Windows x86-64","Clang 21.1.0 ","-std=c11 -O3 -Wall -Wextra -Wpedantic","sliding_mean","hidden_incremental","continuous",64,5,100000,0,5.607,0,100,100,7700,178348492.955,0.000,21.123,8,0,0,40,512,0,8,16408031962924447079
"Windows x86-64","Clang 21.1.0 ","-std=c11 -O3 -Wall -Wextra -Wpedantic","sliding_mean","explicit_incremental","continuous",64,5,100000,0,5.492,0,100,100,2100,182083029.862,0.000,20.782,2,0,0,40,512,0,8,16408031962924447079
"Windows x86-64","Clang 21.1.0 ","-std=c11 -O3 -Wall -Wextra -Wpedantic","sliding_mean","full_recompute","continuous",64,5,100000,0,23.745,100,100,100,10000,42114129.290,0.000,90.042,12,0,0,0,512,0,512,16408031962924447079
"Windows x86-64","Clang 21.1.0 ","-std=c11 -O3 -Wall -Wextra -Wpedantic","rolling_max","hidden_incremental","continuous",64,5,100000,0,11.988,0,100,100,5300,83416750.083,1303.387,45.489,5,0,0,816,0,0,8,192850313541761477
"Windows x86-64","Clang 21.1.0 ","-std=c11 -O3 -Wall -Wextra -Wpedantic","rolling_max","full_recompute","continuous",64,6,100000,0,12.390,0,100,100,6300,80710250.202,0.000,46.969,3,0,0,0,256,0,256,192850313541761477
"Windows x86-64","Clang 21.1.0 ","-std=c11 -O3 -Wall -Wextra -Wpedantic","sliding_mean","hidden_incremental","continuous",64,6,100000,0,5.449,0,100,100,1800,183519911.910,0.000,20.687,4,0,0,40,512,0,8,16408031962924447079
"Windows x86-64","Clang 21.1.0 ","-std=c11 -O3 -Wall -Wextra -Wpedantic","sliding_mean","explicit_incremental","continuous",64,6,100000,0,5.410,0,100,100,12300,184842883.549,0.000,20.543,1,1,0,40,512,0,8,16408031962924447079
"Windows x86-64","Clang 21.1.0 ","-std=c11 -O3 -Wall -Wextra -Wpedantic","sliding_mean","full_recompute","continuous",64,6,100000,0,18.173,100,100,100,6100,55026687.944,859.792,68.718,3,0,0,0,512,0,512,16408031962924447079
"Windows x86-64","Clang 21.1.0 ","-std=c11 -O3 -Wall -Wextra -Wpedantic","rolling_max","hidden_incremental","continuous",64,6,100000,0,12.120,0,100,100,500,82508250.825,0.000,45.884,0,0,0,816,0,0,8,192850313541761477
"Windows x86-64","Clang 21.1.0 ","-std=c11 -O3 -Wall -Wextra -Wpedantic","rolling_max","explicit_incremental","continuous",64,6,100000,0,10.598,0,100,100,6400,94357425.929,0.000,39.242,2,0,0,816,0,0,8,192850313541761477
"Windows x86-64","Clang 21.1.0 ","-std=c11 -O3 -Wall -Wextra -Wpedantic","sliding_mean","hidden_incremental","continuous",64,7,100000,0,5.494,0,100,100,5300,182016745.541,0.000,20.880,1,0,0,40,512,0,8,16408031962924447079
"Windows x86-64","Clang 21.1.0 ","-std=c11 -O3 -Wall -Wextra -Wpedantic","sliding_mean","explicit_incremental","continuous",64,7,100000,0,5.410,0,100,100,4500,184842883.549,0.000,20.543,1,0,0,40,512,0,8,16408031962924447079
"Windows x86-64","Clang 21.1.0 ","-std=c11 -O3 -Wall -Wextra -Wpedantic","sliding_mean","full_recompute","continuous",64,7,100000,0,17.577,100,100,100,12100,56892530.011,0.000,66.639,11,1,0,0,512,0,512,16408031962924447079
"Windows x86-64","Clang 21.1.0 ","-std=c11 -O3 -Wall -Wextra -Wpedantic","rolling_max","hidden_incremental","continuous",64,7,100000,0,12.244,0,100,100,7400,81672655.995,0.000,46.203,5,0,0,816,0,0,8,192850313541761477
"Windows x86-64","Clang 21.1.0 ","-std=c11 -O3 -Wall -Wextra -Wpedantic","rolling_max","explicit_incremental","continuous",64,7,100000,0,9.867,0,100,100,12700,101347927.435,0.000,37.452,3,1,0,816,0,0,8,192850313541761477
"Windows x86-64","Clang 21.1.0 ","-std=c11 -O3 -Wall -Wextra -Wpedantic","rolling_max","full_recompute","continuous",64,7,100000,0,12.259,0,100,100,6500,81572722.082,0.000,46.343,7,0,0,0,256,0,256,192850313541761477
"Windows x86-64","Clang 21.1.0 ","-std=c11 -O3 -Wall -Wextra -Wpedantic","sliding_mean","explicit_incremental","continuous",64,8,100000,0,5.408,0,100,100,9600,184911242.604,0.000,20.539,5,0,0,40,512,0,8,16408031962924447079
"Windows x86-64","Clang 21.1.0 ","-std=c11 -O3 -Wall -Wextra -Wpedantic","sliding_mean","full_recompute","continuous",64,8,100000,0,21.254,100,100,100,10100,47049967.065,0.000,80.476,15,1,0,0,512,0,512,16408031962924447079
"Windows x86-64","Clang 21.1.0 ","-std=c11 -O3 -Wall -Wextra -Wpedantic","rolling_max","hidden_incremental","continuous",64,8,100000,0,12.930,0,100,100,6700,77339520.495,0.000,48.987,8,0,0,816,0,0,8,192850313541761477
"Windows x86-64","Clang 21.1.0 ","-std=c11 -O3 -Wall -Wextra -Wpedantic","rolling_max","explicit_incremental","continuous",64,8,100000,0,11.021,0,100,100,5300,90735867.889,0.000,41.890,2,0,0,816,0,0,8,192850313541761477
"Windows x86-64","Clang 21.1.0 ","-std=c11 -O3 -Wall -Wextra -Wpedantic","rolling_max","full_recompute","continuous",64,8,100000,0,12.258,0,100,100,7800,81579376.734,0.000,46.536,3,0,0,0,256,0,256,192850313541761477
"Windows x86-64","Clang 21.1.0 ","-std=c11 -O3 -Wall -Wextra -Wpedantic","sliding_mean","hidden_incremental","continuous",64,8,100000,0,5.494,0,100,100,9200,182016745.541,0.000,20.869,4,0,0,40,512,0,8,16408031962924447079
"Windows x86-64","Clang 21.1.0 ","-std=c11 -O3 -Wall -Wextra -Wpedantic","sliding_mean","full_recompute","continuous",64,9,100000,0,17.875,100,100,100,20200,55944055.944,0.000,67.705,9,2,0,0,512,0,512,16408031962924447079
"Windows x86-64","Clang 21.1.0 ","-std=c11 -O3 -Wall -Wextra -Wpedantic","rolling_max","hidden_incremental","continuous",64,9,100000,0,12.188,0,100,100,9100,82047915.983,0.000,46.191,3,0,0,816,0,0,8,192850313541761477
"Windows x86-64","Clang 21.1.0 ","-std=c11 -O3 -Wall -Wextra -Wpedantic","rolling_max","explicit_incremental","continuous",64,9,100000,0,9.840,0,100,100,400,101626016.260,0.000,37.372,0,0,0,816,0,0,8,192850313541761477
"Windows x86-64","Clang 21.1.0 ","-std=c11 -O3 -Wall -Wextra -Wpedantic","rolling_max","full_recompute","continuous",64,9,100000,0,12.496,0,100,100,7300,80025608.195,0.000,47.458,6,0,0,0,256,0,256,192850313541761477
"Windows x86-64","Clang 21.1.0 ","-std=c11 -O3 -Wall -Wextra -Wpedantic","sliding_mean","hidden_incremental","continuous",64,9,100000,0,5.443,0,100,100,8900,183722212.015,0.000,20.664,2,0,0,40,512,0,8,16408031962924447079
"Windows x86-64","Clang 21.1.0 ","-std=c11 -O3 -Wall -Wextra -Wpedantic","sliding_mean","explicit_incremental","continuous",64,9,100000,0,5.410,0,100,100,13800,184842883.549,0.000,20.539,2,1,0,40,512,0,8,16408031962924447079
"Windows x86-64","Clang 21.1.0 ","-std=c11 -O3 -Wall -Wextra -Wpedantic","rolling_max","hidden_incremental","continuous",64,10,100000,0,12.648,0,100,100,27500,79063883.618,1235.373,47.860,9,2,0,816,0,0,8,192850313541761477
"Windows x86-64","Clang 21.1.0 ","-std=c11 -O3 -Wall -Wextra -Wpedantic","rolling_max","explicit_incremental","continuous",64,10,100000,0,10.008,0,100,100,9700,99920063.949,0.000,37.733,2,0,0,816,0,0,8,192850313541761477
"Windows x86-64","Clang 21.1.0 ","-std=c11 -O3 -Wall -Wextra -Wpedantic","rolling_max","full_recompute","continuous",64,10,100000,0,12.222,0,100,100,7000,81819669.449,0.000,46.305,7,0,0,0,256,0,256,192850313541761477
"Windows x86-64","Clang 21.1.0 ","-std=c11 -O3 -Wall -Wextra -Wpedantic","sliding_mean","hidden_incremental","continuous",64,10,100000,0,5.461,0,100,100,7000,183116645.303,0.000,20.744,3,0,0,40,512,0,8,16408031962924447079
"Windows x86-64","Clang 21.1.0 ","-std=c11 -O3 -Wall -Wextra -Wpedantic","sliding_mean","explicit_incremental","continuous",64,10,100000,0,5.455,0,100,100,4400,183318056.829,0.000,20.645,1,0,0,40,512,0,8,16408031962924447079
"Windows x86-64","Clang 21.1.0 ","-std=c11 -O3 -Wall -Wextra -Wpedantic","sliding_mean","full_recompute","continuous",64,10,100000,0,20.289,100,100,100,14200,49287791.414,0.000,76.687,7,1,0,0,512,0,512,16408031962924447079
"Windows x86-64","Clang 21.1.0 ","-std=c11 -O3 -Wall -Wextra -Wpedantic","rolling_max","explicit_incremental","continuous",64,11,100000,0,10.238,0,100,100,4700,97675327.212,0.000,38.764,3,0,0,816,0,0,8,192850313541761477
"Windows x86-64","Clang 21.1.0 ","-std=c11 -O3 -Wall -Wextra -Wpedantic","rolling_max","full_recompute","continuous",64,11,100000,0,12.405,0,100,100,4600,80612656.187,0.000,46.798,4,0,0,0,256,0,256,192850313541761477
"Windows x86-64","Clang 21.1.0 ","-std=c11 -O3 -Wall -Wextra -Wpedantic","sliding_mean","hidden_incremental","continuous",64,11,100000,0,5.547,0,100,100,5800,180277627.546,0.000,20.968,1,0,0,40,512,0,8,16408031962924447079
"Windows x86-64","Clang 21.1.0 ","-std=c11 -O3 -Wall -Wextra -Wpedantic","sliding_mean","explicit_incremental","continuous",64,11,100000,0,5.580,0,100,100,6500,179211469.534,0.000,21.100,1,0,0,40,512,0,8,16408031962924447079
"Windows x86-64","Clang 21.1.0 ","-std=c11 -O3 -Wall -Wextra -Wpedantic","sliding_mean","full_recompute","continuous",64,11,100000,0,17.618,100,100,100,9400,56760131.684,0.000,66.768,5,0,0,0,512,0,512,16408031962924447079
"Windows x86-64","Clang 21.1.0 ","-std=c11 -O3 -Wall -Wextra -Wpedantic","rolling_max","hidden_incremental","continuous",64,11,100000,0,12.824,0,100,100,20300,77978789.769,0.000,47.974,6,1,0,816,0,0,8,192850313541761477
"Windows x86-64","Clang 21.1.0 ","-std=c11 -O3 -Wall -Wextra -Wpedantic","sliding_mean","hidden_incremental","continuous",256,1,100000,0,5.478,0,100,100,7800,182548375.319,0.000,20.736,5,0,0,40,2048,0,8,7229013445563576458
"Windows x86-64","Clang 21.1.0 ","-std=c11 -O3 -Wall -Wextra -Wpedantic","sliding_mean","explicit_incremental","continuous",256,1,100000,0,5.454,0,100,100,6200,183351668.500,2864.870,20.645,1,0,0,40,2048,0,8,7229013445563576458
"Windows x86-64","Clang 21.1.0 ","-std=c11 -O3 -Wall -Wextra -Wpedantic","sliding_mean","full_recompute","continuous",256,1,100000,0,138.014,200,200,200,8100,7245641.746,113.213,521.940,43,0,0,0,2048,0,2048,7229013445563576458
"Windows x86-64","Clang 21.1.0 ","-std=c11 -O3 -Wall -Wextra -Wpedantic","rolling_max","hidden_incremental","continuous",256,1,100000,0,12.281,0,100,100,4200,81426593.926,0.000,46.533,1,0,0,3120,0,0,8,5381080079370116239
"Windows x86-64","Clang 21.1.0 ","-std=c11 -O3 -Wall -Wextra -Wpedantic","rolling_max","explicit_incremental","continuous",256,1,100000,0,9.591,0,100,100,7500,104264414.555,0.000,36.405,3,0,0,3120,0,0,8,5381080079370116239
"Windows x86-64","Clang 21.1.0 ","-std=c11 -O3 -Wall -Wextra -Wpedantic","rolling_max","full_recompute","continuous",256,1,100000,0,28.834,0,100,100,5000,34681279.046,0.000,109.257,5,0,0,0,1024,0,1024,5381080079370116239
"Windows x86-64","Clang 21.1.0 ","-std=c11 -O3 -Wall -Wextra -Wpedantic","sliding_mean","explicit_incremental","continuous",256,2,100000,0,5.483,0,100,100,9900,182381907.715,0.000,20.763,3,0,0,40,2048,0,8,7229013445563576458
"Windows x86-64","Clang 21.1.0 ","-std=c11 -O3 -Wall -Wextra -Wpedantic","sliding_mean","full_recompute","continuous",256,2,100000,0,138.994,200,200,200,11600,7194555.161,112.415,526.264,33,1,0,0,2048,0,2048,7229013445563576458
"Windows x86-64","Clang 21.1.0 ","-std=c11 -O3 -Wall -Wextra -Wpedantic","rolling_max","hidden_incremental","continuous",256,2,100000,0,13.722,0,100,100,16400,72875674.100,0.000,51.869,6,1,0,3120,0,0,8,5381080079370116239
"Windows x86-64","Clang 21.1.0 ","-std=c11 -O3 -Wall -Wextra -Wpedantic","rolling_max","explicit_incremental","continuous",256,2,100000,0,9.644,0,100,100,20000,103691414.351,0.000,36.599,1,1,0,3120,0,0,8,5381080079370116239
"Windows x86-64","Clang 21.1.0 ","-std=c11 -O3 -Wall -Wextra -Wpedantic","rolling_max","full_recompute","continuous",256,2,100000,0,30.029,0,100,100,9400,33301142.229,0.000,113.771,6,0,0,0,1024,0,1024,5381080079370116239
"Windows x86-64","Clang 21.1.0 ","-std=c11 -O3 -Wall -Wextra -Wpedantic","sliding_mean","hidden_incremental","continuous",256,2,100000,0,5.531,0,100,100,400,180799132.164,0.000,20.930,0,0,0,40,2048,0,8,7229013445563576458
"Windows x86-64","Clang 21.1.0 ","-std=c11 -O3 -Wall -Wextra -Wpedantic","sliding_mean","full_recompute","continuous",256,3,100000,0,138.502,200,200,300,29400,7220112.345,112.814,522.736,54,6,0,0,2048,0,2048,7229013445563576458
"Windows x86-64","Clang 21.1.0 ","-std=c11 -O3 -Wall -Wextra -Wpedantic","rolling_max","hidden_incremental","continuous",256,3,100000,0,12.766,0,100,100,22700,78333072.223,0.000,48.072,4,2,0,3120,0,0,8,5381080079370116239
"Windows x86-64","Clang 21.1.0 ","-std=c11 -O3 -Wall -Wextra -Wpedantic","rolling_max","explicit_incremental","continuous",256,3,100000,0,11.139,0,100,100,4400,89774665.589,0.000,42.205,1,0,0,3120,0,0,8,5381080079370116239
"Windows x86-64","Clang 21.1.0 ","-std=c11 -O3 -Wall -Wextra -Wpedantic","rolling_max","full_recompute","continuous",256,3,100000,0,31.182,0,100,100,19000,32069783.850,0.000,118.171,6,3,0,0,1024,0,1024,5381080079370116239
"Windows x86-64","Clang 21.1.0 ","-std=c11 -O3 -Wall -Wextra -Wpedantic","sliding_mean","hidden_incremental","continuous",256,3,100000,0,5.526,0,100,100,12000,180962721.679,0.000,20.884,4,1,0,40,2048,0,8,7229013445563576458
"Windows x86-64","Clang 21.1.0 ","-std=c11 -O3 -Wall -Wextra -Wpedantic","sliding_mean","explicit_incremental","continuous",256,3,100000,0,5.466,0,100,100,7300,182949140.139,0.000,20.660,2,0,0,40,2048,0,8,7229013445563576458
"Windows x86-64","Clang 21.1.0 ","-std=c11 -O3 -Wall -Wextra -Wpedantic","rolling_max","hidden_incremental","continuous",256,4,100000,0,12.749,0,100,100,9800,78437524.512,0.000,48.463,5,0,0,3120,0,0,8,5381080079370116239
"Windows x86-64","Clang 21.1.0 ","-std=c11 -O3 -Wall -Wextra -Wpedantic","rolling_max","explicit_incremental","continuous",256,4,100000,0,11.573,0,100,100,7700,86408018.664,0.000,43.532,7,0,0,3120,0,0,8,5381080079370116239
"Windows x86-64","Clang 21.1.0 ","-std=c11 -O3 -Wall -Wextra -Wpedantic","rolling_max","full_recompute","continuous",256,4,100000,0,32.177,100,100,100,11900,31078099.263,485.595,121.873,20,1,0,0,1024,0,1024,5381080079370116239
"Windows x86-64","Clang 21.1.0 ","-std=c11 -O3 -Wall -Wextra -Wpedantic","sliding_mean","hidden_incremental","continuous",256,4,100000,0,5.508,0,100,100,1100,181554103.123,0.000,20.934,1,0,0,40,2048,0,8,7229013445563576458
"Windows x86-64","Clang 21.1.0 ","-std=c11 -O3 -Wall -Wextra -Wpedantic","sliding_mean","explicit_incremental","continuous",256,4,100000,0,5.410,0,100,100,19100,184842883.549,0.000,20.566,3,2,0,40,2048,0,8,7229013445563576458
"Windows x86-64","Clang 21.1.0 ","-std=c11 -O3 -Wall -Wextra -Wpedantic","sliding_mean","full_recompute","continuous",256,4,100000,0,141.166,200,200,300,32600,7083858.720,110.685,532.158,30,7,0,0,2048,0,2048,7229013445563576458
"Windows x86-64","Clang 21.1.0 ","-std=c11 -O3 -Wall -Wextra -Wpedantic","rolling_max","explicit_incremental","continuous",256,5,100000,0,10.609,0,100,100,6500,94259590.913,0.000,40.289,3,0,0,3120,0,0,8,5381080079370116239
"Windows x86-64","Clang 21.1.0 ","-std=c11 -O3 -Wall -Wextra -Wpedantic","rolling_max","full_recompute","continuous",256,5,100000,0,29.738,100,100,100,10500,33627009.214,0.000,112.542,17,1,0,0,1024,0,1024,5381080079370116239
"Windows x86-64","Clang 21.1.0 ","-std=c11 -O3 -Wall -Wextra -Wpedantic","sliding_mean","hidden_incremental","continuous",256,5,100000,0,5.706,0,100,100,6700,175254118.472,0.000,21.301,2,0,0,40,2048,0,8,7229013445563576458
"Windows x86-64","Clang 21.1.0 ","-std=c11 -O3 -Wall -Wextra -Wpedantic","sliding_mean","explicit_incremental","continuous",256,5,100000,0,5.403,0,100,100,8200,185082361.651,0.000,20.520,1,0,0,40,2048,0,8,7229013445563576458
"Windows x86-64","Clang 21.1.0 ","-std=c11 -O3 -Wall -Wextra -Wpedantic","sliding_mean","full_recompute","continuous",256,5,100000,0,136.981,200,200,200,35600,7300282.521,114.067,518.977,33,4,0,0,2048,0,2048,7229013445563576458
"Windows x86-64","Clang 21.1.0 ","-std=c11 -O3 -Wall -Wextra -Wpedantic","rolling_max","hidden_incremental","continuous",256,5,100000,0,13.011,0,100,100,400,76858043.194,1200.907,49.305,0,0,0,3120,0,0,8,5381080079370116239
"Windows x86-64","Clang 21.1.0 ","-std=c11 -O3 -Wall -Wextra -Wpedantic","rolling_max","full_recompute","continuous",256,6,100000,0,28.563,0,100,100,9700,35010328.047,0.000,108.127,23,0,0,0,1024,0,1024,5381080079370116239
"Windows x86-64","Clang 21.1.0 ","-std=c11 -O3 -Wall -Wextra -Wpedantic","sliding_mean","hidden_incremental","continuous",256,6,100000,0,5.565,0,100,100,12000,179694519.317,0.000,21.036,11,1,0,40,2048,0,8,7229013445563576458
"Windows x86-64","Clang 21.1.0 ","-std=c11 -O3 -Wall -Wextra -Wpedantic","sliding_mean","explicit_incremental","continuous",256,6,100000,0,5.630,0,100,100,8900,177619893.428,0.000,21.271,8,0,0,40,2048,0,8,7229013445563576458
"Windows x86-64","Clang 21.1.0 ","-std=c11 -O3 -Wall -Wextra -Wpedantic","sliding_mean","full_recompute","continuous",256,6,100000,0,139.198,200,200,200,19500,7184011.265,0.000,527.018,72,4,0,0,2048,0,2048,7229013445563576458
"Windows x86-64","Clang 21.1.0 ","-std=c11 -O3 -Wall -Wextra -Wpedantic","rolling_max","hidden_incremental","continuous",256,6,100000,0,12.361,0,100,100,9100,80899603.592,0.000,46.825,6,0,0,3120,0,0,8,5381080079370116239
"Windows x86-64","Clang 21.1.0 ","-std=c11 -O3 -Wall -Wextra -Wpedantic","rolling_max","explicit_incremental","continuous",256,6,100000,0,9.697,0,100,100,7500,103124677.735,0.000,36.811,4,0,0,3120,0,0,8,5381080079370116239
"Windows x86-64","Clang 21.1.0 ","-std=c11 -O3 -Wall -Wextra -Wpedantic","sliding_mean","hidden_incremental","continuous",256,7,100000,0,5.452,0,100,100,6200,183418928.833,0.000,20.702,4,0,0,40,2048,0,8,7229013445563576458
"Windows x86-64","Clang 21.1.0 ","-std=c11 -O3 -Wall -Wextra -Wpedantic","sliding_mean","explicit_incremental","continuous",256,7,100000,0,5.555,0,100,100,7300,180018001.800,0.000,21.119,10,0,0,40,2048,0,8,7229013445563576458
"Windows x86-64","Clang 21.1.0 ","-std=c11 -O3 -Wall -Wextra -Wpedantic","sliding_mean","full_recompute","continuous",256,7,100000,0,139.035,200,200,200,15500,7192433.560,0.000,526.480,33,6,0,0,2048,0,2048,7229013445563576458
"Windows x86-64","Clang 21.1.0 ","-std=c11 -O3 -Wall -Wextra -Wpedantic","rolling_max","hidden_incremental","continuous",256,7,100000,0,12.152,0,100,100,14700,82290980.908,0.000,46.058,24,1,0,3120,0,0,8,5381080079370116239
"Windows x86-64","Clang 21.1.0 ","-std=c11 -O3 -Wall -Wextra -Wpedantic","rolling_max","explicit_incremental","continuous",256,7,100000,0,9.811,0,100,100,4500,101926409.133,0.000,36.993,4,0,0,3120,0,0,8,5381080079370116239
"Windows x86-64","Clang 21.1.0 ","-std=c11 -O3 -Wall -Wextra -Wpedantic","rolling_max","full_recompute","continuous",256,7,100000,0,28.953,0,100,100,9200,34538735.192,0.000,109.659,4,0,0,0,1024,0,1024,5381080079370116239
"Windows x86-64","Clang 21.1.0 ","-std=c11 -O3 -Wall -Wextra -Wpedantic","sliding_mean","explicit_incremental","continuous",256,8,100000,0,5.535,0,100,100,5500,180668473.351,0.000,20.918,2,0,0,40,2048,0,8,7229013445563576458
"Windows x86-64","Clang 21.1.0 ","-std=c11 -O3 -Wall -Wextra -Wpedantic","sliding_mean","full_recompute","continuous",256,8,100000,0,138.267,200,200,200,80900,7232383.721,113.006,522.584,35,6,0,0,2048,0,2048,7229013445563576458
"Windows x86-64","Clang 21.1.0 ","-std=c11 -O3 -Wall -Wextra -Wpedantic","rolling_max","hidden_incremental","continuous",256,8,100000,0,13.043,0,100,100,60200,76669477.881,0.000,49.332,22,3,0,3120,0,0,8,5381080079370116239
"Windows x86-64","Clang 21.1.0 ","-std=c11 -O3 -Wall -Wextra -Wpedantic","rolling_max","explicit_incremental","continuous",256,8,100000,0,10.247,0,100,100,13100,97589538.401,0.000,38.658,15,1,0,3120,0,0,8,5381080079370116239
"Windows x86-64","Clang 21.1.0 ","-std=c11 -O3 -Wall -Wextra -Wpedantic","rolling_max","full_recompute","continuous",256,8,100000,0,41.058,100,100,100,87200,24355789.371,380.559,152.039,43,8,0,0,1024,0,1024,5381080079370116239
"Windows x86-64","Clang 21.1.0 ","-std=c11 -O3 -Wall -Wextra -Wpedantic","sliding_mean","hidden_incremental","continuous",256,8,100000,0,6.634,0,100,100,41100,150738619.234,0.000,24.579,10,4,0,40,2048,0,8,7229013445563576458
"Windows x86-64","Clang 21.1.0 ","-std=c11 -O3 -Wall -Wextra -Wpedantic","sliding_mean","full_recompute","continuous",256,9,100000,0,150.775,200,300,300,157200,6632399.270,103.631,567.573,152,67,2,0,2048,0,2048,7229013445563576458
"Windows x86-64","Clang 21.1.0 ","-std=c11 -O3 -Wall -Wextra -Wpedantic","rolling_max","hidden_incremental","continuous",256,9,100000,0,15.154,0,100,100,82000,65989177.775,0.000,54.934,24,12,0,3120,0,0,8,5381080079370116239
"Windows x86-64","Clang 21.1.0 ","-std=c11 -O3 -Wall -Wextra -Wpedantic","rolling_max","explicit_incremental","continuous",256,9,100000,0,17.493,0,100,100,28000,57165723.432,0.000,61.246,5,3,0,3120,0,0,8,5381080079370116239
"Windows x86-64","Clang 21.1.0 ","-std=c11 -O3 -Wall -Wextra -Wpedantic","rolling_max","full_recompute","continuous",256,9,100000,0,49.544,100,100,100,261700,20184078.799,0.000,163.603,32,15,1,0,1024,0,1024,5381080079370116239
"Windows x86-64","Clang 21.1.0 ","-std=c11 -O3 -Wall -Wextra -Wpedantic","sliding_mean","hidden_incremental","continuous",256,9,100000,0,6.317,0,100,100,278900,158302991.927,0.000,24.044,17,5,1,40,2048,0,8,7229013445563576458
"Windows x86-64","Clang 21.1.0 ","-std=c11 -O3 -Wall -Wextra -Wpedantic","sliding_mean","explicit_incremental","continuous",256,9,100000,0,15.392,0,100,100,597100,64968814.969,0.000,24.931,16,11,1,40,2048,0,8,7229013445563576458
"Windows x86-64","Clang 21.1.0 ","-std=c11 -O3 -Wall -Wextra -Wpedantic","rolling_max","hidden_incremental","continuous",256,10,100000,0,14.106,0,100,100,55100,70891819.084,0.000,53.531,23,4,0,3120,0,0,8,5381080079370116239
"Windows x86-64","Clang 21.1.0 ","-std=c11 -O3 -Wall -Wextra -Wpedantic","rolling_max","explicit_incremental","continuous",256,10,100000,0,14.410,0,100,100,86500,69396252.602,0.000,51.501,19,10,0,3120,0,0,8,5381080079370116239
"Windows x86-64","Clang 21.1.0 ","-std=c11 -O3 -Wall -Wextra -Wpedantic","rolling_max","full_recompute","continuous",256,10,100000,0,44.542,100,100,100,328700,22450720.668,0.000,144.392,35,25,7,0,1024,0,1024,5381080079370116239
"Windows x86-64","Clang 21.1.0 ","-std=c11 -O3 -Wall -Wextra -Wpedantic","sliding_mean","hidden_incremental","continuous",256,10,100000,0,7.693,0,100,100,262900,129988301.053,0.000,24.086,18,5,1,40,2048,0,8,7229013445563576458
"Windows x86-64","Clang 21.1.0 ","-std=c11 -O3 -Wall -Wextra -Wpedantic","sliding_mean","explicit_incremental","continuous",256,10,100000,0,5.734,0,100,100,277200,174398325.776,0.000,21.787,33,14,1,40,2048,0,8,7229013445563576458
"Windows x86-64","Clang 21.1.0 ","-std=c11 -O3 -Wall -Wextra -Wpedantic","sliding_mean","full_recompute","continuous",256,10,100000,0,218.887,200,200,300,674200,4568567.343,142.768,552.750,245,150,12,0,2048,0,2048,7229013445563576458
"Windows x86-64","Clang 21.1.0 ","-std=c11 -O3 -Wall -Wextra -Wpedantic","rolling_max","explicit_incremental","continuous",256,11,100000,0,20.907,0,100,100,1978800,47830870.044,0.000,48.368,37,13,6,3120,0,0,8,5381080079370116239
"Windows x86-64","Clang 21.1.0 ","-std=c11 -O3 -Wall -Wextra -Wpedantic","rolling_max","full_recompute","continuous",256,11,100000,0,58.780,100,100,100,969800,17012589.316,0.000,143.504,38,23,4,0,1024,0,1024,5381080079370116239
"Windows x86-64","Clang 21.1.0 ","-std=c11 -O3 -Wall -Wextra -Wpedantic","sliding_mean","hidden_incremental","continuous",256,11,100000,0,6.563,0,100,100,137400,152369343.288,0.000,22.576,24,17,1,40,2048,0,8,7229013445563576458
"Windows x86-64","Clang 21.1.0 ","-std=c11 -O3 -Wall -Wextra -Wpedantic","sliding_mean","explicit_incremental","continuous",256,11,100000,0,5.635,0,100,100,216900,177462289.264,0.000,21.430,19,8,2,40,2048,0,8,7229013445563576458
"Windows x86-64","Clang 21.1.0 ","-std=c11 -O3 -Wall -Wextra -Wpedantic","sliding_mean","full_recompute","continuous",256,11,100000,0,196.997,200,200,300,527300,5076219.435,0.000,562.521,206,118,14,0,2048,0,2048,7229013445563576458
"Windows x86-64","Clang 21.1.0 ","-std=c11 -O3 -Wall -Wextra -Wpedantic","rolling_max","hidden_incremental","continuous",256,11,100000,0,16.056,0,100,100,542500,62282012.955,973.156,55.882,35,24,8,3120,0,0,8,5381080079370116239
"Windows x86-64","Clang 21.1.0 ","-std=c11 -O3 -Wall -Wextra -Wpedantic","sliding_mean","hidden_incremental","continuous",1024,1,100000,0,10.951,0,100,100,40200,91315861.565,0.000,25.079,109,7,0,40,8192,0,8,2446427139198031174
"Windows x86-64","Clang 21.1.0 ","-std=c11 -O3 -Wall -Wextra -Wpedantic","sliding_mean","explicit_incremental","continuous",1024,1,100000,0,14.305,0,100,100,118200,69905627.403,0.000,23.900,211,14,1,40,8192,0,8,2446427139198031174
"Windows x86-64","Clang 21.1.0 ","-std=c11 -O3 -Wall -Wextra -Wpedantic","sliding_mean","full_recompute","continuous",1024,1,100000,0,1062.789,700,800,2100,9395700,940920.540,88.211,2720.935,1884,385,68,0,8192,0,8192,2446427139198031174
"Windows x86-64","Clang 21.1.0 ","-std=c11 -O3 -Wall -Wextra -Wpedantic","rolling_max","hidden_incremental","continuous",1024,1,100000,0,21.395,0,100,100,485700,46739892.498,0.000,53.144,18,7,2,12336,0,0,8,16630142931858899245
"Windows x86-64","Clang 21.1.0 ","-std=c11 -O3 -Wall -Wextra -Wpedantic","rolling_max","explicit_incremental","continuous",1024,1,100000,0,13.014,0,100,100,30100,76840325.803,0.000,49.059,17,2,0,12336,0,0,8,16630142931858899245
"Windows x86-64","Clang 21.1.0 ","-std=c11 -O3 -Wall -Wextra -Wpedantic","rolling_max","full_recompute","continuous",1024,1,100000,0,218.912,200,200,300,3592900,4568045.607,142.751,590.995,60,20,2,0,4096,0,4096,16630142931858899245
"Windows x86-64","Clang 21.1.0 ","-std=c11 -O3 -Wall -Wextra -Wpedantic","sliding_mean","explicit_incremental","continuous",1024,2,100000,0,5.631,0,100,100,65800,177588350.204,0.000,21.430,20,15,0,40,8192,0,8,2446427139198031174
"Windows x86-64","Clang 21.1.0 ","-std=c11 -O3 -Wall -Wextra -Wpedantic","sliding_mean","full_recompute","continuous",1024,2,100000,0,784.370,700,800,900,1023000,1274908.525,99.602,2697.798,657,155,8,0,8192,0,8192,2446427139198031174
"Windows x86-64","Clang 21.1.0 ","-std=c11 -O3 -Wall -Wextra -Wpedantic","rolling_max","hidden_incremental","continuous",1024,2,100000,0,12.385,0,100,100,7600,80742834.073,0.000,46.840,27,0,0,12336,0,0,8,16630142931858899245
"Windows x86-64","Clang 21.1.0 ","-std=c11 -O3 -Wall -Wextra -Wpedantic","rolling_max","explicit_incremental","continuous",1024,2,100000,0,15.310,0,100,100,8300,65316786.414,0.000,52.514,9,0,0,12336,0,0,8,16630142931858899245
"Windows x86-64","Clang 21.1.0 ","-std=c11 -O3 -Wall -Wextra -Wpedantic","rolling_max","full_recompute","continuous",1024,2,100000,0,133.762,100,200,200,20100,7475964.773,116.812,477.125,38,4,0,0,4096,0,4096,16630142931858899245
"Windows x86-64","Clang 21.1.0 ","-std=c11 -O3 -Wall -Wextra -Wpedantic","sliding_mean","hidden_incremental","continuous",1024,2,100000,0,6.102,0,100,100,43700,163880694.854,0.000,23.213,22,4,0,40,8192,0,8,2446427139198031174
"Windows x86-64","Clang 21.1.0 ","-std=c11 -O3 -Wall -Wextra -Wpedantic","sliding_mean","full_recompute","continuous",1024,3,100000,0,678.369,700,800,1000,514900,1474123.965,115.166,2544.822,555,113,2,0,8192,0,8192,2446427139198031174
"Windows x86-64","Clang 21.1.0 ","-std=c11 -O3 -Wall -Wextra -Wpedantic","rolling_max","hidden_incremental","continuous",1024,3,100000,0,13.468,0,100,100,25400,74250074.250,0.000,49.400,4,3,0,12336,0,0,8,16630142931858899245
"Windows x86-64","Clang 21.1.0 ","-std=c11 -O3 -Wall -Wextra -Wpedantic","rolling_max","explicit_incremental","continuous",1024,3,100000,0,10.472,0,100,100,18100,95492742.552,0.000,39.489,11,4,0,12336,0,0,8,16630142931858899245
"Windows x86-64","Clang 21.1.0 ","-std=c11 -O3 -Wall -Wextra -Wpedantic","rolling_max","full_recompute","continuous",1024,3,100000,0,137.667,200,200,200,14400,7263904.930,113.499,521.010,17,8,0,0,4096,0,4096,16630142931858899245
"Windows x86-64","Clang 21.1.0 ","-std=c11 -O3 -Wall -Wextra -Wpedantic","sliding_mean","hidden_incremental","continuous",1024,3,100000,0,5.459,0,100,100,41100,183183733.284,0.000,20.736,4,2,0,40,8192,0,8,2446427139198031174
"Windows x86-64","Clang 21.1.0 ","-std=c11 -O3 -Wall -Wextra -Wpedantic","sliding_mean","explicit_incremental","continuous",1024,3,100000,0,5.479,0,100,100,14200,182515057.492,0.000,20.827,16,3,0,40,8192,0,8,2446427139198031174
"Windows x86-64","Clang 21.1.0 ","-std=c11 -O3 -Wall -Wextra -Wpedantic","rolling_max","hidden_incremental","continuous",1024,4,100000,0,13.362,0,100,100,25700,74839095.944,0.000,50.781,12,2,0,12336,0,0,8,16630142931858899245
"Windows x86-64","Clang 21.1.0 ","-std=c11 -O3 -Wall -Wextra -Wpedantic","rolling_max","explicit_incremental","continuous",1024,4,100000,0,11.596,0,100,100,19700,86236633.322,0.000,44.063,3,1,0,12336,0,0,8,16630142931858899245
"Windows x86-64","Clang 21.1.0 ","-std=c11 -O3 -Wall -Wextra -Wpedantic","rolling_max","full_recompute","continuous",1024,4,100000,0,124.209,100,200,300,60200,8050946.389,125.796,469.289,70,16,0,0,4096,0,4096,16630142931858899245
"Windows x86-64","Clang 21.1.0 ","-std=c11 -O3 -Wall -Wextra -Wpedantic","sliding_mean","hidden_incremental","continuous",1024,4,100000,0,5.560,0,100,100,800,179856115.108,0.000,21.127,0,0,0,40,8192,0,8,2446427139198031174
"Windows x86-64","Clang 21.1.0 ","-std=c11 -O3 -Wall -Wextra -Wpedantic","sliding_mean","explicit_incremental","continuous",1024,4,100000,0,5.553,0,100,100,10300,180082838.106,0.000,21.150,2,1,0,40,8192,0,8,2446427139198031174
"Windows x86-64","Clang 21.1.0 ","-std=c11 -O3 -Wall -Wextra -Wpedantic","sliding_mean","full_recompute","continuous",1024,4,100000,0,668.164,700,800,900,83000,1496638.550,116.925,2499.769,255,48,0,0,8192,0,8192,2446427139198031174
"Windows x86-64","Clang 21.1.0 ","-std=c11 -O3 -Wall -Wextra -Wpedantic","rolling_max","explicit_incremental","continuous",1024,5,100000,0,11.645,0,100,100,9600,85873765.565,0.000,44.226,2,0,0,12336,0,0,8,16630142931858899245
"Windows x86-64","Clang 21.1.0 ","-std=c11 -O3 -Wall -Wextra -Wpedantic","rolling_max","full_recompute","continuous",1024,5,100000,0,115.897,100,200,200,270500,8628351.036,134.818,437.921,22,15,2,0,4096,0,4096,16630142931858899245
"Windows x86-64","Clang 21.1.0 ","-std=c11 -O3 -Wall -Wextra -Wpedantic","sliding_mean","hidden_incremental","continuous",1024,5,100000,0,5.787,0,100,100,10100,172801105.927,0.000,21.912,1,1,0,40,8192,0,8,2446427139198031174
"Windows x86-64","Clang 21.1.0 ","-std=c11 -O3 -Wall -Wextra -Wpedantic","sliding_mean","explicit_incremental","continuous",1024,5,100000,0,5.393,0,100,100,6100,185425551.641,0.000,20.475,2,0,0,40,8192,0,8,2446427139198031174
"Windows x86-64","Clang 21.1.0 ","-std=c11 -O3 -Wall -Wextra -Wpedantic","sliding_mean","full_recompute","continuous",1024,5,100000,0,660.853,700,800,900,41700,1513195.824,94.575,2500.539,169,20,0,0,8192,0,8192,2446427139198031174
"Windows x86-64","Clang 21.1.0 ","-std=c11 -O3 -Wall -Wextra -Wpedantic","rolling_max","hidden_incremental","continuous",1024,5,100000,0,12.701,0,100,100,11400,78733957.956,0.000,48.095,5,2,0,12336,0,0,8,16630142931858899245
"Windows x86-64","Clang 21.1.0 ","-std=c11 -O3 -Wall -Wextra -Wpedantic","rolling_max","full_recompute","continuous",1024,6,100000,0,121.152,100,200,200,16800,8254094.031,128.970,458.574,29,5,0,0,4096,0,4096,16630142931858899245
"Windows x86-64","Clang 21.1.0 ","-std=c11 -O3 -Wall -Wextra -Wpedantic","sliding_mean","hidden_incremental","continuous",1024,6,100000,0,5.427,0,100,100,17200,184263865.856,0.000,20.611,1,1,0,40,8192,0,8,2446427139198031174
"Windows x86-64","Clang 21.1.0 ","-std=c11 -O3 -Wall -Wextra -Wpedantic","sliding_mean","explicit_incremental","continuous",1024,6,100000,0,5.533,0,100,100,2400,180733779.143,0.000,20.846,1,0,0,40,8192,0,8,2446427139198031174
"Windows x86-64","Clang 21.1.0 ","-std=c11 -O3 -Wall -Wextra -Wpedantic","sliding_mean","full_recompute","continuous",1024,6,100000,0,662.096,700,800,800,19100,1510354.994,94.397,2505.053,215,30,0,0,8192,0,8192,2446427139198031174
"Windows x86-64","Clang 21.1.0 ","-std=c11 -O3 -Wall -Wextra -Wpedantic","rolling_max","hidden_incremental","continuous",1024,6,100000,0,13.405,0,100,100,16800,74599030.213,1165.610,50.788,2,2,0,12336,0,0,8,16630142931858899245
"Windows x86-64","Clang 21.1.0 ","-std=c11 -O3 -Wall -Wextra -Wpedantic","rolling_max","explicit_incremental","continuous",1024,6,100000,0,12.590,0,100,100,14700,79428117.554,0.000,47.663,2,2,0,12336,0,0,8,16630142931858899245
"Windows x86-64","Clang 21.1.0 ","-std=c11 -O3 -Wall -Wextra -Wpedantic","sliding_mean","hidden_incremental","continuous",1024,7,100000,0,5.494,0,100,100,10400,182016745.541,0.000,20.869,13,1,0,40,8192,0,8,2446427139198031174
"Windows x86-64","Clang 21.1.0 ","-std=c11 -O3 -Wall -Wextra -Wpedantic","sliding_mean","explicit_incremental","continuous",1024,7,100000,0,5.413,0,100,100,18900,184740439.682,0.000,20.566,13,2,0,40,8192,0,8,2446427139198031174
"Windows x86-64","Clang 21.1.0 ","-std=c11 -O3 -Wall -Wextra -Wpedantic","sliding_mean","full_recompute","continuous",1024,7,100000,0,655.252,700,800,800,15800,1526130.405,95.383,2482.044,157,9,0,0,8192,0,8192,2446427139198031174
"Windows x86-64","Clang 21.1.0 ","-std=c11 -O3 -Wall -Wextra -Wpedantic","rolling_max","hidden_incremental","continuous",1024,7,100000,0,11.910,0,100,100,26500,83963056.255,0.000,45.118,3,1,0,12336,0,0,8,16630142931858899245
"Windows x86-64","Clang 21.1.0 ","-std=c11 -O3 -Wall -Wextra -Wpedantic","rolling_max","explicit_incremental","continuous",1024,7,100000,0,9.783,0,100,100,6200,102218133.497,0.000,37.122,1,0,0,12336,0,0,8,16630142931858899245
"Windows x86-64","Clang 21.1.0 ","-std=c11 -O3 -Wall -Wextra -Wpedantic","rolling_max","full_recompute","continuous",1024,7,100000,0,112.450,100,200,200,16600,8892841.263,138.951,425.931,18,2,0,0,4096,0,4096,16630142931858899245
"Windows x86-64","Clang 21.1.0 ","-std=c11 -O3 -Wall -Wextra -Wpedantic","sliding_mean","explicit_incremental","continuous",1024,8,100000,0,5.389,0,100,100,400,185563184.264,0.000,20.463,0,0,0,40,8192,0,8,2446427139198031174
"Windows x86-64","Clang 21.1.0 ","-std=c11 -O3 -Wall -Wextra -Wpedantic","sliding_mean","full_recompute","continuous",1024,8,100000,0,654.277,700,800,800,34900,1528404.636,95.525,2474.823,71,6,0,0,8192,0,8192,2446427139198031174
"Windows x86-64","Clang 21.1.0 ","-std=c11 -O3 -Wall -Wextra -Wpedantic","rolling_max","hidden_incremental","continuous",1024,8,100000,0,12.322,0,100,100,16700,81155656.549,0.000,46.688,14,2,0,12336,0,0,8,16630142931858899245
"Windows x86-64","Clang 21.1.0 ","-std=c11 -O3 -Wall -Wextra -Wpedantic","rolling_max","explicit_incremental","continuous",1024,8,100000,0,9.958,0,100,100,1500,100421771.440,0.000,36.439,2,0,0,12336,0,0,8,16630142931858899245
"Windows x86-64","Clang 21.1.0 ","-std=c11 -O3 -Wall -Wextra -Wpedantic","rolling_max","full_recompute","continuous",1024,8,100000,0,112.959,100,200,200,8100,8852769.589,138.325,428.173,20,0,0,0,4096,0,4096,16630142931858899245
"Windows x86-64","Clang 21.1.0 ","-std=c11 -O3 -Wall -Wextra -Wpedantic","sliding_mean","hidden_incremental","continuous",1024,8,100000,0,5.414,0,100,100,11300,184706316.956,0.000,20.558,6,1,0,40,8192,0,8,2446427139198031174
"Windows x86-64","Clang 21.1.0 ","-std=c11 -O3 -Wall -Wextra -Wpedantic","sliding_mean","full_recompute","continuous",1024,9,100000,0,654.591,700,800,800,29700,1527671.477,95.479,2479.207,64,8,0,0,8192,0,8192,2446427139198031174
"Windows x86-64","Clang 21.1.0 ","-std=c11 -O3 -Wall -Wextra -Wpedantic","rolling_max","hidden_incremental","continuous",1024,9,100000,0,11.905,0,100,100,7100,83998320.034,0.000,45.178,2,0,0,12336,0,0,8,16630142931858899245
"Windows x86-64","Clang 21.1.0 ","-std=c11 -O3 -Wall -Wextra -Wpedantic","rolling_max","explicit_incremental","continuous",1024,9,100000,0,9.986,0,100,100,7100,100140196.275,0.000,37.847,2,0,0,12336,0,0,8,16630142931858899245
"Windows x86-64","Clang 21.1.0 ","-std=c11 -O3 -Wall -Wextra -Wpedantic","rolling_max","full_recompute","continuous",1024,9,100000,0,112.546,100,200,200,16200,8885255.807,138.832,425.324,11,4,0,0,4096,0,4096,16630142931858899245
"Windows x86-64","Clang 21.1.0 ","-std=c11 -O3 -Wall -Wextra -Wpedantic","sliding_mean","hidden_incremental","continuous",1024,9,100000,0,5.459,0,100,100,17400,183183733.284,0.000,20.679,3,1,0,40,8192,0,8,2446427139198031174
"Windows x86-64","Clang 21.1.0 ","-std=c11 -O3 -Wall -Wextra -Wpedantic","sliding_mean","explicit_incremental","continuous",1024,9,100000,0,5.436,0,100,100,16600,183958793.230,0.000,20.558,4,2,0,40,8192,0,8,2446427139198031174
"Windows x86-64","Clang 21.1.0 ","-std=c11 -O3 -Wall -Wextra -Wpedantic","rolling_max","hidden_incremental","continuous",1024,10,100000,0,11.891,0,100,100,6100,84097216.382,0.000,45.122,2,0,0,12336,0,0,8,16630142931858899245
"Windows x86-64","Clang 21.1.0 ","-std=c11 -O3 -Wall -Wextra -Wpedantic","rolling_max","explicit_incremental","continuous",1024,10,100000,0,9.852,0,100,100,9200,101502233.049,0.000,37.323,3,0,0,12336,0,0,8,16630142931858899245
"Windows x86-64","Clang 21.1.0 ","-std=c11 -O3 -Wall -Wextra -Wpedantic","rolling_max","full_recompute","continuous",1024,10,100000,0,111.946,100,200,200,26400,8932878.352,139.576,424.232,10,2,0,0,4096,0,4096,16630142931858899245
"Windows x86-64","Clang 21.1.0 ","-std=c11 -O3 -Wall -Wextra -Wpedantic","sliding_mean","hidden_incremental","continuous",1024,10,100000,0,5.425,0,100,100,17300,184331797.235,0.000,20.600,8,2,0,40,8192,0,8,2446427139198031174
"Windows x86-64","Clang 21.1.0 ","-std=c11 -O3 -Wall -Wextra -Wpedantic","sliding_mean","explicit_incremental","continuous",1024,10,100000,0,5.388,0,100,100,16000,185597624.350,0.000,20.463,5,2,0,40,8192,0,8,2446427139198031174
"Windows x86-64","Clang 21.1.0 ","-std=c11 -O3 -Wall -Wextra -Wpedantic","sliding_mean","full_recompute","continuous",1024,10,100000,0,654.947,700,800,800,17900,1526841.103,119.284,2479.685,69,2,0,0,8192,0,8192,2446427139198031174
"Windows x86-64","Clang 21.1.0 ","-std=c11 -O3 -Wall -Wextra -Wpedantic","rolling_max","explicit_incremental","continuous",1024,11,100000,0,9.818,0,100,100,5700,101853738.032,0.000,37.202,1,0,0,12336,0,0,8,16630142931858899245
"Windows x86-64","Clang 21.1.0 ","-std=c11 -O3 -Wall -Wextra -Wpedantic","rolling_max","full_recompute","continuous",1024,11,100000,0,112.068,100,200,200,7000,8923153.799,139.424,423.359,11,0,0,0,4096,0,4096,16630142931858899245
"Windows x86-64","Clang 21.1.0 ","-std=c11 -O3 -Wall -Wextra -Wpedantic","sliding_mean","hidden_incremental","continuous",1024,11,100000,0,5.498,0,100,100,7400,181884321.571,0.000,20.816,3,0,0,40,8192,0,8,2446427139198031174
"Windows x86-64","Clang 21.1.0 ","-std=c11 -O3 -Wall -Wextra -Wpedantic","sliding_mean","explicit_incremental","continuous",1024,11,100000,0,5.478,0,100,100,7100,182548375.319,0.000,20.748,3,0,0,40,8192,0,8,2446427139198031174
"Windows x86-64","Clang 21.1.0 ","-std=c11 -O3 -Wall -Wextra -Wpedantic","sliding_mean","full_recompute","continuous",1024,11,100000,0,655.870,700,800,800,27800,1524692.393,119.117,2482.978,51,3,0,0,8192,0,8192,2446427139198031174
"Windows x86-64","Clang 21.1.0 ","-std=c11 -O3 -Wall -Wextra -Wpedantic","rolling_max","hidden_incremental","continuous",1024,11,100000,0,13.217,0,100,100,16800,75660134.675,0.000,50.223,9,1,0,12336,0,0,8,16630142931858899245
"Windows x86-64","Clang 21.1.0 ","-std=c11 -O3 -Wall -Wextra -Wpedantic","sliding_mean","hidden_incremental","continuous",4096,1,100000,0,5.397,0,100,100,11900,185288123.031,0.000,20.433,1,1,0,40,32768,0,8,16134473250650926714
"Windows x86-64","Clang 21.1.0 ","-std=c11 -O3 -Wall -Wextra -Wpedantic","sliding_mean","explicit_incremental","continuous",4096,1,100000,0,5.443,0,100,100,500,183722212.015,0.000,20.607,0,0,0,40,32768,0,8,16134473250650926714
"Windows x86-64","Clang 21.1.0 ","-std=c11 -O3 -Wall -Wextra -Wpedantic","sliding_mean","full_recompute","continuous",4096,1,100000,0,2739.166,2800,3000,4000,348500,365074.625,102.677,10326.276,98479,124,2,0,32768,0,32768,16134473250650926714
"Windows x86-64","Clang 21.1.0 ","-std=c11 -O3 -Wall -Wextra -Wpedantic","rolling_max","hidden_incremental","continuous",4096,1,100000,0,13.301,0,100,100,17100,75182317.119,0.000,50.375,4,1,0,49200,0,0,8,8283152070251253050
"Windows x86-64","Clang 21.1.0 ","-std=c11 -O3 -Wall -Wextra -Wpedantic","rolling_max","explicit_incremental","continuous",4096,1,100000,0,12.409,0,100,100,12900,80586670.965,1259.167,46.013,2,1,0,49200,0,0,8,8283152070251253050
"Windows x86-64","Clang 21.1.0 ","-std=c11 -O3 -Wall -Wextra -Wpedantic","rolling_max","full_recompute","continuous",4096,1,100000,0,454.562,500,600,700,29700,2199919.923,103.121,1721.586,76,18,0,0,16384,0,16384,8283152070251253050
"Windows x86-64","Clang 21.1.0 ","-std=c11 -O3 -Wall -Wextra -Wpedantic","sliding_mean","explicit_incremental","continuous",4096,2,100000,0,5.425,0,100,100,4300,184331797.235,0.000,20.410,2,0,0,40,32768,0,8,16134473250650926714
"Windows x86-64","Clang 21.1.0 ","-std=c11 -O3 -Wall -Wextra -Wpedantic","sliding_mean","full_recompute","continuous",4096,2,100000,0,2801.882,2800,2800,3000,37400,356902.967,100.379,10573.879,98472,35,0,0,32768,0,32768,16134473250650926714
"Windows x86-64","Clang 21.1.0 ","-std=c11 -O3 -Wall -Wextra -Wpedantic","rolling_max","hidden_incremental","continuous",4096,2,100000,0,12.052,0,100,100,7200,82973780.285,0.000,45.664,4,0,0,49200,0,0,8,8283152070251253050
"Windows x86-64","Clang 21.1.0 ","-std=c11 -O3 -Wall -Wextra -Wpedantic","rolling_max","explicit_incremental","continuous",4096,2,100000,0,9.633,0,100,100,6200,103809820.409,0.000,36.549,3,0,0,49200,0,0,8,8283152070251253050
"Windows x86-64","Clang 21.1.0 ","-std=c11 -O3 -Wall -Wextra -Wpedantic","rolling_max","full_recompute","continuous",4096,2,100000,0,445.039,500,500,600,9700,2246994.084,105.328,1686.463,45,0,0,0,16384,0,16384,8283152070251253050
"Windows x86-64","Clang 21.1.0 ","-std=c11 -O3 -Wall -Wextra -Wpedantic","sliding_mean","hidden_incremental","continuous",4096,2,100000,0,5.335,0,100,100,11400,187441424.555,0.000,20.262,1,1,0,40,32768,0,8,16134473250650926714
"Windows x86-64","Clang 21.1.0 ","-std=c11 -O3 -Wall -Wextra -Wpedantic","sliding_mean","full_recompute","continuous",4096,3,100000,0,2702.941,2800,2800,3100,90800,369967.380,104.053,10232.752,98472,123,0,0,32768,0,32768,16134473250650926714
"Windows x86-64","Clang 21.1.0 ","-std=c11 -O3 -Wall -Wextra -Wpedantic","rolling_max","hidden_incremental","continuous",4096,3,100000,0,12.361,0,100,100,11800,80899603.592,0.000,46.855,3,1,0,49200,0,0,8,8283152070251253050
"Windows x86-64","Clang 21.1.0 ","-std=c11 -O3 -Wall -Wextra -Wpedantic","rolling_max","explicit_incremental","continuous",4096,3,100000,0,10.096,0,100,100,6300,99049128.368,1547.643,38.343,1,0,0,49200,0,0,8,8283152070251253050
"Windows x86-64","Clang 21.1.0 ","-std=c11 -O3 -Wall -Wextra -Wpedantic","rolling_max","full_recompute","continuous",4096,3,100000,0,499.273,500,600,700,17400,2002912.234,93.887,1889.441,206,15,0,0,16384,0,16384,8283152070251253050
"Windows x86-64","Clang 21.1.0 ","-std=c11 -O3 -Wall -Wextra -Wpedantic","sliding_mean","hidden_incremental","continuous",4096,3,100000,0,5.437,0,100,100,11500,183924958.617,0.000,20.660,11,1,0,40,32768,0,8,16134473250650926714
"Windows x86-64","Clang 21.1.0 ","-std=c11 -O3 -Wall -Wextra -Wpedantic","sliding_mean","explicit_incremental","continuous",4096,3,100000,0,5.513,0,100,100,13400,181389443.134,0.000,20.934,7,2,0,40,32768,0,8,16134473250650926714
"Windows x86-64","Clang 21.1.0 ","-std=c11 -O3 -Wall -Wextra -Wpedantic","rolling_max","hidden_incremental","continuous",4096,4,100000,0,13.305,0,100,100,12500,75159714.393,0.000,50.405,3,2,0,49200,0,0,8,8283152070251253050
"Windows x86-64","Clang 21.1.0 ","-std=c11 -O3 -Wall -Wextra -Wpedantic","rolling_max","explicit_incremental","continuous",4096,4,100000,0,9.715,0,100,100,5600,102933607.823,0.000,36.811,1,0,0,49200,0,0,8,8283152070251253050
"Windows x86-64","Clang 21.1.0 ","-std=c11 -O3 -Wall -Wextra -Wpedantic","rolling_max","full_recompute","continuous",4096,4,100000,0,535.637,500,600,700,24900,1866936.003,116.684,1993.388,199,29,0,0,16384,0,16384,8283152070251253050
"Windows x86-64","Clang 21.1.0 ","-std=c11 -O3 -Wall -Wextra -Wpedantic","sliding_mean","hidden_incremental","continuous",4096,4,100000,0,5.488,0,100,100,3600,182215743.440,0.000,20.679,6,0,0,40,32768,0,8,16134473250650926714
"Windows x86-64","Clang 21.1.0 ","-std=c11 -O3 -Wall -Wextra -Wpedantic","sliding_mean","explicit_incremental","continuous",4096,4,100000,0,5.600,0,100,100,9700,178571428.571,0.000,21.074,6,0,0,40,32768,0,8,16134473250650926714
"Windows x86-64","Clang 21.1.0 ","-std=c11 -O3 -Wall -Wextra -Wpedantic","sliding_mean","full_recompute","continuous",4096,4,100000,0,2688.066,2800,2900,3300,58100,372014.675,93.004,10179.073,98479,113,0,0,32768,0,32768,16134473250650926714
"Windows x86-64","Clang 21.1.0 ","-std=c11 -O3 -Wall -Wextra -Wpedantic","rolling_max","explicit_incremental","continuous",4096,5,100000,0,9.831,0,100,100,3400,101719051.978,0.000,37.300,1,0,0,49200,0,0,8,8283152070251253050
"Windows x86-64","Clang 21.1.0 ","-std=c11 -O3 -Wall -Wextra -Wpedantic","rolling_max","full_recompute","continuous",4096,5,100000,0,446.344,500,500,600,33800,2240424.426,70.013,1690.483,38,3,0,0,16384,0,16384,8283152070251253050
"Windows x86-64","Clang 21.1.0 ","-std=c11 -O3 -Wall -Wextra -Wpedantic","sliding_mean","hidden_incremental","continuous",4096,5,100000,0,5.471,0,100,100,5000,182781941.144,0.000,20.778,3,0,0,40,32768,0,8,16134473250650926714
"Windows x86-64","Clang 21.1.0 ","-std=c11 -O3 -Wall -Wextra -Wpedantic","sliding_mean","explicit_incremental","continuous",4096,5,100000,0,5.400,0,100,100,4300,185185185.185,0.000,20.501,2,0,0,40,32768,0,8,16134473250650926714
"Windows x86-64","Clang 21.1.0 ","-std=c11 -O3 -Wall -Wextra -Wpedantic","sliding_mean","full_recompute","continuous",4096,5,100000,0,2706.718,2800,2800,2900,40500,369451.121,98.135,10246.463,98470,13,0,0,32768,0,32768,16134473250650926714
"Windows x86-64","Clang 21.1.0 ","-std=c11 -O3 -Wall -Wextra -Wpedantic","rolling_max","hidden_incremental","continuous",4096,5,100000,0,13.075,0,100,100,10500,76481835.564,0.000,49.609,4,1,0,49200,0,0,8,8283152070251253050
"Windows x86-64","Clang 21.1.0 ","-std=c11 -O3 -Wall -Wextra -Wpedantic","rolling_max","full_recompute","continuous",4096,6,100000,0,461.473,500,700,700,16700,2166974.016,135.436,1746.001,87,9,0,0,16384,0,16384,8283152070251253050
"Windows x86-64","Clang 21.1.0 ","-std=c11 -O3 -Wall -Wextra -Wpedantic","sliding_mean","hidden_incremental","continuous",4096,6,100000,0,5.380,0,100,100,16100,185873605.948,0.000,20.365,2,1,0,40,32768,0,8,16134473250650926714
"Windows x86-64","Clang 21.1.0 ","-std=c11 -O3 -Wall -Wextra -Wpedantic","sliding_mean","explicit_incremental","continuous",4096,6,100000,0,5.403,0,100,100,4600,185082361.651,0.000,20.456,1,0,0,40,32768,0,8,16134473250650926714
"Windows x86-64","Clang 21.1.0 ","-std=c11 -O3 -Wall -Wextra -Wpedantic","sliding_mean","full_recompute","continuous",4096,6,100000,0,2695.287,2800,2900,3500,39000,371018.003,104.349,10205.317,98465,158,0,0,32768,0,32768,16134473250650926714
"Windows x86-64","Clang 21.1.0 ","-std=c11 -O3 -Wall -Wextra -Wpedantic","rolling_max","hidden_incremental","continuous",4096,6,100000,0,12.271,0,100,100,4300,81492950.860,0.000,46.563,1,0,0,49200,0,0,8,8283152070251253050
"Windows x86-64","Clang 21.1.0 ","-std=c11 -O3 -Wall -Wextra -Wpedantic","rolling_max","explicit_incremental","continuous",4096,6,100000,0,9.990,0,100,100,28500,100100100.100,1564.064,37.862,1,1,0,49200,0,0,8,8283152070251253050
"Windows x86-64","Clang 21.1.0 ","-std=c11 -O3 -Wall -Wextra -Wpedantic","sliding_mean","hidden_incremental","continuous",4096,7,100000,0,5.337,0,100,100,4500,187371182.312,0.000,20.270,2,0,0,40,32768,0,8,16134473250650926714
"Windows x86-64","Clang 21.1.0 ","-std=c11 -O3 -Wall -Wextra -Wpedantic","sliding_mean","explicit_incremental","continuous",4096,7,100000,0,5.545,0,100,100,12600,180342651.037,0.000,21.051,6,1,0,40,32768,0,8,16134473250650926714
"Windows x86-64","Clang 21.1.0 ","-std=c11 -O3 -Wall -Wextra -Wpedantic","sliding_mean","full_recompute","continuous",4096,7,100000,0,2692.212,2800,2800,2900,52900,371441.774,98.664,10187.167,98475,28,0,0,32768,0,32768,16134473250650926714
"Windows x86-64","Clang 21.1.0 ","-std=c11 -O3 -Wall -Wextra -Wpedantic","rolling_max","hidden_incremental","continuous",4096,7,100000,0,11.054,0,100,100,41000,90464990.049,0.000,41.837,4,2,0,49200,0,0,8,8283152070251253050
"Windows x86-64","Clang 21.1.0 ","-std=c11 -O3 -Wall -Wextra -Wpedantic","rolling_max","explicit_incremental","continuous",4096,7,100000,0,9.911,0,100,100,400,100897992.130,0.000,37.608,0,0,0,49200,0,0,8,8283152070251253050
"Windows x86-64","Clang 21.1.0 ","-std=c11 -O3 -Wall -Wextra -Wpedantic","rolling_max","full_recompute","continuous",4096,7,100000,0,454.791,500,500,500,26800,2198812.202,103.069,1721.040,35,2,0,0,16384,0,16384,8283152070251253050
"Windows x86-64","Clang 21.1.0 ","-std=c11 -O3 -Wall -Wextra -Wpedantic","sliding_mean","explicit_incremental","continuous",4096,8,100000,0,5.506,0,100,100,10900,181620050.854,0.000,20.918,2,1,0,40,32768,0,8,16134473250650926714
"Windows x86-64","Clang 21.1.0 ","-std=c11 -O3 -Wall -Wextra -Wpedantic","sliding_mean","full_recompute","continuous",4096,8,100000,0,2715.010,2800,3200,3600,134700,368322.769,97.836,10255.972,98494,166,2,0,32768,0,32768,16134473250650926714
"Windows x86-64","Clang 21.1.0 ","-std=c11 -O3 -Wall -Wextra -Wpedantic","rolling_max","hidden_incremental","continuous",4096,8,100000,0,11.901,0,100,100,8500,84026552.391,0.000,45.171,3,0,0,49200,0,0,8,8283152070251253050
"Windows x86-64","Clang 21.1.0 ","-std=c11 -O3 -Wall -Wextra -Wpedantic","rolling_max","explicit_incremental","continuous",4096,8,100000,0,9.850,0,100,100,3100,101522842.640,0.000,37.304,3,0,0,49200,0,0,8,8283152070251253050
"Windows x86-64","Clang 21.1.0 ","-std=c11 -O3 -Wall -Wextra -Wpedantic","rolling_max","full_recompute","continuous",4096,8,100000,0,475.172,500,600,700,23800,2104501.107,98.648,1799.395,87,9,0,0,16384,0,16384,8283152070251253050
"Windows x86-64","Clang 21.1.0 ","-std=c11 -O3 -Wall -Wextra -Wpedantic","sliding_mean","hidden_incremental","continuous",4096,8,100000,0,5.351,0,100,100,5800,186880956.830,0.000,20.319,2,0,0,40,32768,0,8,16134473250650926714
"Windows x86-64","Clang 21.1.0 ","-std=c11 -O3 -Wall -Wextra -Wpedantic","sliding_mean","full_recompute","continuous",4096,9,100000,0,2687.539,2800,2800,3400,136600,372087.624,98.836,10169.852,98469,50,1,0,32768,0,32768,16134473250650926714
"Windows x86-64","Clang 21.1.0 ","-std=c11 -O3 -Wall -Wextra -Wpedantic","rolling_max","hidden_incremental","continuous",4096,9,100000,0,10.876,0,100,100,4900,91945568.224,0.000,41.272,1,0,0,49200,0,0,8,8283152070251253050
"Windows x86-64","Clang 21.1.0 ","-std=c11 -O3 -Wall -Wextra -Wpedantic","rolling_max","explicit_incremental","continuous",4096,9,100000,0,9.763,0,100,100,500,102427532.521,0.000,36.796,0,0,0,49200,0,0,8,8283152070251253050
"Windows x86-64","Clang 21.1.0 ","-std=c11 -O3 -Wall -Wextra -Wpedantic","rolling_max","full_recompute","continuous",4096,9,100000,0,447.453,500,500,600,27300,2234871.595,104.760,1694.750,37,3,0,0,16384,0,16384,8283152070251253050
"Windows x86-64","Clang 21.1.0 ","-std=c11 -O3 -Wall -Wextra -Wpedantic","sliding_mean","hidden_incremental","continuous",4096,9,100000,0,5.378,0,100,100,6700,185942729.639,0.000,20.433,4,0,0,40,32768,0,8,16134473250650926714
"Windows x86-64","Clang 21.1.0 ","-std=c11 -O3 -Wall -Wextra -Wpedantic","sliding_mean","explicit_incremental","continuous",4096,9,100000,0,5.327,0,100,100,1100,187722920.969,0.000,20.228,1,0,0,40,32768,0,8,16134473250650926714
"Windows x86-64","Clang 21.1.0 ","-std=c11 -O3 -Wall -Wextra -Wpedantic","rolling_max","hidden_incremental","continuous",4096,10,100000,0,11.915,0,100,100,7200,83927822.073,0.000,45.141,3,0,0,49200,0,0,8,8283152070251253050
"Windows x86-64","Clang 21.1.0 ","-std=c11 -O3 -Wall -Wextra -Wpedantic","rolling_max","explicit_incremental","continuous",4096,10,100000,0,10.059,0,100,100,78900,99413460.583,0.000,38.184,1,1,0,49200,0,0,8,8283152070251253050
"Windows x86-64","Clang 21.1.0 ","-std=c11 -O3 -Wall -Wextra -Wpedantic","rolling_max","full_recompute","continuous",4096,10,100000,0,449.245,500,500,600,17700,2225956.883,104.342,1696.708,32,2,0,0,16384,0,16384,8283152070251253050
"Windows x86-64","Clang 21.1.0 ","-std=c11 -O3 -Wall -Wextra -Wpedantic","sliding_mean","hidden_incremental","continuous",4096,10,100000,0,5.457,0,100,100,11900,183250870.442,0.000,20.733,1,1,0,40,32768,0,8,16134473250650926714
"Windows x86-64","Clang 21.1.0 ","-std=c11 -O3 -Wall -Wextra -Wpedantic","sliding_mean","explicit_incremental","continuous",4096,10,100000,0,5.301,0,100,100,26900,188643652.141,0.000,20.126,3,2,0,40,32768,0,8,16134473250650926714
"Windows x86-64","Clang 21.1.0 ","-std=c11 -O3 -Wall -Wextra -Wpedantic","sliding_mean","full_recompute","continuous",4096,10,100000,0,2709.728,2800,2800,3400,54800,369040.730,98.026,10251.785,98466,72,0,0,32768,0,32768,16134473250650926714
"Windows x86-64","Clang 21.1.0 ","-std=c11 -O3 -Wall -Wextra -Wpedantic","rolling_max","explicit_incremental","continuous",4096,11,100000,0,10.235,0,100,100,15700,97703957.010,0.000,38.844,3,1,0,49200,0,0,8,8283152070251253050
"Windows x86-64","Clang 21.1.0 ","-std=c11 -O3 -Wall -Wextra -Wpedantic","rolling_max","full_recompute","continuous",4096,11,100000,0,516.815,500,600,700,16800,1934928.359,90.700,1953.585,116,18,0,0,16384,0,16384,8283152070251253050
"Windows x86-64","Clang 21.1.0 ","-std=c11 -O3 -Wall -Wextra -Wpedantic","sliding_mean","hidden_incremental","continuous",4096,11,100000,0,5.681,0,100,100,8300,176025347.650,0.000,21.491,3,0,0,40,32768,0,8,16134473250650926714
"Windows x86-64","Clang 21.1.0 ","-std=c11 -O3 -Wall -Wextra -Wpedantic","sliding_mean","explicit_incremental","continuous",4096,11,100000,0,5.378,0,100,100,19500,185942729.639,0.000,20.437,3,1,0,40,32768,0,8,16134473250650926714
"Windows x86-64","Clang 21.1.0 ","-std=c11 -O3 -Wall -Wextra -Wpedantic","sliding_mean","full_recompute","continuous",4096,11,100000,0,2688.285,2800,2800,3200,102700,371984.369,98.808,10175.417,98485,62,1,0,32768,0,32768,16134473250650926714
"Windows x86-64","Clang 21.1.0 ","-std=c11 -O3 -Wall -Wextra -Wpedantic","rolling_max","hidden_incremental","continuous",4096,11,100000,0,12.278,0,100,100,16900,81446489.656,0.000,46.536,2,1,0,49200,0,0,8,8283152070251253050
"Windows x86-64","Clang 21.1.0 ","-std=c11 -O3 -Wall -Wextra -Wpedantic","crc32_prefix","hidden_incremental","continuous",16,1,16,0,6.250,0,100,100,100,160000000.000,0.000,94.812,0,0,0,4,16,0,1,5406353038106856181
"Windows x86-64","Clang 21.1.0 ","-std=c11 -O3 -Wall -Wextra -Wpedantic","crc32_prefix","explicit_incremental","continuous",16,1,16,0,6.250,0,100,100,100,160000000.000,0.000,94.812,0,0,0,4,16,0,1,5406353038106856181
"Windows x86-64","Clang 21.1.0 ","-std=c11 -O3 -Wall -Wextra -Wpedantic","crc32_prefix","full_recompute","continuous",16,1,16,0,31.250,0,100,100,100,32000000.000,0.000,189.625,0,0,0,0,16,0,8,5406353038106856181
"Windows x86-64","Clang 21.1.0 ","-std=c11 -O3 -Wall -Wextra -Wpedantic","crc32_prefix","explicit_incremental","continuous",16,2,16,0,6.250,0,100,100,100,160000000.000,0.000,94.875,0,0,0,4,16,0,1,5406353038106856181
"Windows x86-64","Clang 21.1.0 ","-std=c11 -O3 -Wall -Wextra -Wpedantic","crc32_prefix","full_recompute","continuous",16,2,16,0,31.250,0,100,100,100,32000000.000,0.000,165.938,0,0,0,0,16,0,8,5406353038106856181
"Windows x86-64","Clang 21.1.0 ","-std=c11 -O3 -Wall -Wextra -Wpedantic","crc32_prefix","hidden_incremental","continuous",16,2,16,0,6.250,0,100,100,100,160000000.000,0.000,94.875,0,0,0,4,16,0,1,5406353038106856181
"Windows x86-64","Clang 21.1.0 ","-std=c11 -O3 -Wall -Wextra -Wpedantic","crc32_prefix","full_recompute","continuous",16,3,16,0,31.250,0,100,100,100,32000000.000,0.000,165.938,0,0,0,0,16,0,8,5406353038106856181
"Windows x86-64","Clang 21.1.0 ","-std=c11 -O3 -Wall -Wextra -Wpedantic","crc32_prefix","hidden_incremental","continuous",16,3,16,0,6.250,0,100,100,100,160000000.000,0.000,94.812,0,0,0,4,16,0,1,5406353038106856181
"Windows x86-64","Clang 21.1.0 ","-std=c11 -O3 -Wall -Wextra -Wpedantic","crc32_prefix","explicit_incremental","continuous",16,3,16,0,6.250,0,100,100,100,160000000.000,0.000,71.125,0,0,0,4,16,0,1,5406353038106856181
"Windows x86-64","Clang 21.1.0 ","-std=c11 -O3 -Wall -Wextra -Wpedantic","crc32_prefix","hidden_incremental","continuous",16,4,16,0,6.250,0,100,100,100,160000000.000,0.000,94.875,0,0,0,4,16,0,1,5406353038106856181
"Windows x86-64","Clang 21.1.0 ","-std=c11 -O3 -Wall -Wextra -Wpedantic","crc32_prefix","explicit_incremental","continuous",16,4,16,0,6.250,0,100,100,100,160000000.000,0.000,94.812,0,0,0,4,16,0,1,5406353038106856181
"Windows x86-64","Clang 21.1.0 ","-std=c11 -O3 -Wall -Wextra -Wpedantic","crc32_prefix","full_recompute","continuous",16,4,16,0,31.250,0,100,100,100,32000000.000,0.000,165.938,0,0,0,0,16,0,8,5406353038106856181
"Windows x86-64","Clang 21.1.0 ","-std=c11 -O3 -Wall -Wextra -Wpedantic","crc32_prefix","explicit_incremental","continuous",16,5,16,0,6.250,0,100,100,100,160000000.000,0.000,94.812,0,0,0,4,16,0,1,5406353038106856181
"Windows x86-64","Clang 21.1.0 ","-std=c11 -O3 -Wall -Wextra -Wpedantic","crc32_prefix","full_recompute","continuous",16,5,16,0,25.000,100,100,100,100,40000000.000,0.000,165.938,0,0,0,0,16,0,8,5406353038106856181
"Windows x86-64","Clang 21.1.0 ","-std=c11 -O3 -Wall -Wextra -Wpedantic","crc32_prefix","hidden_incremental","continuous",16,5,16,0,6.250,0,100,100,100,160000000.000,0.000,71.125,0,0,0,4,16,0,1,5406353038106856181
"Windows x86-64","Clang 21.1.0 ","-std=c11 -O3 -Wall -Wextra -Wpedantic","crc32_prefix","full_recompute","continuous",16,6,16,0,25.000,0,100,100,100,40000000.000,0.000,165.938,0,0,0,0,16,0,8,5406353038106856181
"Windows x86-64","Clang 21.1.0 ","-std=c11 -O3 -Wall -Wextra -Wpedantic","crc32_prefix","hidden_incremental","continuous",16,6,16,0,6.250,0,100,100,100,160000000.000,0.000,71.125,0,0,0,4,16,0,1,5406353038106856181
"Windows x86-64","Clang 21.1.0 ","-std=c11 -O3 -Wall -Wextra -Wpedantic","crc32_prefix","explicit_incremental","continuous",16,6,16,0,6.250,0,100,100,100,160000000.000,0.000,71.125,0,0,0,4,16,0,1,5406353038106856181
"Windows x86-64","Clang 21.1.0 ","-std=c11 -O3 -Wall -Wextra -Wpedantic","crc32_prefix","hidden_incremental","continuous",16,7,16,0,6.250,0,100,100,100,160000000.000,0.000,71.125,0,0,0,4,16,0,1,5406353038106856181
"Windows x86-64","Clang 21.1.0 ","-std=c11 -O3 -Wall -Wextra -Wpedantic","crc32_prefix","explicit_incremental","continuous",16,7,16,0,6.250,0,100,100,100,160000000.000,0.000,71.125,0,0,0,4,16,0,1,5406353038106856181
"Windows x86-64","Clang 21.1.0 ","-std=c11 -O3 -Wall -Wextra -Wpedantic","crc32_prefix","full_recompute","continuous",16,7,16,0,31.250,0,100,100,100,32000000.000,0.000,165.938,0,0,0,0,16,0,8,5406353038106856181
"Windows x86-64","Clang 21.1.0 ","-std=c11 -O3 -Wall -Wextra -Wpedantic","crc32_prefix","explicit_incremental","continuous",16,8,16,0,6.250,0,100,100,100,160000000.000,0.000,94.812,0,0,0,4,16,0,1,5406353038106856181
"Windows x86-64","Clang 21.1.0 ","-std=c11 -O3 -Wall -Wextra -Wpedantic","crc32_prefix","full_recompute","continuous",16,8,16,0,31.250,100,100,100,100,32000000.000,0.000,189.688,0,0,0,0,16,0,8,5406353038106856181
"Windows x86-64","Clang 21.1.0 ","-std=c11 -O3 -Wall -Wextra -Wpedantic","crc32_prefix","hidden_incremental","continuous",16,8,16,0,6.250,0,100,100,100,160000000.000,0.000,94.812,0,0,0,4,16,0,1,5406353038106856181
"Windows x86-64","Clang 21.1.0 ","-std=c11 -O3 -Wall -Wextra -Wpedantic","crc32_prefix","full_recompute","continuous",16,9,16,0,25.000,0,100,100,100,40000000.000,0.000,165.938,0,0,0,0,16,0,8,5406353038106856181
"Windows x86-64","Clang 21.1.0 ","-std=c11 -O3 -Wall -Wextra -Wpedantic","crc32_prefix","hidden_incremental","continuous",16,9,16,0,6.250,0,100,100,100,160000000.000,0.000,71.062,0,0,0,4,16,0,1,5406353038106856181
"Windows x86-64","Clang 21.1.0 ","-std=c11 -O3 -Wall -Wextra -Wpedantic","crc32_prefix","explicit_incremental","continuous",16,9,16,0,6.250,0,100,100,100,160000000.000,0.000,94.812,0,0,0,4,16,0,1,5406353038106856181
"Windows x86-64","Clang 21.1.0 ","-std=c11 -O3 -Wall -Wextra -Wpedantic","crc32_prefix","hidden_incremental","continuous",16,10,16,0,0.000,0,100,100,100,0.000,0.000,71.125,0,0,0,4,16,0,1,5406353038106856181
"Windows x86-64","Clang 21.1.0 ","-std=c11 -O3 -Wall -Wextra -Wpedantic","crc32_prefix","explicit_incremental","continuous",16,10,16,0,6.250,0,100,100,100,160000000.000,0.000,94.812,0,0,0,4,16,0,1,5406353038106856181
"Windows x86-64","Clang 21.1.0 ","-std=c11 -O3 -Wall -Wextra -Wpedantic","crc32_prefix","full_recompute","continuous",16,10,16,0,31.250,0,100,100,100,32000000.000,0.000,165.938,0,0,0,0,16,0,8,5406353038106856181
"Windows x86-64","Clang 21.1.0 ","-std=c11 -O3 -Wall -Wextra -Wpedantic","crc32_prefix","explicit_incremental","continuous",16,11,16,0,6.250,0,100,100,100,160000000.000,0.000,71.125,0,0,0,4,16,0,1,5406353038106856181
"Windows x86-64","Clang 21.1.0 ","-std=c11 -O3 -Wall -Wextra -Wpedantic","crc32_prefix","full_recompute","continuous",16,11,16,0,31.250,0,100,100,100,32000000.000,0.000,189.688,0,0,0,0,16,0,8,5406353038106856181
"Windows x86-64","Clang 21.1.0 ","-std=c11 -O3 -Wall -Wextra -Wpedantic","crc32_prefix","hidden_incremental","continuous",16,11,16,0,6.250,0,100,100,100,160000000.000,0.000,71.125,0,0,0,4,16,0,1,5406353038106856181
"Windows x86-64","Clang 21.1.0 ","-std=c11 -O3 -Wall -Wextra -Wpedantic","crc32_prefix","hidden_incremental","continuous",64,1,64,0,3.125,0,100,100,100,320000000.000,0.000,29.641,0,0,0,4,64,0,1,11463719248878796390
"Windows x86-64","Clang 21.1.0 ","-std=c11 -O3 -Wall -Wextra -Wpedantic","crc32_prefix","explicit_incremental","continuous",64,1,64,0,4.688,0,100,100,100,213333333.333,0.000,35.562,0,0,0,4,64,0,1,11463719248878796390
"Windows x86-64","Clang 21.1.0 ","-std=c11 -O3 -Wall -Wextra -Wpedantic","crc32_prefix","full_recompute","continuous",64,1,64,0,125.000,100,300,300,300,8000000.000,0.000,491.906,0,0,0,0,64,0,32,11463719248878796390
"Windows x86-64","Clang 21.1.0 ","-std=c11 -O3 -Wall -Wextra -Wpedantic","crc32_prefix","explicit_incremental","continuous",64,2,64,0,4.688,0,100,100,100,213333333.333,0.000,29.625,0,0,0,4,64,0,1,11463719248878796390
"Windows x86-64","Clang 21.1.0 ","-std=c11 -O3 -Wall -Wextra -Wpedantic","crc32_prefix","full_recompute","continuous",64,2,64,0,125.000,100,300,300,300,8000000.000,0.000,485.969,0,0,0,0,64,0,32,11463719248878796390
"Windows x86-64","Clang 21.1.0 ","-std=c11 -O3 -Wall -Wextra -Wpedantic","crc32_prefix","hidden_incremental","continuous",64,2,64,0,3.125,0,100,100,100,320000000.000,0.000,29.641,0,0,0,4,64,0,1,11463719248878796390
"Windows x86-64","Clang 21.1.0 ","-std=c11 -O3 -Wall -Wextra -Wpedantic","crc32_prefix","full_recompute","continuous",64,3,64,0,123.438,100,300,300,300,8101265.823,0.000,485.984,0,0,0,0,64,0,32,11463719248878796390
"Windows x86-64","Clang 21.1.0 ","-std=c11 -O3 -Wall -Wextra -Wpedantic","crc32_prefix","hidden_incremental","continuous",64,3,64,0,4.688,0,100,100,100,213333333.333,0.000,35.562,0,0,0,4,64,0,1,11463719248878796390
"Windows x86-64","Clang 21.1.0 ","-std=c11 -O3 -Wall -Wextra -Wpedantic","crc32_prefix","explicit_incremental","continuous",64,3,64,0,3.125,0,100,100,100,320000000.000,0.000,29.641,0,0,0,4,64,0,1,11463719248878796390
"Windows x86-64","Clang 21.1.0 ","-std=c11 -O3 -Wall -Wextra -Wpedantic","crc32_prefix","hidden_incremental","continuous",64,4,64,0,3.125,0,100,100,100,320000000.000,0.000,29.625,0,0,0,4,64,0,1,11463719248878796390
"Windows x86-64","Clang 21.1.0 ","-std=c11 -O3 -Wall -Wextra -Wpedantic","crc32_prefix","explicit_incremental","continuous",64,4,64,0,4.688,0,100,100,100,213333333.333,0.000,35.562,0,0,0,4,64,0,1,11463719248878796390
"Windows x86-64","Clang 21.1.0 ","-std=c11 -O3 -Wall -Wextra -Wpedantic","crc32_prefix","full_recompute","continuous",64,4,64,0,123.438,100,200,300,300,8101265.823,0.000,485.984,0,0,0,0,64,0,32,11463719248878796390
"Windows x86-64","Clang 21.1.0 ","-std=c11 -O3 -Wall -Wextra -Wpedantic","crc32_prefix","explicit_incremental","continuous",64,5,64,0,4.688,0,100,100,100,213333333.333,0.000,29.641,0,0,0,4,64,0,1,11463719248878796390
"Windows x86-64","Clang 21.1.0 ","-std=c11 -O3 -Wall -Wextra -Wpedantic","crc32_prefix","full_recompute","continuous",64,5,64,0,129.688,100,300,400,400,7710843.373,0.000,515.609,0,0,0,0,64,0,32,11463719248878796390
"Windows x86-64","Clang 21.1.0 ","-std=c11 -O3 -Wall -Wextra -Wpedantic","crc32_prefix","hidden_incremental","continuous",64,5,64,0,7.812,0,100,100,100,128000000.000,0.000,47.422,0,0,0,4,64,0,1,11463719248878796390
"Windows x86-64","Clang 21.1.0 ","-std=c11 -O3 -Wall -Wextra -Wpedantic","crc32_prefix","full_recompute","continuous",64,6,64,0,139.062,100,300,300,300,7191011.236,0.000,563.016,0,0,0,0,64,0,32,11463719248878796390
"Windows x86-64","Clang 21.1.0 ","-std=c11 -O3 -Wall -Wextra -Wpedantic","crc32_prefix","hidden_incremental","continuous",64,6,64,0,4.688,0,100,100,100,213333333.333,0.000,35.562,0,0,0,4,64,0,1,11463719248878796390
"Windows x86-64","Clang 21.1.0 ","-std=c11 -O3 -Wall -Wextra -Wpedantic","crc32_prefix","explicit_incremental","continuous",64,6,64,0,3.125,0,100,100,100,320000000.000,0.000,29.641,0,0,0,4,64,0,1,11463719248878796390
"Windows x86-64","Clang 21.1.0 ","-std=c11 -O3 -Wall -Wextra -Wpedantic","crc32_prefix","hidden_incremental","continuous",64,7,64,0,4.688,0,100,100,100,213333333.333,0.000,29.641,0,0,0,4,64,0,1,11463719248878796390
"Windows x86-64","Clang 21.1.0 ","-std=c11 -O3 -Wall -Wextra -Wpedantic","crc32_prefix","explicit_incremental","continuous",64,7,64,0,3.125,0,100,100,100,320000000.000,0.000,29.625,0,0,0,4,64,0,1,11463719248878796390
"Windows x86-64","Clang 21.1.0 ","-std=c11 -O3 -Wall -Wextra -Wpedantic","crc32_prefix","full_recompute","continuous",64,7,64,0,125.000,100,300,300,300,8000000.000,0.000,491.906,0,0,0,0,64,0,32,11463719248878796390
"Windows x86-64","Clang 21.1.0 ","-std=c11 -O3 -Wall -Wextra -Wpedantic","crc32_prefix","explicit_incremental","continuous",64,8,64,0,3.125,0,100,100,100,320000000.000,0.000,29.641,0,0,0,4,64,0,1,11463719248878796390
"Windows x86-64","Clang 21.1.0 ","-std=c11 -O3 -Wall -Wextra -Wpedantic","crc32_prefix","full_recompute","continuous",64,8,64,0,123.438,100,300,300,300,8101265.823,0.000,485.969,0,0,0,0,64,0,32,11463719248878796390
"Windows x86-64","Clang 21.1.0 ","-std=c11 -O3 -Wall -Wextra -Wpedantic","crc32_prefix","hidden_incremental","continuous",64,8,64,0,4.688,0,100,100,100,213333333.333,0.000,29.641,0,0,0,4,64,0,1,11463719248878796390
"Windows x86-64","Clang 21.1.0 ","-std=c11 -O3 -Wall -Wextra -Wpedantic","crc32_prefix","full_recompute","continuous",64,9,64,0,123.438,100,300,300,300,8101265.823,0.000,485.984,0,0,0,0,64,0,32,11463719248878796390
"Windows x86-64","Clang 21.1.0 ","-std=c11 -O3 -Wall -Wextra -Wpedantic","crc32_prefix","hidden_incremental","continuous",64,9,64,0,3.125,0,100,100,100,320000000.000,0.000,29.625,0,0,0,4,64,0,1,11463719248878796390
"Windows x86-64","Clang 21.1.0 ","-std=c11 -O3 -Wall -Wextra -Wpedantic","crc32_prefix","explicit_incremental","continuous",64,9,64,0,3.125,0,100,100,100,320000000.000,0.000,29.641,0,0,0,4,64,0,1,11463719248878796390
"Windows x86-64","Clang 21.1.0 ","-std=c11 -O3 -Wall -Wextra -Wpedantic","crc32_prefix","hidden_incremental","continuous",64,10,64,0,3.125,0,100,100,100,320000000.000,0.000,29.625,0,0,0,4,64,0,1,11463719248878796390
"Windows x86-64","Clang 21.1.0 ","-std=c11 -O3 -Wall -Wextra -Wpedantic","crc32_prefix","explicit_incremental","continuous",64,10,64,0,4.688,0,100,100,100,213333333.333,0.000,35.562,0,0,0,4,64,0,1,11463719248878796390
"Windows x86-64","Clang 21.1.0 ","-std=c11 -O3 -Wall -Wextra -Wpedantic","crc32_prefix","full_recompute","continuous",64,10,64,0,123.438,100,300,300,300,8101265.823,0.000,485.984,0,0,0,0,64,0,32,11463719248878796390
"Windows x86-64","Clang 21.1.0 ","-std=c11 -O3 -Wall -Wextra -Wpedantic","crc32_prefix","explicit_incremental","continuous",64,11,64,0,4.688,0,100,100,100,213333333.333,0.000,35.562,0,0,0,4,64,0,1,11463719248878796390
"Windows x86-64","Clang 21.1.0 ","-std=c11 -O3 -Wall -Wextra -Wpedantic","crc32_prefix","full_recompute","continuous",64,11,64,0,123.438,100,300,300,300,8101265.823,0.000,485.969,0,0,0,0,64,0,32,11463719248878796390
"Windows x86-64","Clang 21.1.0 ","-std=c11 -O3 -Wall -Wextra -Wpedantic","crc32_prefix","hidden_incremental","continuous",64,11,64,0,4.688,0,100,100,100,213333333.333,0.000,35.562,0,0,0,4,64,0,1,11463719248878796390
"Windows x86-64","Clang 21.1.0 ","-std=c11 -O3 -Wall -Wextra -Wpedantic","crc32_prefix","hidden_incremental","continuous",256,1,256,0,3.906,0,100,100,100,256000000.000,0.000,19.262,0,0,0,4,256,0,1,9999150710306448058
"Windows x86-64","Clang 21.1.0 ","-std=c11 -O3 -Wall -Wextra -Wpedantic","crc32_prefix","explicit_incremental","continuous",256,1,256,0,3.906,0,100,100,100,256000000.000,0.000,19.262,0,0,0,4,256,0,1,9999150710306448058
"Windows x86-64","Clang 21.1.0 ","-std=c11 -O3 -Wall -Wextra -Wpedantic","crc32_prefix","full_recompute","continuous",256,1,256,0,515.234,500,1000,1000,1100,1940864.291,0.000,1958.730,2,0,0,0,256,0,128,9999150710306448058
"Windows x86-64","Clang 21.1.0 ","-std=c11 -O3 -Wall -Wextra -Wpedantic","crc32_prefix","explicit_incremental","continuous",256,2,256,0,3.906,0,100,100,100,256000000.000,0.000,19.262,0,0,0,4,256,0,1,9999150710306448058
"Windows x86-64","Clang 21.1.0 ","-std=c11 -O3 -Wall -Wextra -Wpedantic","crc32_prefix","full_recompute","continuous",256,2,256,0,514.844,500,1000,1100,1100,1942336.874,0.000,1958.730,5,0,0,0,256,0,128,9999150710306448058
"Windows x86-64","Clang 21.1.0 ","-std=c11 -O3 -Wall -Wextra -Wpedantic","crc32_prefix","hidden_incremental","continuous",256,2,256,0,3.906,0,100,100,100,256000000.000,0.000,17.781,0,0,0,4,256,0,1,9999150710306448058
"Windows x86-64","Clang 21.1.0 ","-std=c11 -O3 -Wall -Wextra -Wpedantic","crc32_prefix","full_recompute","continuous",256,3,256,0,515.234,500,1000,1100,1100,1940864.291,0.000,1960.211,3,0,0,0,256,0,128,9999150710306448058
"Windows x86-64","Clang 21.1.0 ","-std=c11 -O3 -Wall -Wextra -Wpedantic","crc32_prefix","hidden_incremental","continuous",256,3,256,0,3.906,0,100,100,100,256000000.000,0.000,19.262,0,0,0,4,256,0,1,9999150710306448058
"Windows x86-64","Clang 21.1.0 ","-std=c11 -O3 -Wall -Wextra -Wpedantic","crc32_prefix","explicit_incremental","continuous",256,3,256,0,3.906,0,100,100,100,256000000.000,0.000,19.262,0,0,0,4,256,0,1,9999150710306448058
"Windows x86-64","Clang 21.1.0 ","-std=c11 -O3 -Wall -Wextra -Wpedantic","crc32_prefix","hidden_incremental","continuous",256,4,256,0,3.906,0,100,100,100,256000000.000,0.000,19.262,0,0,0,4,256,0,1,9999150710306448058
"Windows x86-64","Clang 21.1.0 ","-std=c11 -O3 -Wall -Wextra -Wpedantic","crc32_prefix","explicit_incremental","continuous",256,4,256,0,3.906,0,100,100,100,256000000.000,0.000,19.262,0,0,0,4,256,0,1,9999150710306448058
"Windows x86-64","Clang 21.1.0 ","-std=c11 -O3 -Wall -Wextra -Wpedantic","crc32_prefix","full_recompute","continuous",256,4,256,0,514.844,500,1000,1100,1100,1942336.874,0.000,1958.727,4,0,0,0,256,0,128,9999150710306448058
"Windows x86-64","Clang 21.1.0 ","-std=c11 -O3 -Wall -Wextra -Wpedantic","crc32_prefix","explicit_incremental","continuous",256,5,256,0,3.906,0,100,100,100,256000000.000,0.000,19.258,0,0,0,4,256,0,1,9999150710306448058
"Windows x86-64","Clang 21.1.0 ","-std=c11 -O3 -Wall -Wextra -Wpedantic","crc32_prefix","full_recompute","continuous",256,5,256,0,514.844,500,1000,1100,5400,1942336.874,0.000,1957.246,4,0,0,0,256,0,128,9999150710306448058
"Windows x86-64","Clang 21.1.0 ","-std=c11 -O3 -Wall -Wextra -Wpedantic","crc32_prefix","hidden_incremental","continuous",256,5,256,0,3.906,0,100,100,100,256000000.000,0.000,17.781,0,0,0,4,256,0,1,9999150710306448058
"Windows x86-64","Clang 21.1.0 ","-std=c11 -O3 -Wall -Wextra -Wpedantic","crc32_prefix","full_recompute","continuous",256,6,256,0,514.844,500,1000,1100,1100,1942336.874,0.000,1957.246,3,0,0,0,256,0,128,9999150710306448058
"Windows x86-64","Clang 21.1.0 ","-std=c11 -O3 -Wall -Wextra -Wpedantic","crc32_prefix","hidden_incremental","continuous",256,6,256,0,3.906,0,100,100,100,256000000.000,0.000,19.262,0,0,0,4,256,0,1,9999150710306448058
"Windows x86-64","Clang 21.1.0 ","-std=c11 -O3 -Wall -Wextra -Wpedantic","crc32_prefix","explicit_incremental","continuous",256,6,256,0,3.906,0,100,100,100,256000000.000,0.000,19.262,0,0,0,4,256,0,1,9999150710306448058
"Windows x86-64","Clang 21.1.0 ","-std=c11 -O3 -Wall -Wextra -Wpedantic","crc32_prefix","hidden_incremental","continuous",256,7,256,0,3.906,0,100,100,100,256000000.000,0.000,19.262,0,0,0,4,256,0,1,9999150710306448058
"Windows x86-64","Clang 21.1.0 ","-std=c11 -O3 -Wall -Wextra -Wpedantic","crc32_prefix","explicit_incremental","continuous",256,7,256,0,3.906,0,100,100,100,256000000.000,0.000,19.262,0,0,0,4,256,0,1,9999150710306448058
"Windows x86-64","Clang 21.1.0 ","-std=c11 -O3 -Wall -Wextra -Wpedantic","crc32_prefix","full_recompute","continuous",256,7,256,0,514.844,500,1000,1000,1100,1942336.874,0.000,1957.246,2,0,0,0,256,0,128,9999150710306448058
"Windows x86-64","Clang 21.1.0 ","-std=c11 -O3 -Wall -Wextra -Wpedantic","crc32_prefix","explicit_incremental","continuous",256,8,256,0,3.906,0,100,100,100,256000000.000,0.000,19.258,0,0,0,4,256,0,1,9999150710306448058
"Windows x86-64","Clang 21.1.0 ","-std=c11 -O3 -Wall -Wextra -Wpedantic","crc32_prefix","full_recompute","continuous",256,8,256,0,514.453,500,1000,1100,1100,1943811.693,0.000,1958.727,4,0,0,0,256,0,128,9999150710306448058
"Windows x86-64","Clang 21.1.0 ","-std=c11 -O3 -Wall -Wextra -Wpedantic","crc32_prefix","hidden_incremental","continuous",256,8,256,0,5.469,0,100,100,6400,182857142.857,0.000,25.191,1,0,0,4,256,0,1,9999150710306448058
"Windows x86-64","Clang 21.1.0 ","-std=c11 -O3 -Wall -Wextra -Wpedantic","crc32_prefix","full_recompute","continuous",256,9,256,0,537.500,500,1000,1000,1100,1860465.116,0.000,2017.992,1,0,0,0,256,0,128,9999150710306448058
"Windows x86-64","Clang 21.1.0 ","-std=c11 -O3 -Wall -Wextra -Wpedantic","crc32_prefix","hidden_incremental","continuous",256,9,256,0,3.906,0,100,100,100,256000000.000,0.000,19.262,0,0,0,4,256,0,1,9999150710306448058
"Windows x86-64","Clang 21.1.0 ","-std=c11 -O3 -Wall -Wextra -Wpedantic","crc32_prefix","explicit_incremental","continuous",256,9,256,0,3.906,0,100,100,100,256000000.000,0.000,19.262,0,0,0,4,256,0,1,9999150710306448058
"Windows x86-64","Clang 21.1.0 ","-std=c11 -O3 -Wall -Wextra -Wpedantic","crc32_prefix","hidden_incremental","continuous",256,10,256,0,3.906,0,100,100,100,256000000.000,0.000,17.781,0,0,0,4,256,0,1,9999150710306448058
"Windows x86-64","Clang 21.1.0 ","-std=c11 -O3 -Wall -Wextra -Wpedantic","crc32_prefix","explicit_incremental","continuous",256,10,256,0,3.906,0,100,100,100,256000000.000,0.000,17.781,0,0,0,4,256,0,1,9999150710306448058
"Windows x86-64","Clang 21.1.0 ","-std=c11 -O3 -Wall -Wextra -Wpedantic","crc32_prefix","full_recompute","continuous",256,10,256,0,514.453,500,1000,1100,1100,1943811.693,0.000,1957.246,4,0,0,0,256,0,128,9999150710306448058
"Windows x86-64","Clang 21.1.0 ","-std=c11 -O3 -Wall -Wextra -Wpedantic","crc32_prefix","explicit_incremental","continuous",256,11,256,0,3.906,0,100,100,100,256000000.000,0.000,19.262,0,0,0,4,256,0,1,9999150710306448058
"Windows x86-64","Clang 21.1.0 ","-std=c11 -O3 -Wall -Wextra -Wpedantic","crc32_prefix","full_recompute","continuous",256,11,256,0,514.453,500,1000,1100,1100,1943811.693,0.000,1957.246,3,0,0,0,256,0,128,9999150710306448058
"Windows x86-64","Clang 21.1.0 ","-std=c11 -O3 -Wall -Wextra -Wpedantic","crc32_prefix","hidden_incremental","continuous",256,11,256,0,3.906,0,100,100,100,256000000.000,0.000,19.258,0,0,0,4,256,0,1,9999150710306448058
"Windows x86-64","Clang 21.1.0 ","-std=c11 -O3 -Wall -Wextra -Wpedantic","crc32_prefix","hidden_incremental","continuous",1024,1,1024,0,3.906,0,100,100,100,256000000.000,0.000,15.558,0,0,0,4,1024,0,1,8930979102366903095
"Windows x86-64","Clang 21.1.0 ","-std=c11 -O3 -Wall -Wextra -Wpedantic","crc32_prefix","explicit_incremental","continuous",1024,1,1024,0,3.809,0,100,100,100,262564102.564,0.000,15.927,0,0,0,4,1024,0,1,8930979102366903095
"Windows x86-64","Clang 21.1.0 ","-std=c11 -O3 -Wall -Wextra -Wpedantic","crc32_prefix","full_recompute","continuous",1024,1,1024,0,2087.598,2100,4000,4100,5600,479019.507,730.926,7917.147,770,0,0,0,1024,0,512,8930979102366903095
"Windows x86-64","Clang 21.1.0 ","-std=c11 -O3 -Wall -Wextra -Wpedantic","crc32_prefix","explicit_incremental","continuous",1024,2,1024,0,3.809,0,100,100,100,262564102.564,0.000,15.558,0,0,0,4,1024,0,1,8930979102366903095
"Windows x86-64","Clang 21.1.0 ","-std=c11 -O3 -Wall -Wextra -Wpedantic","crc32_prefix","full_recompute","continuous",1024,2,1024,0,2082.812,2100,4000,4100,11800,480120.030,0.000,7896.033,770,1,0,0,1024,0,512,8930979102366903095
"Windows x86-64","Clang 21.1.0 ","-std=c11 -O3 -Wall -Wextra -Wpedantic","crc32_prefix","hidden_incremental","continuous",1024,2,1024,0,3.809,0,100,100,100,262564102.564,0.000,15.928,0,0,0,4,1024,0,1,8930979102366903095
"Windows x86-64","Clang 21.1.0 ","-std=c11 -O3 -Wall -Wextra -Wpedantic","crc32_prefix","full_recompute","continuous",1024,3,1024,0,2075.977,2100,4000,4100,7300,481701.007,0.000,7866.771,768,0,0,0,1024,0,512,8930979102366903095
"Windows x86-64","Clang 21.1.0 ","-std=c11 -O3 -Wall -Wextra -Wpedantic","crc32_prefix","hidden_incremental","continuous",1024,3,1024,0,3.906,0,100,100,100,256000000.000,0.000,15.928,0,0,0,4,1024,0,1,8930979102366903095
"Windows x86-64","Clang 21.1.0 ","-std=c11 -O3 -Wall -Wextra -Wpedantic","crc32_prefix","explicit_incremental","continuous",1024,3,1024,0,3.809,0,100,100,100,262564102.564,0.000,15.928,0,0,0,4,1024,0,1,8930979102366903095
"Windows x86-64","Clang 21.1.0 ","-std=c11 -O3 -Wall -Wextra -Wpedantic","crc32_prefix","hidden_incremental","continuous",1024,4,1024,0,3.906,0,100,100,100,256000000.000,0.000,15.558,0,0,0,4,1024,0,1,8930979102366903095
"Windows x86-64","Clang 21.1.0 ","-std=c11 -O3 -Wall -Wextra -Wpedantic","crc32_prefix","explicit_incremental","continuous",1024,4,1024,0,4.492,0,100,100,400,222608695.652,339673.913,18.150,0,0,0,4,1024,0,1,8930979102366903095
"Windows x86-64","Clang 21.1.0 ","-std=c11 -O3 -Wall -Wextra -Wpedantic","crc32_prefix","full_recompute","continuous",1024,4,1024,0,2085.742,2100,4000,4100,7600,479445.641,0.000,7907.517,768,0,0,0,1024,0,512,8930979102366903095
"Windows x86-64","Clang 21.1.0 ","-std=c11 -O3 -Wall -Wextra -Wpedantic","crc32_prefix","explicit_incremental","continuous",1024,5,1024,0,3.906,0,100,100,100,256000000.000,0.000,15.928,0,0,0,4,1024,0,1,8930979102366903095
"Windows x86-64","Clang 21.1.0 ","-std=c11 -O3 -Wall -Wextra -Wpedantic","crc32_prefix","full_recompute","continuous",1024,5,1024,0,2075.586,2100,4000,4100,10000,481791.663,0.000,7868.992,769,0,0,0,1024,0,512,8930979102366903095
"Windows x86-64","Clang 21.1.0 ","-std=c11 -O3 -Wall -Wextra -Wpedantic","crc32_prefix","hidden_incremental","continuous",1024,5,1024,0,3.906,0,100,100,100,256000000.000,0.000,15.558,0,0,0,4,1024,0,1,8930979102366903095
"Windows x86-64","Clang 21.1.0 ","-std=c11 -O3 -Wall -Wextra -Wpedantic","crc32_prefix","full_recompute","continuous",1024,6,1024,0,2074.219,2100,4000,4100,6000,482109.228,0.000,7864.178,770,0,0,0,1024,0,512,8930979102366903095
"Windows x86-64","Clang 21.1.0 ","-std=c11 -O3 -Wall -Wextra -Wpedantic","crc32_prefix","hidden_incremental","continuous",1024,6,1024,0,3.906,0,100,100,100,256000000.000,0.000,15.928,0,0,0,4,1024,0,1,8930979102366903095
"Windows x86-64","Clang 21.1.0 ","-std=c11 -O3 -Wall -Wextra -Wpedantic","crc32_prefix","explicit_incremental","continuous",1024,6,1024,0,3.906,0,100,100,100,256000000.000,0.000,15.928,0,0,0,4,1024,0,1,8930979102366903095
"Windows x86-64","Clang 21.1.0 ","-std=c11 -O3 -Wall -Wextra -Wpedantic","crc32_prefix","hidden_incremental","continuous",1024,7,1024,0,3.906,0,100,100,100,256000000.000,0.000,15.928,0,0,0,4,1024,0,1,8930979102366903095
"Windows x86-64","Clang 21.1.0 ","-std=c11 -O3 -Wall -Wextra -Wpedantic","crc32_prefix","explicit_incremental","continuous",1024,7,1024,0,3.906,0,100,100,100,256000000.000,0.000,15.558,0,0,0,4,1024,0,1,8930979102366903095
"Windows x86-64","Clang 21.1.0 ","-std=c11 -O3 -Wall -Wextra -Wpedantic","crc32_prefix","full_recompute","continuous",1024,7,1024,0,2078.809,2100,4000,4100,45000,481044.769,0.000,7876.402,768,1,0,0,1024,0,512,8930979102366903095
"Windows x86-64","Clang 21.1.0 ","-std=c11 -O3 -Wall -Wextra -Wpedantic","crc32_prefix","explicit_incremental","continuous",1024,8,1024,0,3.906,0,100,100,100,256000000.000,0.000,15.557,0,0,0,4,1024,0,1,8930979102366903095
"Windows x86-64","Clang 21.1.0 ","-std=c11 -O3 -Wall -Wextra -Wpedantic","crc32_prefix","full_recompute","continuous",1024,8,1024,0,2076.660,2100,4000,4100,9700,481542.441,734.775,7871.586,769,0,0,0,1024,0,512,8930979102366903095
"Windows x86-64","Clang 21.1.0 ","-std=c11 -O3 -Wall -Wextra -Wpedantic","crc32_prefix","hidden_incremental","continuous",1024,8,1024,0,3.906,0,100,100,100,256000000.000,0.000,15.557,0,0,0,4,1024,0,1,8930979102366903095
"Windows x86-64","Clang 21.1.0 ","-std=c11 -O3 -Wall -Wextra -Wpedantic","crc32_prefix","full_recompute","continuous",1024,9,1024,0,2081.543,2100,4000,4100,9200,480412.855,0.000,7876.030,768,0,0,0,1024,0,512,8930979102366903095
"Windows x86-64","Clang 21.1.0 ","-std=c11 -O3 -Wall -Wextra -Wpedantic","crc32_prefix","hidden_incremental","continuous",1024,9,1024,0,3.906,0,100,100,100,256000000.000,0.000,16.298,0,0,0,4,1024,0,1,8930979102366903095
"Windows x86-64","Clang 21.1.0 ","-std=c11 -O3 -Wall -Wextra -Wpedantic","crc32_prefix","explicit_incremental","continuous",1024,9,1024,0,3.906,0,100,100,100,256000000.000,0.000,15.557,0,0,0,4,1024,0,1,8930979102366903095
"Windows x86-64","Clang 21.1.0 ","-std=c11 -O3 -Wall -Wextra -Wpedantic","crc32_prefix","hidden_incremental","continuous",1024,10,1024,0,3.809,0,100,100,100,262564102.564,0.000,15.557,0,0,0,4,1024,0,1,8930979102366903095
"Windows x86-64","Clang 21.1.0 ","-std=c11 -O3 -Wall -Wextra -Wpedantic","crc32_prefix","explicit_incremental","continuous",1024,10,1024,0,3.809,0,100,100,100,262564102.564,0.000,15.557,0,0,0,4,1024,0,1,8930979102366903095
"Windows x86-64","Clang 21.1.0 ","-std=c11 -O3 -Wall -Wextra -Wpedantic","crc32_prefix","full_recompute","continuous",1024,10,1024,0,2075.488,2100,4000,4100,8000,481814.332,0.000,7868.994,769,0,0,0,1024,0,512,8930979102366903095
"Windows x86-64","Clang 21.1.0 ","-std=c11 -O3 -Wall -Wextra -Wpedantic","crc32_prefix","explicit_incremental","continuous",1024,11,1024,0,3.906,0,100,100,100,256000000.000,0.000,15.557,0,0,0,4,1024,0,1,8930979102366903095
"Windows x86-64","Clang 21.1.0 ","-std=c11 -O3 -Wall -Wextra -Wpedantic","crc32_prefix","full_recompute","continuous",1024,11,1024,0,2129.980,2100,4000,4100,6600,469487.873,0.000,7980.488,769,0,0,0,1024,0,512,8930979102366903095
"Windows x86-64","Clang 21.1.0 ","-std=c11 -O3 -Wall -Wextra -Wpedantic","crc32_prefix","hidden_incremental","continuous",1024,11,1024,0,3.809,0,100,100,100,262564102.564,0.000,15.928,0,0,0,4,1024,0,1,8930979102366903095
"Windows x86-64","Clang 21.1.0 ","-std=c11 -O3 -Wall -Wextra -Wpedantic","crc32_prefix","hidden_incremental","continuous",4096,1,4096,0,3.882,0,100,100,500,257610062.893,0.000,14.909,0,0,0,4,4096,0,1,12612518676279955272
"Windows x86-64","Clang 21.1.0 ","-std=c11 -O3 -Wall -Wextra -Wpedantic","crc32_prefix","explicit_incremental","continuous",4096,1,4096,0,3.857,0,100,100,1100,259240506.329,0.000,14.816,1,0,0,4,4096,0,1,12612518676279955272
"Windows x86-64","Clang 21.1.0 ","-std=c11 -O3 -Wall -Wextra -Wpedantic","crc32_prefix","full_recompute","continuous",4096,1,4096,0,8329.370,8300,15900,16500,120400,120057.097,91.596,31560.056,3840,1626,1,0,4096,0,2048,12612518676279955272
"Windows x86-64","Clang 21.1.0 ","-std=c11 -O3 -Wall -Wextra -Wpedantic","crc32_prefix","explicit_incremental","continuous",4096,2,4096,0,3.833,0,100,100,200,260891719.745,0.000,14.816,0,0,0,4,4096,0,1,12612518676279955272
"Windows x86-64","Clang 21.1.0 ","-std=c11 -O3 -Wall -Wextra -Wpedantic","crc32_prefix","full_recompute","continuous",4096,2,4096,0,8322.437,8300,15800,16500,37200,120157.120,91.673,31533.016,3844,1624,0,0,4096,0,2048,12612518676279955272
"Windows x86-64","Clang 21.1.0 ","-std=c11 -O3 -Wall -Wextra -Wpedantic","crc32_prefix","hidden_incremental","continuous",4096,2,4096,0,3.833,0,100,100,500,260891719.745,0.000,14.909,0,0,0,4,4096,0,1,12612518676279955272
"Windows x86-64","Clang 21.1.0 ","-std=c11 -O3 -Wall -Wextra -Wpedantic","crc32_prefix","full_recompute","continuous",4096,3,4096,0,8326.709,8300,15800,16500,62700,120095.467,91.626,31543.573,3840,1622,0,0,4096,0,2048,12612518676279955272
"Windows x86-64","Clang 21.1.0 ","-std=c11 -O3 -Wall -Wextra -Wpedantic","crc32_prefix","hidden_incremental","continuous",4096,3,4096,0,3.833,0,100,100,100,260891719.745,0.000,14.816,0,0,0,4,4096,0,1,12612518676279955272
"Windows x86-64","Clang 21.1.0 ","-std=c11 -O3 -Wall -Wextra -Wpedantic","crc32_prefix","explicit_incremental","continuous",4096,3,4096,0,3.833,0,100,100,100,260891719.745,0.000,14.909,0,0,0,4,4096,0,1,12612518676279955272
"Windows x86-64","Clang 21.1.0 ","-std=c11 -O3 -Wall -Wextra -Wpedantic","crc32_prefix","hidden_incremental","continuous",4096,4,4096,0,3.833,0,100,100,100,260891719.745,99522.293,14.816,0,0,0,4,4096,0,1,12612518676279955272
"Windows x86-64","Clang 21.1.0 ","-std=c11 -O3 -Wall -Wextra -Wpedantic","crc32_prefix","explicit_incremental","continuous",4096,4,4096,0,3.833,0,100,100,100,260891719.745,0.000,14.724,0,0,0,4,4096,0,1,12612518676279955272
"Windows x86-64","Clang 21.1.0 ","-std=c11 -O3 -Wall -Wextra -Wpedantic","crc32_prefix","full_recompute","continuous",4096,4,4096,0,8334.912,8300,15800,16500,24900,119977.270,91.535,31552.463,3835,1624,0,0,4096,0,2048,12612518676279955272
"Windows x86-64","Clang 21.1.0 ","-std=c11 -O3 -Wall -Wextra -Wpedantic","crc32_prefix","explicit_incremental","continuous",4096,5,4096,0,3.833,0,100,100,100,260891719.745,0.000,14.816,0,0,0,4,4096,0,1,12612518676279955272
"Windows x86-64","Clang 21.1.0 ","-std=c11 -O3 -Wall -Wextra -Wpedantic","crc32_prefix","full_recompute","continuous",4096,5,4096,0,8356.201,8300,15800,16500,28800,119671.604,136.953,31558.575,3843,1623,0,0,4096,0,2048,12612518676279955272
"Windows x86-64","Clang 21.1.0 ","-std=c11 -O3 -Wall -Wextra -Wpedantic","crc32_prefix","hidden_incremental","continuous",4096,5,4096,0,3.833,0,100,100,300,260891719.745,0.000,14.909,0,0,0,4,4096,0,1,12612518676279955272
"Windows x86-64","Clang 21.1.0 ","-std=c11 -O3 -Wall -Wextra -Wpedantic","crc32_prefix","full_recompute","continuous",4096,6,4096,0,8353.223,8300,15800,16500,53400,119714.276,91.335,31621.545,3842,1625,0,0,4096,0,2048,12612518676279955272
"Windows x86-64","Clang 21.1.0 ","-std=c11 -O3 -Wall -Wextra -Wpedantic","crc32_prefix","hidden_incremental","continuous",4096,6,4096,0,3.857,0,100,100,100,259240506.329,0.000,15.002,0,0,0,4,4096,0,1,12612518676279955272
"Windows x86-64","Clang 21.1.0 ","-std=c11 -O3 -Wall -Wextra -Wpedantic","crc32_prefix","explicit_incremental","continuous",4096,6,4096,0,3.833,0,100,100,100,260891719.745,0.000,14.816,0,0,0,4,4096,0,1,12612518676279955272
"Windows x86-64","Clang 21.1.0 ","-std=c11 -O3 -Wall -Wextra -Wpedantic","crc32_prefix","hidden_incremental","continuous",4096,7,4096,0,3.833,0,100,100,200,260891719.745,0.000,15.002,0,0,0,4,4096,0,1,12612518676279955272
"Windows x86-64","Clang 21.1.0 ","-std=c11 -O3 -Wall -Wextra -Wpedantic","crc32_prefix","explicit_incremental","continuous",4096,7,4096,0,3.833,0,100,100,100,260891719.745,0.000,14.816,0,0,0,4,4096,0,1,12612518676279955272
"Windows x86-64","Clang 21.1.0 ","-std=c11 -O3 -Wall -Wextra -Wpedantic","crc32_prefix","full_recompute","continuous",4096,7,4096,0,8403.857,8300,15800,16500,25000,118992.975,136.177,31818.788,3840,1636,0,0,4096,0,2048,12612518676279955272
"Windows x86-64","Clang 21.1.0 ","-std=c11 -O3 -Wall -Wextra -Wpedantic","crc32_prefix","explicit_incremental","continuous",4096,8,4096,0,5.225,0,100,100,300,191401869.159,0.000,20.558,0,0,0,4,4096,0,1,12612518676279955272
"Windows x86-64","Clang 21.1.0 ","-std=c11 -O3 -Wall -Wextra -Wpedantic","crc32_prefix","full_recompute","continuous",4096,8,4096,0,8398.267,8500,16300,17600,28000,119072.190,90.845,31789.804,3844,1626,0,0,4096,0,2048,12612518676279955272
"Windows x86-64","Clang 21.1.0 ","-std=c11 -O3 -Wall -Wextra -Wpedantic","crc32_prefix","hidden_incremental","continuous",4096,8,4096,0,3.833,0,100,100,100,260891719.745,0.000,14.909,0,0,0,4,4096,0,1,12612518676279955272
"Windows x86-64","Clang 21.1.0 ","-std=c11 -O3 -Wall -Wextra -Wpedantic","crc32_prefix","full_recompute","continuous",4096,9,4096,0,8412.427,8500,16000,16700,28300,118871.763,90.692,31845.550,3840,1656,0,0,4096,0,2048,12612518676279955272
"Windows x86-64","Clang 21.1.0 ","-std=c11 -O3 -Wall -Wextra -Wpedantic","crc32_prefix","hidden_incremental","continuous",4096,9,4096,0,3.857,0,100,100,200,259240506.329,0.000,15.002,0,0,0,4,4096,0,1,12612518676279955272
"Windows x86-64","Clang 21.1.0 ","-std=c11 -O3 -Wall -Wextra -Wpedantic","crc32_prefix","explicit_incremental","continuous",4096,9,4096,0,3.833,0,100,100,200,260891719.745,0.000,14.909,0,0,0,4,4096,0,1,12612518676279955272
"Windows x86-64","Clang 21.1.0 ","-std=c11 -O3 -Wall -Wextra -Wpedantic","crc32_prefix","hidden_incremental","continuous",4096,10,4096,0,3.833,0,100,100,200,260891719.745,0.000,14.909,0,0,0,4,4096,0,1,12612518676279955272
"Windows x86-64","Clang 21.1.0 ","-std=c11 -O3 -Wall -Wextra -Wpedantic","crc32_prefix","explicit_incremental","continuous",4096,10,4096,0,3.833,0,100,100,100,260891719.745,0.000,14.816,0,0,0,4,4096,0,1,12612518676279955272
"Windows x86-64","Clang 21.1.0 ","-std=c11 -O3 -Wall -Wextra -Wpedantic","crc32_prefix","full_recompute","continuous",4096,10,4096,0,8415.283,8500,15900,16600,32500,118831.414,135.992,31869.349,3847,1638,0,0,4096,0,2048,12612518676279955272
"Windows x86-64","Clang 21.1.0 ","-std=c11 -O3 -Wall -Wextra -Wpedantic","crc32_prefix","explicit_incremental","continuous",4096,11,4096,0,3.857,0,100,100,100,259240506.329,0.000,15.001,0,0,0,4,4096,0,1,12612518676279955272
"Windows x86-64","Clang 21.1.0 ","-std=c11 -O3 -Wall -Wextra -Wpedantic","crc32_prefix","full_recompute","continuous",4096,11,4096,0,8443.262,8400,15900,16700,22500,118437.641,90.361,31938.059,3848,1635,0,0,4096,0,2048,12612518676279955272
"Windows x86-64","Clang 21.1.0 ","-std=c11 -O3 -Wall -Wextra -Wpedantic","crc32_prefix","hidden_incremental","continuous",4096,11,4096,0,5.908,0,100,100,100,169256198.347,0.000,22.780,0,0,0,4,4096,0,1,12612518676279955272
"Windows x86-64","Clang 21.1.0 ","-std=c11 -O3 -Wall -Wextra -Wpedantic","pid_controller","hidden_state","continuous",1,1,100000,0,3.663,0,100,100,4200,273000273.000,0.000,13.939,2,0,0,24,0,0,16,4211456596959145649
"Windows x86-64","Clang 21.1.0 ","-std=c11 -O3 -Wall -Wextra -Wpedantic","pid_controller","explicit_state","continuous",1,1,100000,0,3.503,0,100,100,8500,285469597.488,0.000,13.325,5,0,0,24,0,0,16,4211456596959145649
"Windows x86-64","Clang 21.1.0 ","-std=c11 -O3 -Wall -Wextra -Wpedantic","pid_controller","explicit_state","continuous",1,2,100000,0,3.247,0,100,100,7900,307976593.779,0.000,12.342,13,0,0,24,0,0,16,4211456596959145649
"Windows x86-64","Clang 21.1.0 ","-std=c11 -O3 -Wall -Wextra -Wpedantic","pid_controller","hidden_state","continuous",1,2,100000,0,3.574,0,100,100,5000,279798545.048,0.000,13.590,11,0,0,24,0,0,16,4211456596959145649
"Windows x86-64","Clang 21.1.0 ","-std=c11 -O3 -Wall -Wextra -Wpedantic","pid_controller","hidden_state","continuous",1,3,100000,0,3.382,0,100,100,3000,295683027.794,0.000,12.851,5,0,0,24,0,0,16,4211456596959145649
"Windows x86-64","Clang 21.1.0 ","-std=c11 -O3 -Wall -Wextra -Wpedantic","pid_controller","explicit_state","continuous",1,3,100000,0,3.333,0,100,100,5800,300030003.000,0.000,12.710,8,0,0,24,0,0,16,4211456596959145649
"Windows x86-64","Clang 21.1.0 ","-std=c11 -O3 -Wall -Wextra -Wpedantic","pid_controller","explicit_state","continuous",1,4,100000,0,3.271,0,100,100,15700,305716906.145,0.000,12.433,3,1,0,24,0,0,16,4211456596959145649
"Windows x86-64","Clang 21.1.0 ","-std=c11 -O3 -Wall -Wextra -Wpedantic","pid_controller","hidden_state","continuous",1,4,100000,0,3.302,0,100,100,7500,302846759.540,0.000,12.551,7,0,0,24,0,0,16,4211456596959145649
"Windows x86-64","Clang 21.1.0 ","-std=c11 -O3 -Wall -Wextra -Wpedantic","pid_controller","hidden_state","continuous",1,5,100000,0,3.378,0,100,100,19400,296033155.713,4625.518,12.817,11,2,0,24,0,0,16,4211456596959145649
"Windows x86-64","Clang 21.1.0 ","-std=c11 -O3 -Wall -Wextra -Wpedantic","pid_controller","explicit_state","continuous",1,5,100000,0,3.182,0,100,100,8100,314267756.128,0.000,12.130,1,0,0,24,0,0,16,4211456596959145649
"Windows x86-64","Clang 21.1.0 ","-std=c11 -O3 -Wall -Wextra -Wpedantic","pid_controller","explicit_state","continuous",1,6,100000,0,3.366,0,100,100,6300,297088532.383,0.000,12.722,2,0,0,24,0,0,16,4211456596959145649
"Windows x86-64","Clang 21.1.0 ","-std=c11 -O3 -Wall -Wextra -Wpedantic","pid_controller","hidden_state","continuous",1,6,100000,0,4.727,0,100,100,28600,211550666.385,0.000,17.971,2,2,0,24,0,0,16,4211456596959145649
"Windows x86-64","Clang 21.1.0 ","-std=c11 -O3 -Wall -Wextra -Wpedantic","pid_controller","hidden_state","continuous",1,7,100000,0,4.786,0,100,100,12700,208942749.687,0.000,18.184,1,1,0,24,0,0,16,4211456596959145649
"Windows x86-64","Clang 21.1.0 ","-std=c11 -O3 -Wall -Wextra -Wpedantic","pid_controller","explicit_state","continuous",1,7,100000,0,3.163,0,100,100,16400,316155548.530,0.000,12.020,2,1,0,24,0,0,16,4211456596959145649
"Windows x86-64","Clang 21.1.0 ","-std=c11 -O3 -Wall -Wextra -Wpedantic","pid_controller","explicit_state","continuous",1,8,100000,0,3.277,0,100,100,12800,305157155.935,0.000,12.456,3,1,0,24,0,0,16,4211456596959145649
"Windows x86-64","Clang 21.1.0 ","-std=c11 -O3 -Wall -Wextra -Wpedantic","pid_controller","hidden_state","continuous",1,8,100000,0,3.314,0,100,100,7100,301750150.875,0.000,12.521,4,0,0,24,0,0,16,4211456596959145649
"Windows x86-64","Clang 21.1.0 ","-std=c11 -O3 -Wall -Wextra -Wpedantic","pid_controller","hidden_state","continuous",1,9,100000,0,3.242,0,100,100,7700,308451573.103,0.000,12.267,3,0,0,24,0,0,16,4211456596959145649
"Windows x86-64","Clang 21.1.0 ","-std=c11 -O3 -Wall -Wextra -Wpedantic","pid_controller","explicit_state","continuous",1,9,100000,0,4.249,0,100,100,16700,235349493.999,0.000,15.950,8,1,0,24,0,0,16,4211456596959145649
"Windows x86-64","Clang 21.1.0 ","-std=c11 -O3 -Wall -Wextra -Wpedantic","pid_controller","explicit_state","continuous",1,10,100000,0,3.450,0,100,100,10700,289855072.464,0.000,13.063,1,1,0,24,0,0,16,4211456596959145649
"Windows x86-64","Clang 21.1.0 ","-std=c11 -O3 -Wall -Wextra -Wpedantic","pid_controller","hidden_state","continuous",1,10,100000,0,3.162,0,100,100,9200,316255534.472,0.000,12.031,5,0,0,24,0,0,16,4211456596959145649
"Windows x86-64","Clang 21.1.0 ","-std=c11 -O3 -Wall -Wextra -Wpedantic","pid_controller","hidden_state","continuous",1,11,100000,0,3.242,0,100,100,16600,308451573.103,0.000,12.323,3,1,0,24,0,0,16,4211456596959145649
"Windows x86-64","Clang 21.1.0 ","-std=c11 -O3 -Wall -Wextra -Wpedantic","pid_controller","explicit_state","continuous",1,11,100000,0,4.775,0,100,100,12200,209424083.770,3272.251,18.138,3,1,0,24,0,0,16,4211456596959145649
"Windows x86-64","Clang 21.1.0 ","-std=c11 -O3 -Wall -Wextra -Wpedantic","sensor_monitor","event_incremental","no_change",64,1,20000,0,1.985,0,100,100,300,503778337.531,0.000,7.643,0,0,0,8,64,0,0,5245127393368204627
"Windows x86-64","Clang 21.1.0 ","-std=c11 -O3 -Wall -Wextra -Wpedantic","sensor_monitor","periodic_recompute","no_change",64,1,20000,0,27.990,0,100,100,11000,35727045.373,0.000,106.337,2,1,0,0,64,0,64,5245127393368204627
"Windows x86-64","Clang 21.1.0 ","-std=c11 -O3 -Wall -Wextra -Wpedantic","sensor_monitor","periodic_recompute","no_change",64,2,20000,0,28.430,0,100,100,400,35174111.854,0.000,107.057,0,0,0,0,64,0,64,5245127393368204627
"Windows x86-64","Clang 21.1.0 ","-std=c11 -O3 -Wall -Wextra -Wpedantic","sensor_monitor","event_incremental","no_change",64,2,20000,0,1.920,0,100,100,4800,520833333.333,0.000,7.396,1,0,0,8,64,0,0,5245127393368204627
"Windows x86-64","Clang 21.1.0 ","-std=c11 -O3 -Wall -Wextra -Wpedantic","sensor_monitor","event_incremental","no_change",64,3,20000,0,2.015,0,100,100,200,496277915.633,0.000,7.738,0,0,0,8,64,0,0,5245127393368204627
"Windows x86-64","Clang 21.1.0 ","-std=c11 -O3 -Wall -Wextra -Wpedantic","sensor_monitor","periodic_recompute","no_change",64,3,20000,0,27.615,0,100,100,400,36212203.513,0.000,104.858,0,0,0,0,64,0,64,5245127393368204627
"Windows x86-64","Clang 21.1.0 ","-std=c11 -O3 -Wall -Wextra -Wpedantic","sensor_monitor","periodic_recompute","no_change",64,4,20000,0,26.690,0,100,100,500,37467216.186,0.000,101.406,0,0,0,0,64,0,64,5245127393368204627
"Windows x86-64","Clang 21.1.0 ","-std=c11 -O3 -Wall -Wextra -Wpedantic","sensor_monitor","event_incremental","no_change",64,4,20000,0,1.825,0,100,100,15000,547945205.479,0.000,7.036,1,1,0,8,64,0,0,5245127393368204627
"Windows x86-64","Clang 21.1.0 ","-std=c11 -O3 -Wall -Wextra -Wpedantic","sensor_monitor","event_incremental","no_change",64,5,20000,0,2.145,0,100,100,300,466200466.200,0.000,8.250,0,0,0,8,64,0,0,5245127393368204627
"Windows x86-64","Clang 21.1.0 ","-std=c11 -O3 -Wall -Wextra -Wpedantic","sensor_monitor","periodic_recompute","no_change",64,5,20000,0,25.090,0,100,100,5700,39856516.540,0.000,93.478,1,0,0,0,64,0,64,5245127393368204627
"Windows x86-64","Clang 21.1.0 ","-std=c11 -O3 -Wall -Wextra -Wpedantic","sensor_monitor","periodic_recompute","no_change",64,6,20000,0,23.740,0,100,100,13300,42122999.158,0.000,90.179,1,1,0,0,64,0,64,5245127393368204627
"Windows x86-64","Clang 21.1.0 ","-std=c11 -O3 -Wall -Wextra -Wpedantic","sensor_monitor","event_incremental","no_change",64,6,20000,0,2.080,0,100,100,3300,480769230.769,0.000,7.965,1,0,0,8,64,0,0,5245127393368204627
"Windows x86-64","Clang 21.1.0 ","-std=c11 -O3 -Wall -Wextra -Wpedantic","sensor_monitor","event_incremental","no_change",64,7,20000,0,2.030,0,100,100,10400,492610837.438,0.000,7.776,2,1,0,8,64,0,0,5245127393368204627
"Windows x86-64","Clang 21.1.0 ","-std=c11 -O3 -Wall -Wextra -Wpedantic","sensor_monitor","periodic_recompute","no_change",64,7,20000,0,22.115,0,100,100,5400,45218177.707,0.000,83.920,1,0,0,0,64,0,64,5245127393368204627
"Windows x86-64","Clang 21.1.0 ","-std=c11 -O3 -Wall -Wextra -Wpedantic","sensor_monitor","periodic_recompute","no_change",64,8,20000,0,29.325,0,100,100,300,34100596.760,0.000,111.362,0,0,0,0,64,0,64,5245127393368204627
"Windows x86-64","Clang 21.1.0 ","-std=c11 -O3 -Wall -Wextra -Wpedantic","sensor_monitor","event_incremental","no_change",64,8,20000,0,1.975,0,100,100,22700,506329113.924,0.000,7.586,1,1,0,8,64,0,0,5245127393368204627
"Windows x86-64","Clang 21.1.0 ","-std=c11 -O3 -Wall -Wextra -Wpedantic","sensor_monitor","event_incremental","no_change",64,9,20000,0,1.915,0,100,100,300,522193211.488,0.000,7.358,0,0,0,8,64,0,0,5245127393368204627
"Windows x86-64","Clang 21.1.0 ","-std=c11 -O3 -Wall -Wextra -Wpedantic","sensor_monitor","periodic_recompute","no_change",64,9,20000,0,28.905,0,100,100,8700,34596090.642,0.000,109.826,3,0,0,0,64,0,64,5245127393368204627
"Windows x86-64","Clang 21.1.0 ","-std=c11 -O3 -Wall -Wextra -Wpedantic","sensor_monitor","periodic_recompute","no_change",64,10,20000,0,29.875,0,100,100,700,33472803.347,0.000,112.842,0,0,0,0,64,0,64,5245127393368204627
"Windows x86-64","Clang 21.1.0 ","-std=c11 -O3 -Wall -Wextra -Wpedantic","sensor_monitor","event_incremental","no_change",64,10,20000,0,1.130,0,100,100,300,884955752.212,0.000,4.362,0,0,0,8,64,0,0,5245127393368204627
"Windows x86-64","Clang 21.1.0 ","-std=c11 -O3 -Wall -Wextra -Wpedantic","sensor_monitor","event_incremental","no_change",64,11,20000,0,1.125,0,100,100,6800,888888888.889,0.000,4.362,1,0,0,8,64,0,0,5245127393368204627
"Windows x86-64","Clang 21.1.0 ","-std=c11 -O3 -Wall -Wextra -Wpedantic","sensor_monitor","periodic_recompute","no_change",64,11,20000,0,20.880,0,100,100,400,47892720.307,0.000,78.838,0,0,0,0,64,0,64,5245127393368204627
"Windows x86-64","Clang 21.1.0 ","-std=c11 -O3 -Wall -Wextra -Wpedantic","sensor_monitor","event_incremental","one_percent",64,1,20000,0,2.255,0,100,100,3200,443458980.044,0.000,8.629,1,0,0,8,64,0,1,2578247104638626934
"Windows x86-64","Clang 21.1.0 ","-std=c11 -O3 -Wall -Wextra -Wpedantic","sensor_monitor","periodic_recompute","one_percent",64,1,20000,0,27.870,0,100,100,23300,35880875.493,0.000,105.882,6,1,0,0,64,0,64,2578247104638626934
"Windows x86-64","Clang 21.1.0 ","-std=c11 -O3 -Wall -Wextra -Wpedantic","sensor_monitor","periodic_recompute","one_percent",64,2,20000,0,31.825,0,100,100,300,31421838.178,0.000,119.745,0,0,0,0,64,0,64,2578247104638626934
"Windows x86-64","Clang 21.1.0 ","-std=c11 -O3 -Wall -Wextra -Wpedantic","sensor_monitor","event_incremental","one_percent",64,2,20000,0,3.065,0,100,100,400,326264274.062,0.000,11.739,0,0,0,8,64,0,1,2578247104638626934
"Windows x86-64","Clang 21.1.0 ","-std=c11 -O3 -Wall -Wextra -Wpedantic","sensor_monitor","event_incremental","one_percent",64,3,20000,0,3.560,0,100,100,6900,280898876.404,0.000,13.617,1,0,0,8,64,0,1,2578247104638626934
"Windows x86-64","Clang 21.1.0 ","-std=c11 -O3 -Wall -Wextra -Wpedantic","sensor_monitor","periodic_recompute","one_percent",64,3,20000,0,30.655,0,100,100,15500,32621105.855,0.000,116.464,1,1,0,0,64,0,64,2578247104638626934
"Windows x86-64","Clang 21.1.0 ","-std=c11 -O3 -Wall -Wextra -Wpedantic","sensor_monitor","periodic_recompute","one_percent",64,4,20000,0,30.765,0,100,100,6900,32504469.365,0.000,116.824,2,0,0,0,64,0,64,2578247104638626934
"Windows x86-64","Clang 21.1.0 ","-std=c11 -O3 -Wall -Wextra -Wpedantic","sensor_monitor","event_incremental","one_percent",64,4,20000,0,3.590,0,100,100,12200,278551532.033,0.000,13.693,1,1,0,8,64,0,1,2578247104638626934
"Windows x86-64","Clang 21.1.0 ","-std=c11 -O3 -Wall -Wextra -Wpedantic","sensor_monitor","event_incremental","one_percent",64,5,20000,0,3.795,0,100,100,4200,263504611.331,0.000,14.489,1,0,0,8,64,0,1,2578247104638626934
"Windows x86-64","Clang 21.1.0 ","-std=c11 -O3 -Wall -Wextra -Wpedantic","sensor_monitor","periodic_recompute","one_percent",64,5,20000,0,30.960,0,100,100,7000,32299741.602,0.000,117.583,1,0,0,0,64,0,64,2578247104638626934
"Windows x86-64","Clang 21.1.0 ","-std=c11 -O3 -Wall -Wextra -Wpedantic","sensor_monitor","periodic_recompute","one_percent",64,6,20000,0,31.045,0,100,100,400,32211306.168,0.000,117.431,0,0,0,0,64,0,64,2578247104638626934
"Windows x86-64","Clang 21.1.0 ","-std=c11 -O3 -Wall -Wextra -Wpedantic","sensor_monitor","event_incremental","one_percent",64,6,20000,0,3.525,0,100,100,200,283687943.262,0.000,13.465,0,0,0,8,64,0,1,2578247104638626934
"Windows x86-64","Clang 21.1.0 ","-std=c11 -O3 -Wall -Wextra -Wpedantic","sensor_monitor","event_incremental","one_percent",64,7,20000,0,3.410,0,100,100,500,293255131.965,0.000,13.029,0,0,0,8,64,0,1,2578247104638626934
"Windows x86-64","Clang 21.1.0 ","-std=c11 -O3 -Wall -Wextra -Wpedantic","sensor_monitor","periodic_recompute","one_percent",64,7,20000,0,30.625,0,100,100,8700,32653061.224,0.000,116.312,3,0,0,0,64,0,64,2578247104638626934
"Windows x86-64","Clang 21.1.0 ","-std=c11 -O3 -Wall -Wextra -Wpedantic","sensor_monitor","periodic_recompute","one_percent",64,8,20000,0,30.590,0,100,100,14500,32690421.706,0.000,116.218,2,1,0,0,64,0,64,2578247104638626934
"Windows x86-64","Clang 21.1.0 ","-std=c11 -O3 -Wall -Wextra -Wpedantic","sensor_monitor","event_incremental","one_percent",64,8,20000,0,3.060,0,100,100,100,326797385.621,0.000,11.701,0,0,0,8,64,0,1,2578247104638626934
"Windows x86-64","Clang 21.1.0 ","-std=c11 -O3 -Wall -Wextra -Wpedantic","sensor_monitor","event_incremental","one_percent",64,9,20000,0,3.610,0,100,100,200,277008310.249,0.000,13.788,0,0,0,8,64,0,1,2578247104638626934
"Windows x86-64","Clang 21.1.0 ","-std=c11 -O3 -Wall -Wextra -Wpedantic","sensor_monitor","periodic_recompute","one_percent",64,9,20000,0,30.350,0,100,100,12700,32948929.160,0.000,115.269,1,1,0,0,64,0,64,2578247104638626934
"Windows x86-64","Clang 21.1.0 ","-std=c11 -O3 -Wall -Wextra -Wpedantic","sensor_monitor","periodic_recompute","one_percent",64,10,20000,0,31.260,0,100,100,5200,31989763.276,0.000,117.716,1,0,0,0,64,0,64,2578247104638626934
"Windows x86-64","Clang 21.1.0 ","-std=c11 -O3 -Wall -Wextra -Wpedantic","sensor_monitor","event_incremental","one_percent",64,10,20000,0,3.610,0,100,100,200,277008310.249,0.000,13.788,0,0,0,8,64,0,1,2578247104638626934
"Windows x86-64","Clang 21.1.0 ","-std=c11 -O3 -Wall -Wextra -Wpedantic","sensor_monitor","event_incremental","one_percent",64,11,20000,0,3.520,0,100,100,200,284090909.091,0.000,13.446,0,0,0,8,64,0,1,2578247104638626934
"Windows x86-64","Clang 21.1.0 ","-std=c11 -O3 -Wall -Wextra -Wpedantic","sensor_monitor","periodic_recompute","one_percent",64,11,20000,0,31.160,0,100,100,200,32092426.187,0.000,112.956,0,0,0,0,64,0,64,2578247104638626934
"Windows x86-64","Clang 21.1.0 ","-std=c11 -O3 -Wall -Wextra -Wpedantic","sensor_monitor","event_incremental","all_change",64,1,20000,0,89.360,100,200,200,13700,11190689.346,0.000,338.696,2,1,0,8,64,0,64,3333021977108965799
"Windows x86-64","Clang 21.1.0 ","-std=c11 -O3 -Wall -Wextra -Wpedantic","sensor_monitor","periodic_recompute","all_change",64,1,20000,0,128.915,100,200,200,11100,7757049.218,0.000,487.666,1,1,0,0,64,0,64,3333021977108965799
"Windows x86-64","Clang 21.1.0 ","-std=c11 -O3 -Wall -Wextra -Wpedantic","sensor_monitor","periodic_recompute","all_change",64,2,20000,0,130.120,100,200,200,11200,7685213.649,0.000,483.475,4,1,0,0,64,0,64,3333021977108965799
"Windows x86-64","Clang 21.1.0 ","-std=c11 -O3 -Wall -Wextra -Wpedantic","sensor_monitor","event_incremental","all_change",64,2,20000,0,102.105,100,200,200,14200,9793839.675,0.000,383.643,20,1,0,8,64,0,64,3333021977108965799
"Windows x86-64","Clang 21.1.0 ","-std=c11 -O3 -Wall -Wextra -Wpedantic","sensor_monitor","event_incremental","all_change",64,3,20000,0,89.405,100,100,200,9400,11185056.764,0.000,339.037,1,0,0,8,64,0,64,3333021977108965799
"Windows x86-64","Clang 21.1.0 ","-std=c11 -O3 -Wall -Wextra -Wpedantic","sensor_monitor","periodic_recompute","all_change",64,3,20000,0,125.300,100,200,200,10100,7980845.970,623.504,473.215,3,1,0,0,64,0,64,3333021977108965799
"Windows x86-64","Clang 21.1.0 ","-std=c11 -O3 -Wall -Wextra -Wpedantic","sensor_monitor","periodic_recompute","all_change",64,4,20000,0,120.840,200,200,200,25000,8275405.495,0.000,457.663,2,2,0,0,64,0,64,3333021977108965799
"Windows x86-64","Clang 21.1.0 ","-std=c11 -O3 -Wall -Wextra -Wpedantic","sensor_monitor","event_incremental","all_change",64,4,20000,0,87.410,100,200,200,8800,11440338.634,0.000,330.598,1,0,0,8,64,0,64,3333021977108965799
"Windows x86-64","Clang 21.1.0 ","-std=c11 -O3 -Wall -Wextra -Wpedantic","sensor_monitor","event_incremental","all_change",64,5,20000,0,87.815,100,100,200,8900,11387576.154,889.654,332.912,1,0,0,8,64,0,64,3333021977108965799
"Windows x86-64","Clang 21.1.0 ","-std=c11 -O3 -Wall -Wextra -Wpedantic","sensor_monitor","periodic_recompute","all_change",64,5,20000,0,120.740,100,200,200,7100,8282259.400,0.000,457.720,2,0,0,0,64,0,64,3333021977108965799
"Windows x86-64","Clang 21.1.0 ","-std=c11 -O3 -Wall -Wextra -Wpedantic","sensor_monitor","periodic_recompute","all_change",64,6,20000,0,121.640,100,200,200,7000,8220979.941,0.000,460.205,2,0,0,0,64,0,64,3333021977108965799
"Windows x86-64","Clang 21.1.0 ","-std=c11 -O3 -Wall -Wextra -Wpedantic","sensor_monitor","event_incremental","all_change",64,6,20000,0,90.460,100,100,200,5300,11054609.772,863.641,342.868,3,0,0,8,64,0,64,3333021977108965799
"Windows x86-64","Clang 21.1.0 ","-std=c11 -O3 -Wall -Wextra -Wpedantic","sensor_monitor","event_incremental","all_change",64,7,20000,0,87.300,100,100,200,6200,11454753.723,0.000,330.996,3,0,0,8,64,0,64,3333021977108965799
"Windows x86-64","Clang 21.1.0 ","-std=c11 -O3 -Wall -Wextra -Wpedantic","sensor_monitor","periodic_recompute","all_change",64,7,20000,0,120.720,100,200,200,3900,8283631.544,0.000,456.431,3,0,0,0,64,0,64,3333021977108965799
"Windows x86-64","Clang 21.1.0 ","-std=c11 -O3 -Wall -Wextra -Wpedantic","sensor_monitor","periodic_recompute","all_change",64,8,20000,0,123.930,100,200,200,5100,8069071.250,630.396,468.587,2,0,0,0,64,0,64,3333021977108965799
"Windows x86-64","Clang 21.1.0 ","-std=c11 -O3 -Wall -Wextra -Wpedantic","sensor_monitor","event_incremental","all_change",64,8,20000,0,86.955,100,100,200,5900,11500201.254,0.000,329.384,1,0,0,8,64,0,64,3333021977108965799
"Windows x86-64","Clang 21.1.0 ","-std=c11 -O3 -Wall -Wextra -Wpedantic","sensor_monitor","event_incremental","all_change",64,9,20000,0,86.615,100,100,200,7100,11545344.340,0.000,328.398,2,0,0,8,64,0,64,3333021977108965799
"Windows x86-64","Clang 21.1.0 ","-std=c11 -O3 -Wall -Wextra -Wpedantic","sensor_monitor","periodic_recompute","all_change",64,9,20000,0,120.170,100,200,200,4100,8321544.479,650.121,455.160,3,0,0,0,64,0,64,3333021977108965799
"Windows x86-64","Clang 21.1.0 ","-std=c11 -O3 -Wall -Wextra -Wpedantic","sensor_monitor","periodic_recompute","all_change",64,10,20000,0,120.525,100,200,200,4300,8297033.810,0.000,456.355,2,0,0,0,64,0,64,3333021977108965799
"Windows x86-64","Clang 21.1.0 ","-std=c11 -O3 -Wall -Wextra -Wpedantic","sensor_monitor","event_incremental","all_change",64,10,20000,0,86.695,100,100,200,5800,11534690.582,0.000,328.682,3,0,0,8,64,0,64,3333021977108965799
"Windows x86-64","Clang 21.1.0 ","-std=c11 -O3 -Wall -Wextra -Wpedantic","sensor_monitor","event_incremental","all_change",64,11,20000,0,89.385,100,100,200,5000,11187559.434,874.028,338.203,1,0,0,8,64,0,64,3333021977108965799
"Windows x86-64","Clang 21.1.0 ","-std=c11 -O3 -Wall -Wextra -Wpedantic","sensor_monitor","periodic_recompute","all_change",64,11,20000,0,124.025,100,200,200,5900,8062890.546,0.000,470.180,1,0,0,0,64,0,64,3333021977108965799
"Windows x86-64","Clang 21.1.0 ","-std=c11 -O3 -Wall -Wextra -Wpedantic","sensor_monitor","event_incremental","no_change",1024,1,20000,0,1.125,0,100,100,100,888888888.889,0.000,4.381,0,0,0,8,1024,0,0,5245127393368204627
"Windows x86-64","Clang 21.1.0 ","-std=c11 -O3 -Wall -Wextra -Wpedantic","sensor_monitor","periodic_recompute","no_change",1024,1,20000,0,317.440,400,500,600,14400,3150201.613,246.110,1202.059,5,1,0,0,1024,0,1024,5245127393368204627
"Windows x86-64","Clang 21.1.0 ","-std=c11 -O3 -Wall -Wextra -Wpedantic","sensor_monitor","periodic_recompute","no_change",1024,2,20000,0,316.330,300,400,500,11400,3161255.651,246.973,1199.100,12,1,0,0,1024,0,1024,5245127393368204627
"Windows x86-64","Clang 21.1.0 ","-std=c11 -O3 -Wall -Wextra -Wpedantic","sensor_monitor","event_incremental","no_change",1024,2,20000,0,1.800,0,100,100,100,555555555.556,0.000,6.903,0,0,0,8,1024,0,0,5245127393368204627
"Windows x86-64","Clang 21.1.0 ","-std=c11 -O3 -Wall -Wextra -Wpedantic","sensor_monitor","event_incremental","no_change",1024,3,20000,0,1.125,0,100,100,200,888888888.889,0.000,4.400,0,0,0,8,1024,0,0,5245127393368204627
"Windows x86-64","Clang 21.1.0 ","-std=c11 -O3 -Wall -Wextra -Wpedantic","sensor_monitor","periodic_recompute","no_change",1024,3,20000,0,315.665,300,400,400,11500,3167915.353,247.493,1196.483,4,1,0,0,1024,0,1024,5245127393368204627
"Windows x86-64","Clang 21.1.0 ","-std=c11 -O3 -Wall -Wextra -Wpedantic","sensor_monitor","periodic_recompute","no_change",1024,4,20000,0,316.040,300,400,400,7500,3164156.436,247.200,1197.848,5,0,0,0,1024,0,1024,5245127393368204627
"Windows x86-64","Clang 21.1.0 ","-std=c11 -O3 -Wall -Wextra -Wpedantic","sensor_monitor","event_incremental","no_change",1024,4,20000,0,1.800,0,100,100,5700,555555555.556,0.000,6.941,1,0,0,8,1024,0,0,5245127393368204627
"Windows x86-64","Clang 21.1.0 ","-std=c11 -O3 -Wall -Wextra -Wpedantic","sensor_monitor","event_incremental","no_change",1024,5,20000,0,1.805,0,100,100,5800,554016620.499,0.000,6.903,1,0,0,8,1024,0,0,5245127393368204627
"Windows x86-64","Clang 21.1.0 ","-std=c11 -O3 -Wall -Wextra -Wpedantic","sensor_monitor","periodic_recompute","no_change",1024,5,20000,0,332.585,300,400,400,3700,3006750.154,234.902,1259.883,2,0,0,0,1024,0,1024,5245127393368204627
"Windows x86-64","Clang 21.1.0 ","-std=c11 -O3 -Wall -Wextra -Wpedantic","sensor_monitor","periodic_recompute","no_change",1024,6,20000,0,316.060,300,400,400,4600,3163956.211,247.184,1197.773,3,0,0,0,1024,0,1024,5245127393368204627
"Windows x86-64","Clang 21.1.0 ","-std=c11 -O3 -Wall -Wextra -Wpedantic","sensor_monitor","event_incremental","no_change",1024,6,20000,0,1.805,0,100,100,100,554016620.499,0.000,6.903,0,0,0,8,1024,0,0,5245127393368204627
"Windows x86-64","Clang 21.1.0 ","-std=c11 -O3 -Wall -Wextra -Wpedantic","sensor_monitor","event_incremental","no_change",1024,7,20000,0,1.800,0,100,100,4200,555555555.556,0.000,6.903,1,0,0,8,1024,0,0,5245127393368204627
"Windows x86-64","Clang 21.1.0 ","-std=c11 -O3 -Wall -Wextra -Wpedantic","sensor_monitor","periodic_recompute","no_change",1024,7,20000,0,316.400,300,400,400,4700,3160556.258,246.918,1198.759,4,0,0,0,1024,0,1024,5245127393368204627
"Windows x86-64","Clang 21.1.0 ","-std=c11 -O3 -Wall -Wextra -Wpedantic","sensor_monitor","periodic_recompute","no_change",1024,8,20000,0,317.940,300,400,400,6200,3145247.531,245.722,1204.391,3,0,0,0,1024,0,1024,5245127393368204627
"Windows x86-64","Clang 21.1.0 ","-std=c11 -O3 -Wall -Wextra -Wpedantic","sensor_monitor","event_incremental","no_change",1024,8,20000,0,1.805,0,100,100,100,554016620.499,0.000,6.903,0,0,0,8,1024,0,0,5245127393368204627
"Windows x86-64","Clang 21.1.0 ","-std=c11 -O3 -Wall -Wextra -Wpedantic","sensor_monitor","event_incremental","no_change",1024,9,20000,0,1.805,0,100,100,4400,554016620.499,0.000,6.903,1,0,0,8,1024,0,0,5245127393368204627
"Windows x86-64","Clang 21.1.0 ","-std=c11 -O3 -Wall -Wextra -Wpedantic","sensor_monitor","periodic_recompute","no_change",1024,9,20000,0,316.115,300,400,400,5500,3163405.723,247.141,1197.583,4,0,0,0,1024,0,1024,5245127393368204627
"Windows x86-64","Clang 21.1.0 ","-std=c11 -O3 -Wall -Wextra -Wpedantic","sensor_monitor","periodic_recompute","no_change",1024,10,20000,0,316.930,300,400,400,4000,3155270.880,246.506,1199.214,3,0,0,0,1024,0,1024,5245127393368204627
"Windows x86-64","Clang 21.1.0 ","-std=c11 -O3 -Wall -Wextra -Wpedantic","sensor_monitor","event_incremental","no_change",1024,10,20000,0,1.805,0,100,100,100,554016620.499,0.000,6.903,0,0,0,8,1024,0,0,5245127393368204627
"Windows x86-64","Clang 21.1.0 ","-std=c11 -O3 -Wall -Wextra -Wpedantic","sensor_monitor","event_incremental","no_change",1024,11,20000,0,1.980,0,100,100,100,505050505.051,0.000,7.264,0,0,0,8,1024,0,0,5245127393368204627
"Windows x86-64","Clang 21.1.0 ","-std=c11 -O3 -Wall -Wextra -Wpedantic","sensor_monitor","periodic_recompute","no_change",1024,11,20000,0,316.365,300,400,400,5700,3160905.916,246.946,1197.773,3,0,0,0,1024,0,1024,5245127393368204627
"Windows x86-64","Clang 21.1.0 ","-std=c11 -O3 -Wall -Wextra -Wpedantic","sensor_monitor","event_incremental","one_percent",1024,1,20000,0,13.515,0,100,100,100,73991860.895,0.000,51.319,0,0,0,8,1024,0,10,10148343181257592648
"Windows x86-64","Clang 21.1.0 ","-std=c11 -O3 -Wall -Wextra -Wpedantic","sensor_monitor","periodic_recompute","one_percent",1024,1,20000,0,325.760,400,500,600,20700,3069744.597,239.824,1233.768,21,3,0,0,1024,0,1024,10148343181257592648
"Windows x86-64","Clang 21.1.0 ","-std=c11 -O3 -Wall -Wextra -Wpedantic","sensor_monitor","periodic_recompute","one_percent",1024,2,20000,0,327.905,300,400,400,8200,3049663.775,238.255,1241.714,4,0,0,0,1024,0,1024,10148343181257592648
"Windows x86-64","Clang 21.1.0 ","-std=c11 -O3 -Wall -Wextra -Wpedantic","sensor_monitor","event_incremental","one_percent",1024,2,20000,0,13.515,0,100,100,4600,73991860.895,0.000,51.357,1,0,0,8,1024,0,10,10148343181257592648
"Windows x86-64","Clang 21.1.0 ","-std=c11 -O3 -Wall -Wextra -Wpedantic","sensor_monitor","event_incremental","one_percent",1024,3,20000,0,13.515,0,100,100,8300,73991860.895,0.000,51.414,1,0,0,8,1024,0,10,10148343181257592648
"Windows x86-64","Clang 21.1.0 ","-std=c11 -O3 -Wall -Wextra -Wpedantic","sensor_monitor","periodic_recompute","one_percent",1024,3,20000,0,326.890,300,400,400,5200,3059133.042,238.995,1231.606,3,0,0,0,1024,0,1024,10148343181257592648
"Windows x86-64","Clang 21.1.0 ","-std=c11 -O3 -Wall -Wextra -Wpedantic","sensor_monitor","periodic_recompute","one_percent",1024,4,20000,0,326.605,300,400,400,6000,3061802.483,239.203,1236.556,3,0,0,0,1024,0,1024,10148343181257592648
"Windows x86-64","Clang 21.1.0 ","-std=c11 -O3 -Wall -Wextra -Wpedantic","sensor_monitor","event_incremental","one_percent",1024,4,20000,0,13.765,0,100,100,100,72648020.341,0.000,51.869,0,0,0,8,1024,0,10,10148343181257592648
"Windows x86-64","Clang 21.1.0 ","-std=c11 -O3 -Wall -Wextra -Wpedantic","sensor_monitor","event_incremental","one_percent",1024,5,20000,0,13.510,0,100,100,100,74019245.004,0.000,51.319,0,0,0,8,1024,0,10,10148343181257592648
"Windows x86-64","Clang 21.1.0 ","-std=c11 -O3 -Wall -Wextra -Wpedantic","sensor_monitor","periodic_recompute","one_percent",1024,5,20000,0,326.570,300,400,400,6100,3062130.630,239.229,1236.764,3,0,0,0,1024,0,1024,10148343181257592648
"Windows x86-64","Clang 21.1.0 ","-std=c11 -O3 -Wall -Wextra -Wpedantic","sensor_monitor","periodic_recompute","one_percent",1024,6,20000,0,333.190,300,400,400,5600,3001290.555,234.476,1262.102,3,0,0,0,1024,0,1024,10148343181257592648
"Windows x86-64","Clang 21.1.0 ","-std=c11 -O3 -Wall -Wextra -Wpedantic","sensor_monitor","event_incremental","one_percent",1024,6,20000,0,13.760,0,100,100,100,72674418.605,0.000,51.964,0,0,0,8,1024,0,10,10148343181257592648
"Windows x86-64","Clang 21.1.0 ","-std=c11 -O3 -Wall -Wextra -Wpedantic","sensor_monitor","event_incremental","one_percent",1024,7,20000,0,13.510,0,100,100,100,74019245.004,0.000,51.300,0,0,0,8,1024,0,10,10148343181257592648
"Windows x86-64","Clang 21.1.0 ","-std=c11 -O3 -Wall -Wextra -Wpedantic","sensor_monitor","periodic_recompute","one_percent",1024,7,20000,0,329.055,300,400,400,7900,3039005.637,237.422,1246.323,5,0,0,0,1024,0,1024,10148343181257592648
"Windows x86-64","Clang 21.1.0 ","-std=c11 -O3 -Wall -Wextra -Wpedantic","sensor_monitor","periodic_recompute","one_percent",1024,8,20000,0,327.980,300,400,400,4400,3048966.400,238.201,1242.056,11,0,0,0,1024,0,1024,10148343181257592648
"Windows x86-64","Clang 21.1.0 ","-std=c11 -O3 -Wall -Wextra -Wpedantic","sensor_monitor","event_incremental","one_percent",1024,8,20000,0,13.510,0,100,100,100,74019245.004,0.000,51.319,0,0,0,8,1024,0,10,10148343181257592648
"Windows x86-64","Clang 21.1.0 ","-std=c11 -O3 -Wall -Wextra -Wpedantic","sensor_monitor","event_incremental","one_percent",1024,9,20000,0,13.510,0,100,100,100,74019245.004,0.000,51.319,0,0,0,8,1024,0,10,10148343181257592648
"Windows x86-64","Clang 21.1.0 ","-std=c11 -O3 -Wall -Wextra -Wpedantic","sensor_monitor","periodic_recompute","one_percent",1024,9,20000,0,324.780,300,400,400,7800,3079007.328,240.547,1230.904,5,0,0,0,1024,0,1024,10148343181257592648
"Windows x86-64","Clang 21.1.0 ","-std=c11 -O3 -Wall -Wextra -Wpedantic","sensor_monitor","periodic_recompute","one_percent",1024,10,20000,0,325.645,300,400,400,6300,3070828.663,239.908,1233.749,4,0,0,0,1024,0,1024,10148343181257592648
"Windows x86-64","Clang 21.1.0 ","-std=c11 -O3 -Wall -Wextra -Wpedantic","sensor_monitor","event_incremental","one_percent",1024,10,20000,0,13.505,0,100,100,200,74046649.389,0.000,51.338,0,0,0,8,1024,0,10,10148343181257592648
"Windows x86-64","Clang 21.1.0 ","-std=c11 -O3 -Wall -Wextra -Wpedantic","sensor_monitor","event_incremental","one_percent",1024,11,20000,0,13.510,0,100,100,6500,74019245.004,0.000,51.319,1,0,0,8,1024,0,10,10148343181257592648
"Windows x86-64","Clang 21.1.0 ","-std=c11 -O3 -Wall -Wextra -Wpedantic","sensor_monitor","periodic_recompute","one_percent",1024,11,20000,0,330.635,300,400,400,6700,3024483.191,236.288,1252.866,4,0,0,0,1024,0,1024,10148343181257592648
"Windows x86-64","Clang 21.1.0 ","-std=c11 -O3 -Wall -Wextra -Wpedantic","sensor_monitor","event_incremental","all_change",1024,1,20000,0,1392.675,1400,1400,1700,26500,718042.616,56.097,5276.727,20000,1,0,8,1024,0,1024,13055857413782789671
"Windows x86-64","Clang 21.1.0 ","-std=c11 -O3 -Wall -Wextra -Wpedantic","sensor_monitor","periodic_recompute","all_change",1024,1,20000,0,1703.400,1700,1800,1900,29100,587061.172,91.728,6448.347,20000,2,0,0,1024,0,1024,13055857413782789671
"Windows x86-64","Clang 21.1.0 ","-std=c11 -O3 -Wall -Wextra -Wpedantic","sensor_monitor","periodic_recompute","all_change",1024,2,20000,0,1704.480,1700,1800,1800,9100,586689.196,137.505,6453.828,20000,0,0,0,1024,0,1024,13055857413782789671
"Windows x86-64","Clang 21.1.0 ","-std=c11 -O3 -Wall -Wextra -Wpedantic","sensor_monitor","event_incremental","all_change",1024,2,20000,0,1390.575,1400,1400,1500,12300,719126.980,112.364,5266.201,20000,2,0,8,1024,0,1024,13055857413782789671
"Windows x86-64","Clang 21.1.0 ","-std=c11 -O3 -Wall -Wextra -Wpedantic","sensor_monitor","event_incremental","all_change",1024,3,20000,0,1395.375,1400,1400,1500,36100,716653.229,111.977,5280.596,20000,2,0,8,1024,0,1024,13055857413782789671
"Windows x86-64","Clang 21.1.0 ","-std=c11 -O3 -Wall -Wextra -Wpedantic","sensor_monitor","periodic_recompute","all_change",1024,3,20000,0,1726.640,1700,1800,1800,11100,579159.524,135.741,6535.699,20000,1,0,0,1024,0,1024,13055857413782789671
"Windows x86-64","Clang 21.1.0 ","-std=c11 -O3 -Wall -Wextra -Wpedantic","sensor_monitor","periodic_recompute","all_change",1024,4,20000,0,1707.770,1700,1800,2100,37300,585558.945,91.494,6464.429,20000,2,0,0,1024,0,1024,13055857413782789671
"Windows x86-64","Clang 21.1.0 ","-std=c11 -O3 -Wall -Wextra -Wpedantic","sensor_monitor","event_incremental","all_change",1024,4,20000,0,1400.980,1400,1400,1800,8500,713786.064,111.529,5308.000,20000,0,0,8,1024,0,1024,13055857413782789671
"Windows x86-64","Clang 21.1.0 ","-std=c11 -O3 -Wall -Wextra -Wpedantic","sensor_monitor","event_incremental","all_change",1024,5,20000,0,1470.845,1400,1800,1900,19200,679881.293,106.231,5560.955,20000,5,0,8,1024,0,1024,13055857413782789671
"Windows x86-64","Clang 21.1.0 ","-std=c11 -O3 -Wall -Wextra -Wpedantic","sensor_monitor","periodic_recompute","all_change",1024,5,20000,0,1750.100,1700,1900,2200,24300,571395.920,89.281,6624.911,20000,9,0,0,1024,0,1024,13055857413782789671
"Windows x86-64","Clang 21.1.0 ","-std=c11 -O3 -Wall -Wextra -Wpedantic","sensor_monitor","periodic_recompute","all_change",1024,6,20000,0,1730.405,1700,1900,2000,23900,577899.393,90.297,6553.716,20000,7,0,0,1024,0,1024,13055857413782789671
"Windows x86-64","Clang 21.1.0 ","-std=c11 -O3 -Wall -Wextra -Wpedantic","sensor_monitor","event_incremental","all_change",1024,6,20000,0,1585.445,1700,1800,1900,15900,630737.742,98.553,6002.176,20000,14,0,8,1024,0,1024,13055857413782789671
"Windows x86-64","Clang 21.1.0 ","-std=c11 -O3 -Wall -Wextra -Wpedantic","sensor_monitor","event_incremental","all_change",1024,7,20000,0,1458.790,1400,1800,2100,21800,685499.626,107.109,5523.575,20000,8,0,8,1024,0,1024,13055857413782789671
"Windows x86-64","Clang 21.1.0 ","-std=c11 -O3 -Wall -Wextra -Wpedantic","sensor_monitor","periodic_recompute","all_change",1024,7,20000,0,1733.030,1700,1900,2100,16800,577024.056,90.160,6561.245,20000,2,0,0,1024,0,1024,13055857413782789671
"Windows x86-64","Clang 21.1.0 ","-std=c11 -O3 -Wall -Wextra -Wpedantic","sensor_monitor","periodic_recompute","all_change",1024,8,20000,0,1804.150,1700,1900,2200,16100,554277.638,129.909,6821.066,20000,6,0,0,1024,0,1024,13055857413782789671
"Windows x86-64","Clang 21.1.0 ","-std=c11 -O3 -Wall -Wextra -Wpedantic","sensor_monitor","event_incremental","all_change",1024,8,20000,0,1616.995,1600,1800,2000,25300,618431.102,96.630,6104.435,20000,12,0,8,1024,0,1024,13055857413782789671
"Windows x86-64","Clang 21.1.0 ","-std=c11 -O3 -Wall -Wextra -Wpedantic","sensor_monitor","event_incremental","all_change",1024,9,20000,0,1476.895,1600,1800,1900,17700,677096.205,105.796,5587.582,20000,11,0,8,1024,0,1024,13055857413782789671
"Windows x86-64","Clang 21.1.0 ","-std=c11 -O3 -Wall -Wextra -Wpedantic","sensor_monitor","periodic_recompute","all_change",1024,9,20000,0,1717.405,1800,2000,2200,21500,582273.838,136.470,6505.867,20000,13,0,0,1024,0,1024,13055857413782789671
"Windows x86-64","Clang 21.1.0 ","-std=c11 -O3 -Wall -Wextra -Wpedantic","sensor_monitor","periodic_recompute","all_change",1024,10,20000,0,1730.035,1700,1800,1900,8900,578022.988,90.316,6549.259,20000,0,0,0,1024,0,1024,13055857413782789671
"Windows x86-64","Clang 21.1.0 ","-std=c11 -O3 -Wall -Wextra -Wpedantic","sensor_monitor","event_incremental","all_change",1024,10,20000,0,1395.485,1400,1400,1500,13900,716596.739,111.968,5285.052,20000,1,0,8,1024,0,1024,13055857413782789671
"Windows x86-64","Clang 21.1.0 ","-std=c11 -O3 -Wall -Wextra -Wpedantic","sensor_monitor","event_incremental","all_change",1024,11,20000,0,1393.375,1400,1700,2300,20000,717681.888,112.138,5279.173,20000,4,0,8,1024,0,1024,13055857413782789671
"Windows x86-64","Clang 21.1.0 ","-std=c11 -O3 -Wall -Wextra -Wpedantic","sensor_monitor","periodic_recompute","all_change",1024,11,20000,0,1704.515,1700,1800,1900,77000,586677.149,91.668,6451.514,20000,1,0,0,1024,0,1024,13055857413782789671
"Windows x86-64","Clang 21.1.0 ","-std=c11 -O3 -Wall -Wextra -Wpedantic","sensor_monitor","event_incremental","no_change",4096,1,20000,0,1.805,0,100,100,5100,554016620.499,0.000,6.903,1,0,0,8,4096,0,0,5245127393368204627
"Windows x86-64","Clang 21.1.0 ","-std=c11 -O3 -Wall -Wextra -Wpedantic","sensor_monitor","periodic_recompute","no_change",4096,1,20000,0,1267.460,1300,1300,1300,8600,788979.534,123.278,4800.572,20000,0,0,0,4096,0,4096,5245127393368204627
"Windows x86-64","Clang 21.1.0 ","-std=c11 -O3 -Wall -Wextra -Wpedantic","sensor_monitor","periodic_recompute","no_change",4096,2,20000,0,1264.495,1300,1300,1600,28000,790829.541,123.567,4787.335,20000,2,0,0,4096,0,4096,5245127393368204627
"Windows x86-64","Clang 21.1.0 ","-std=c11 -O3 -Wall -Wextra -Wpedantic","sensor_monitor","event_incremental","no_change",4096,2,20000,0,1.930,0,100,100,15700,518134715.026,0.000,7.415,1,1,0,8,4096,0,0,5245127393368204627
"Windows x86-64","Clang 21.1.0 ","-std=c11 -O3 -Wall -Wextra -Wpedantic","sensor_monitor","event_incremental","no_change",4096,3,20000,0,1.800,0,100,100,1300,555555555.556,0.000,6.884,1,0,0,8,4096,0,0,5245127393368204627
"Windows x86-64","Clang 21.1.0 ","-std=c11 -O3 -Wall -Wextra -Wpedantic","sensor_monitor","periodic_recompute","no_change",4096,3,20000,0,1318.210,1300,1300,1800,15300,758604.471,118.532,4950.055,20000,1,0,0,4096,0,4096,5245127393368204627
"Windows x86-64","Clang 21.1.0 ","-std=c11 -O3 -Wall -Wextra -Wpedantic","sensor_monitor","periodic_recompute","no_change",4096,4,20000,0,1266.185,1300,1300,1500,8200,789774.006,123.402,4790.995,20000,0,0,0,4096,0,4096,5245127393368204627
"Windows x86-64","Clang 21.1.0 ","-std=c11 -O3 -Wall -Wextra -Wpedantic","sensor_monitor","event_incremental","no_change",4096,4,20000,0,1.130,0,100,100,300,884955752.212,0.000,4.343,0,0,0,8,4096,0,0,5245127393368204627
"Windows x86-64","Clang 21.1.0 ","-std=c11 -O3 -Wall -Wextra -Wpedantic","sensor_monitor","event_incremental","no_change",4096,5,20000,0,1.125,0,100,100,100,888888888.889,0.000,4.343,0,0,0,8,4096,0,0,5245127393368204627
"Windows x86-64","Clang 21.1.0 ","-std=c11 -O3 -Wall -Wextra -Wpedantic","sensor_monitor","periodic_recompute","no_change",4096,5,20000,0,1263.300,1300,1300,1300,31000,791577.614,123.684,4785.135,20000,1,0,0,4096,0,4096,5245127393368204627
"Windows x86-64","Clang 21.1.0 ","-std=c11 -O3 -Wall -Wextra -Wpedantic","sensor_monitor","periodic_recompute","no_change",4096,6,20000,0,1259.240,1300,1300,1400,39100,794129.793,124.083,4770.513,20000,1,0,0,4096,0,4096,5245127393368204627
"Windows x86-64","Clang 21.1.0 ","-std=c11 -O3 -Wall -Wextra -Wpedantic","sensor_monitor","event_incremental","no_change",4096,6,20000,0,1.800,0,100,100,100,555555555.556,0.000,6.903,0,0,0,8,4096,0,0,5245127393368204627
"Windows x86-64","Clang 21.1.0 ","-std=c11 -O3 -Wall -Wextra -Wpedantic","sensor_monitor","event_incremental","no_change",4096,7,20000,0,1.805,0,100,100,300,554016620.499,0.000,6.922,0,0,0,8,4096,0,0,5245127393368204627
"Windows x86-64","Clang 21.1.0 ","-std=c11 -O3 -Wall -Wextra -Wpedantic","sensor_monitor","periodic_recompute","no_change",4096,7,20000,0,1291.765,1300,1300,1500,10100,774134.614,60.479,4880.984,20000,1,0,0,4096,0,4096,5245127393368204627
"Windows x86-64","Clang 21.1.0 ","-std=c11 -O3 -Wall -Wextra -Wpedantic","sensor_monitor","periodic_recompute","no_change",4096,8,20000,0,1265.345,1300,1300,1600,14400,790298.298,123.484,4788.757,20000,4,0,0,4096,0,4096,5245127393368204627
"Windows x86-64","Clang 21.1.0 ","-std=c11 -O3 -Wall -Wextra -Wpedantic","sensor_monitor","event_incremental","no_change",4096,8,20000,0,1.805,0,100,100,7300,554016620.499,0.000,6.903,1,0,0,8,4096,0,0,5245127393368204627
"Windows x86-64","Clang 21.1.0 ","-std=c11 -O3 -Wall -Wextra -Wpedantic","sensor_monitor","event_incremental","no_change",4096,9,20000,0,1.805,0,100,100,8300,554016620.499,0.000,6.941,1,0,0,8,4096,0,0,5245127393368204627
"Windows x86-64","Clang 21.1.0 ","-std=c11 -O3 -Wall -Wextra -Wpedantic","sensor_monitor","periodic_recompute","no_change",4096,9,20000,0,1295.310,1300,1600,1600,19900,772015.965,120.627,4889.575,20000,9,0,0,4096,0,4096,5245127393368204627
"Windows x86-64","Clang 21.1.0 ","-std=c11 -O3 -Wall -Wextra -Wpedantic","sensor_monitor","periodic_recompute","no_change",4096,10,20000,0,1273.390,1300,1300,1800,13400,785305.366,122.704,4812.710,20000,5,0,0,4096,0,4096,5245127393368204627
"Windows x86-64","Clang 21.1.0 ","-std=c11 -O3 -Wall -Wextra -Wpedantic","sensor_monitor","event_incremental","no_change",4096,10,20000,0,1.805,0,100,100,1300,554016620.499,0.000,6.903,1,0,0,8,4096,0,0,5245127393368204627
"Windows x86-64","Clang 21.1.0 ","-std=c11 -O3 -Wall -Wextra -Wpedantic","sensor_monitor","event_incremental","no_change",4096,11,20000,0,1.800,0,100,100,800,555555555.556,0.000,6.903,0,0,0,8,4096,0,0,5245127393368204627
"Windows x86-64","Clang 21.1.0 ","-std=c11 -O3 -Wall -Wextra -Wpedantic","sensor_monitor","periodic_recompute","no_change",4096,11,20000,0,1436.240,1300,1300,1900,36400,696262.463,108.791,5430.875,20000,9,0,0,4096,0,4096,5245127393368204627
"Windows x86-64","Clang 21.1.0 ","-std=c11 -O3 -Wall -Wextra -Wpedantic","sensor_monitor","event_incremental","one_percent",4096,1,20000,0,65.860,100,100,100,8100,15183723.049,0.000,249.295,5,0,0,8,4096,0,40,14404746904373597027
"Windows x86-64","Clang 21.1.0 ","-std=c11 -O3 -Wall -Wextra -Wpedantic","sensor_monitor","periodic_recompute","one_percent",4096,1,20000,0,1520.865,1600,1900,2400,37500,657520.556,102.738,5743.645,20000,20,0,0,4096,0,4096,14404746904373597027
"Windows x86-64","Clang 21.1.0 ","-std=c11 -O3 -Wall -Wextra -Wpedantic","sensor_monitor","periodic_recompute","one_percent",4096,2,20000,0,1529.825,1600,1800,2800,16300,653669.537,102.136,5781.253,20000,13,0,0,4096,0,4096,14404746904373597027
"Windows x86-64","Clang 21.1.0 ","-std=c11 -O3 -Wall -Wextra -Wpedantic","sensor_monitor","event_incremental","one_percent",4096,2,20000,0,62.110,100,100,100,19900,16100466.914,1257.849,219.103,5,2,0,8,4096,0,40,14404746904373597027
"Windows x86-64","Clang 21.1.0 ","-std=c11 -O3 -Wall -Wextra -Wpedantic","sensor_monitor","event_incremental","one_percent",4096,3,20000,0,55.620,100,100,100,2600,17979144.193,0.000,211.137,4,0,0,8,4096,0,40,14404746904373597027
"Windows x86-64","Clang 21.1.0 ","-std=c11 -O3 -Wall -Wextra -Wpedantic","sensor_monitor","periodic_recompute","one_percent",4096,3,20000,0,1573.100,1400,1800,2200,30900,635687.496,99.326,5946.893,20000,12,0,0,4096,0,4096,14404746904373597027
"Windows x86-64","Clang 21.1.0 ","-std=c11 -O3 -Wall -Wextra -Wpedantic","sensor_monitor","periodic_recompute","one_percent",4096,4,20000,0,1597.355,1700,1900,2000,22000,626034.914,97.818,6035.308,20000,18,0,0,4096,0,4096,14404746904373597027
"Windows x86-64","Clang 21.1.0 ","-std=c11 -O3 -Wall -Wextra -Wpedantic","sensor_monitor","event_incremental","one_percent",4096,4,20000,0,66.795,100,100,100,13200,14971180.478,0.000,253.562,2,1,0,8,4096,0,40,14404746904373597027
"Windows x86-64","Clang 21.1.0 ","-std=c11 -O3 -Wall -Wextra -Wpedantic","sensor_monitor","event_incremental","one_percent",4096,5,20000,0,67.075,100,100,100,11200,14908684.309,1164.741,254.036,2,1,0,8,4096,0,40,14404746904373597027
"Windows x86-64","Clang 21.1.0 ","-std=c11 -O3 -Wall -Wextra -Wpedantic","sensor_monitor","periodic_recompute","one_percent",4096,5,20000,0,1536.910,1600,1900,2000,27600,650656.187,101.665,5810.516,20000,15,0,0,4096,0,4096,14404746904373597027
"Windows x86-64","Clang 21.1.0 ","-std=c11 -O3 -Wall -Wextra -Wpedantic","sensor_monitor","periodic_recompute","one_percent",4096,6,20000,0,1385.380,1300,1800,2100,18500,721823.615,112.785,5243.462,20000,5,0,0,4096,0,4096,14404746904373597027
"Windows x86-64","Clang 21.1.0 ","-std=c11 -O3 -Wall -Wextra -Wpedantic","sensor_monitor","event_incremental","one_percent",4096,6,20000,0,55.020,100,100,100,2900,18175209.015,0.000,208.387,1,0,0,8,4096,0,40,14404746904373597027
"Windows x86-64","Clang 21.1.0 ","-std=c11 -O3 -Wall -Wextra -Wpedantic","sensor_monitor","event_incremental","one_percent",4096,7,20000,0,56.705,100,100,100,6200,17635129.177,0.000,214.873,1,0,0,8,4096,0,40,14404746904373597027
"Windows x86-64","Clang 21.1.0 ","-std=c11 -O3 -Wall -Wextra -Wpedantic","sensor_monitor","periodic_recompute","one_percent",4096,7,20000,0,1588.840,1600,1900,2000,42100,629389.995,98.342,6013.346,20000,10,0,0,4096,0,4096,14404746904373597027
"Windows x86-64","Clang 21.1.0 ","-std=c11 -O3 -Wall -Wextra -Wpedantic","sensor_monitor","periodic_recompute","one_percent",4096,8,20000,0,1608.340,1600,1900,2000,37700,621759.081,145.725,6079.193,20000,20,0,0,4096,0,4096,14404746904373597027
"Windows x86-64","Clang 21.1.0 ","-std=c11 -O3 -Wall -Wextra -Wpedantic","sensor_monitor","event_incremental","one_percent",4096,8,20000,0,60.385,100,100,100,3000,16560404.074,0.000,228.149,1,0,0,8,4096,0,40,14404746904373597027
"Windows x86-64","Clang 21.1.0 ","-std=c11 -O3 -Wall -Wextra -Wpedantic","sensor_monitor","event_incremental","one_percent",4096,9,20000,0,63.540,100,100,100,9100,15738117.721,0.000,241.102,2,0,0,8,4096,0,40,14404746904373597027
"Windows x86-64","Clang 21.1.0 ","-std=c11 -O3 -Wall -Wextra -Wpedantic","sensor_monitor","periodic_recompute","one_percent",4096,9,20000,0,1428.170,1600,1900,2000,31800,700196.755,109.406,5403.603,20000,17,0,0,4096,0,4096,14404746904373597027
"Windows x86-64","Clang 21.1.0 ","-std=c11 -O3 -Wall -Wextra -Wpedantic","sensor_monitor","periodic_recompute","one_percent",4096,10,20000,0,1648.625,1600,1900,2000,20100,606566.078,94.776,6236.944,20000,13,0,0,4096,0,4096,14404746904373597027
"Windows x86-64","Clang 21.1.0 ","-std=c11 -O3 -Wall -Wextra -Wpedantic","sensor_monitor","event_incremental","one_percent",4096,10,20000,0,69.715,100,100,100,12400,14344115.327,1120.634,263.879,1,1,0,8,4096,0,40,14404746904373597027
"Windows x86-64","Clang 21.1.0 ","-std=c11 -O3 -Wall -Wextra -Wpedantic","sensor_monitor","event_incremental","one_percent",4096,11,20000,0,54.830,100,100,100,8300,18238190.771,0.000,207.781,12,0,0,8,4096,0,40,14404746904373597027
"Windows x86-64","Clang 21.1.0 ","-std=c11 -O3 -Wall -Wextra -Wpedantic","sensor_monitor","periodic_recompute","one_percent",4096,11,20000,0,1332.095,1300,1700,2000,18100,750697.210,58.648,5047.212,20000,5,0,0,4096,0,4096,14404746904373597027
"Windows x86-64","Clang 21.1.0 ","-std=c11 -O3 -Wall -Wextra -Wpedantic","sensor_monitor","event_incremental","all_change",4096,1,20000,0,5568.490,5600,5600,7400,30300,179581.897,98.209,21086.709,20000,37,0,8,4096,0,4096,16094220416568698924
"Windows x86-64","Clang 21.1.0 ","-std=c11 -O3 -Wall -Wextra -Wpedantic","sensor_monitor","periodic_recompute","all_change",4096,1,20000,0,6828.020,6800,6900,7300,47700,146455.341,102.976,25836.380,20000,71,0,0,4096,0,4096,16094220416568698924
"Windows x86-64","Clang 21.1.0 ","-std=c11 -O3 -Wall -Wextra -Wpedantic","sensor_monitor","periodic_recompute","all_change",4096,2,20000,0,6823.280,6800,6900,7400,74700,146557.081,103.048,25849.522,20000,73,0,0,4096,0,4096,16094220416568698924
"Windows x86-64","Clang 21.1.0 ","-std=c11 -O3 -Wall -Wextra -Wpedantic","sensor_monitor","event_incremental","all_change",4096,2,20000,0,5806.535,5500,5600,6900,45100,172219.749,94.183,21981.099,20000,31,0,8,4096,0,4096,16094220416568698924
"Windows x86-64","Clang 21.1.0 ","-std=c11 -O3 -Wall -Wextra -Wpedantic","sensor_monitor","event_incremental","all_change",4096,3,20000,0,6015.875,5800,7200,7900,43300,166226.858,103.892,22776.699,20000,85,0,8,4096,0,4096,16094220416568698924
"Windows x86-64","Clang 21.1.0 ","-std=c11 -O3 -Wall -Wextra -Wpedantic","sensor_monitor","periodic_recompute","all_change",4096,3,20000,0,7084.495,7200,7600,8500,33000,141153.321,99.248,26806.781,20000,125,0,0,4096,0,4096,16094220416568698924
"Windows x86-64","Clang 21.1.0 ","-std=c11 -O3 -Wall -Wextra -Wpedantic","sensor_monitor","periodic_recompute","all_change",4096,4,20000,0,6846.960,6800,7300,7900,53400,146050.218,102.692,25925.364,20000,84,0,0,4096,0,4096,16094220416568698924
"Windows x86-64","Clang 21.1.0 ","-std=c11 -O3 -Wall -Wextra -Wpedantic","sensor_monitor","event_incremental","all_change",4096,4,20000,0,5575.450,5600,6000,7300,50600,179357.720,98.086,21123.426,20000,37,0,8,4096,0,4096,16094220416568698924
"Windows x86-64","Clang 21.1.0 ","-std=c11 -O3 -Wall -Wextra -Wpedantic","sensor_monitor","event_incremental","all_change",4096,5,20000,0,5567.640,5600,5600,6700,33100,179609.314,98.224,21071.936,20000,35,0,8,4096,0,4096,16094220416568698924
"Windows x86-64","Clang 21.1.0 ","-std=c11 -O3 -Wall -Wextra -Wpedantic","sensor_monitor","periodic_recompute","all_change",4096,5,20000,0,6935.615,6800,6900,7300,41500,144183.320,101.379,26247.446,20000,70,0,0,4096,0,4096,16094220416568698924
"Windows x86-64","Clang 21.1.0 ","-std=c11 -O3 -Wall -Wextra -Wpedantic","sensor_monitor","periodic_recompute","all_change",4096,6,20000,0,6946.260,7200,7500,8700,48000,143962.362,101.224,26290.269,20000,110,0,0,4096,0,4096,16094220416568698924
"Windows x86-64","Clang 21.1.0 ","-std=c11 -O3 -Wall -Wextra -Wpedantic","sensor_monitor","event_incremental","all_change",4096,6,20000,0,6043.450,5600,7300,7900,26400,165468.400,103.418,22856.277,20000,91,0,8,4096,0,4096,16094220416568698924
"Windows x86-64","Clang 21.1.0 ","-std=c11 -O3 -Wall -Wextra -Wpedantic","sensor_monitor","event_incremental","all_change",4096,7,20000,0,5582.965,5800,7300,7600,21900,179116.294,111.948,21120.847,20000,68,0,8,4096,0,4096,16094220416568698924
"Windows x86-64","Clang 21.1.0 ","-std=c11 -O3 -Wall -Wextra -Wpedantic","sensor_monitor","periodic_recompute","all_change",4096,7,20000,0,6821.350,6800,6900,7300,37900,146598.547,103.077,25829.932,20000,69,0,0,4096,0,4096,16094220416568698924
"Windows x86-64","Clang 21.1.0 ","-std=c11 -O3 -Wall -Wextra -Wpedantic","sensor_monitor","periodic_recompute","all_change",4096,8,20000,0,6827.465,6800,7300,7500,48400,146467.247,102.985,25835.469,20000,71,0,0,4096,0,4096,16094220416568698924
"Windows x86-64","Clang 21.1.0 ","-std=c11 -O3 -Wall -Wextra -Wpedantic","sensor_monitor","event_incremental","all_change",4096,8,20000,0,5735.545,5500,5600,7100,82600,174351.348,108.970,21716.215,20000,28,0,8,4096,0,4096,16094220416568698924
"Windows x86-64","Clang 21.1.0 ","-std=c11 -O3 -Wall -Wextra -Wpedantic","sensor_monitor","event_incremental","all_change",4096,9,20000,0,5797.300,6300,7300,8100,29600,172494.092,94.333,21955.629,20000,88,0,8,4096,0,4096,16094220416568698924
"Windows x86-64","Clang 21.1.0 ","-std=c11 -O3 -Wall -Wextra -Wpedantic","sensor_monitor","periodic_recompute","all_change",4096,9,20000,0,7173.765,7100,7600,8600,63100,139396.816,98.013,27143.429,20000,122,0,0,4096,0,4096,16094220416568698924
"Windows x86-64","Clang 21.1.0 ","-std=c11 -O3 -Wall -Wextra -Wpedantic","sensor_monitor","periodic_recompute","all_change",4096,10,20000,0,6855.025,6800,7500,8500,74000,145878.388,91.174,25950.587,20000,99,0,0,4096,0,4096,16094220416568698924
"Windows x86-64","Clang 21.1.0 ","-std=c11 -O3 -Wall -Wextra -Wpedantic","sensor_monitor","event_incremental","all_change",4096,10,20000,0,5588.235,5500,5600,5800,37700,178947.378,97.862,21135.184,20000,26,0,8,4096,0,4096,16094220416568698924
"Windows x86-64","Clang 21.1.0 ","-std=c11 -O3 -Wall -Wextra -Wpedantic","sensor_monitor","event_incremental","all_change",4096,11,20000,0,5559.610,5500,5600,5800,62000,179868.732,98.366,21036.964,20000,17,0,8,4096,0,4096,16094220416568698924
"Windows x86-64","Clang 21.1.0 ","-std=c11 -O3 -Wall -Wextra -Wpedantic","sensor_monitor","periodic_recompute","all_change",4096,11,20000,0,6871.890,6800,6900,7200,41200,145520.374,102.319,26018.482,20000,64,0,0,4096,0,4096,16094220416568698924
