algorithm,workload,variant,phase,entities,change_percent,work_rounds,repetition,samples,changed_entities,arithmetic_per_tick,recomputed_entities,mean_ns,median_ns,p95_ns,p99_ns,maximum_ns,throughput_per_s,cycles_per_tick,miss_100us,miss_1ms,miss_16_67ms,persistent_bytes,temporary_bytes,event_bytes,working_bytes,source_call_depth,checksum
derived_vectors,change_density,stateless_full,frame_total,64,0,16,1,2001,0,6144,64,2089.505,1600,2100,2700,766000,478582.191,6433.316,1,0,0,1536,768,0,2304,3,326232437978030234
derived_vectors,change_density,stateful_event,frame_total,64,0,16,1,2001,0,0,0,23.938,0,100,100,200,41774530.271,182.732,0,0,0,2304,0,0,2304,4,326232437978030234
derived_vectors,change_density,tick_selective,frame_total,64,0,16,1,2001,0,0,0,105.047,100,200,200,8100,9519505.233,490.569,0,0,0,2816,0,0,2816,3,326232437978030234
derived_vectors,change_density,stateless_full,tick_only,64,0,16,1,2001,0,6144,64,1441.579,1300,1700,1900,37700,693683.700,5491.036,0,0,0,1536,768,0,2304,3,326232437978030234
derived_vectors,change_density,stateful_event,tick_only,64,0,16,1,2001,0,0,0,27.336,0,100,100,200,36581352.834,191.830,0,0,0,2304,0,0,2304,4,326232437978030234
derived_vectors,change_density,tick_selective,tick_only,64,0,16,1,2001,0,0,0,119.090,100,200,200,300,8396978.598,557.102,0,0,0,2816,0,0,2816,3,326232437978030234
derived_vectors,change_density,stateless_full,frame_total,64,0,16,2,2001,0,6144,64,1623.688,1600,1700,1900,27400,615881.810,6176.467,0,0,0,1536,768,0,2304,3,326232437978030234
derived_vectors,change_density,stateful_event,frame_total,64,0,16,2,2001,0,0,0,29.835,0,100,100,18200,33517587.940,213.629,0,0,0,2304,0,0,2304,4,326232437978030234
derived_vectors,change_density,tick_selective,frame_total,64,0,16,2,2001,0,0,0,122.439,100,200,200,300,8167346.939,568.097,0,0,0,2816,0,0,2816,3,326232437978030234
derived_vectors,change_density,stateless_full,tick_only,64,0,16,2,2001,0,6144,64,1638.031,1600,1900,2100,20200,610489.062,6265.938,0,0,0,1536,768,0,2304,3,326232437978030234
derived_vectors,change_density,stateful_event,tick_only,64,0,16,2,2001,0,0,0,23.588,0,100,100,100,42394067.797,194.104,0,0,0,2304,0,0,2304,4,326232437978030234
derived_vectors,change_density,tick_selective,tick_only,64,0,16,2,2001,0,0,0,132.584,100,200,200,18200,7542404.825,591.602,0,0,0,2816,0,0,2816,3,326232437978030234
derived_vectors,change_density,stateless_full,frame_total,64,0,16,3,2001,0,6144,64,1698.551,1600,2100,2400,25900,588737.201,6402.227,0,0,0,1536,768,0,2304,3,326232437978030234
derived_vectors,change_density,stateful_event,frame_total,64,0,16,3,2001,0,0,0,25.537,0,100,100,200,39158512.720,196.758,0,0,0,2304,0,0,2304,4,326232437978030234
derived_vectors,change_density,tick_selective,frame_total,64,0,16,3,2001,0,0,0,92.204,100,100,100,15500,10845528.455,430.101,0,0,0,2816,0,0,2816,3,326232437978030234
derived_vectors,change_density,stateless_full,tick_only,64,0,16,3,2001,0,6144,64,1348.326,1300,1600,2000,24300,741660.489,5168.792,0,0,0,1536,768,0,2304,3,326232437978030234
derived_vectors,change_density,stateful_event,tick_only,64,0,16,3,2001,0,0,0,22.539,0,100,100,200,44368070.953,184.248,0,0,0,2304,0,0,2304,4,326232437978030234
derived_vectors,change_density,tick_selective,tick_only,64,0,16,3,2001,0,0,0,99.600,100,200,200,400,10040140.492,476.732,0,0,0,2816,0,0,2816,3,326232437978030234
derived_vectors,change_density,stateless_full,frame_total,64,0,16,4,2001,0,6144,64,1299.500,1300,1300,1500,14600,769526.593,4987.388,0,0,0,1536,768,0,2304,3,326232437978030234
derived_vectors,change_density,stateful_event,frame_total,64,0,16,4,2001,0,0,0,24.288,0,100,100,200,41172839.506,191.451,0,0,0,2304,0,0,2304,4,326232437978030234
derived_vectors,change_density,tick_selective,frame_total,64,0,16,4,2001,0,0,0,120.540,100,200,200,10100,8296019.900,545.919,0,0,0,2816,0,0,2816,3,326232437978030234
derived_vectors,change_density,stateless_full,tick_only,64,0,16,4,2001,0,6144,64,1560.620,1500,1900,2100,29400,640771.103,5943.504,0,0,0,1536,768,0,2304,3,326232437978030234
derived_vectors,change_density,stateful_event,tick_only,64,0,16,4,2001,0,0,0,26.537,0,100,100,200,37683615.819,189.934,0,0,0,2304,0,0,2304,4,326232437978030234
derived_vectors,change_density,tick_selective,tick_only,64,0,16,4,2001,0,0,0,129.435,100,200,200,30200,7725868.726,580.419,0,0,0,2816,0,0,2816,3,326232437978030234
derived_vectors,change_density,stateless_full,frame_total,64,0,16,5,2001,0,6144,64,1638.681,1600,1800,2000,27000,610247.027,6209.072,0,0,0,1536,768,0,2304,3,326232437978030234
derived_vectors,change_density,stateful_event,frame_total,64,0,16,5,2001,0,0,0,27.086,0,100,100,100,36918819.188,191.640,0,0,0,2304,0,0,2304,4,326232437978030234
derived_vectors,change_density,tick_selective,frame_total,64,0,16,5,2001,0,0,0,130.585,100,200,200,20100,7657864.524,581.365,0,0,0,2816,0,0,2816,3,326232437978030234
derived_vectors,change_density,stateless_full,tick_only,64,0,16,5,2001,0,6144,64,1617.041,1500,1800,2100,26200,618413.326,6143.295,0,0,0,1536,768,0,2304,3,326232437978030234
derived_vectors,change_density,stateful_event,tick_only,64,0,16,5,2001,0,0,0,24.438,0,100,100,100,40920245.399,182.542,0,0,0,2304,0,0,2304,4,326232437978030234
derived_vectors,change_density,tick_selective,tick_only,64,0,16,5,2001,0,0,0,93.153,100,100,100,19500,10734978.541,433.702,0,0,0,2816,0,0,2816,3,326232437978030234
derived_vectors,change_density,stateless_full,frame_total,64,0,16,6,2001,0,6144,64,1457.571,1300,1400,1900,181000,686072.825,5098.656,1,0,0,1536,768,0,2304,3,326232437978030234
derived_vectors,change_density,stateful_event,frame_total,64,0,16,6,2001,0,0,0,24.388,0,100,100,600,41004098.361,184.058,0,0,0,2304,0,0,2304,4,326232437978030234
derived_vectors,change_density,tick_selective,frame_total,64,0,16,6,2001,0,0,0,81.059,100,100,100,200,12336621.455,403.753,0,0,0,2816,0,0,2816,3,326232437978030234
derived_vectors,change_density,stateless_full,tick_only,64,0,16,6,2001,0,6144,64,1423.438,1300,1600,2100,70100,702524.313,5143.770,0,0,0,1536,768,0,2304,3,326232437978030234
derived_vectors,change_density,stateful_event,tick_only,64,0,16,6,2001,0,0,0,22.989,0,100,100,100,43500000.000,181.973,0,0,0,2304,0,0,2304,4,326232437978030234
derived_vectors,change_density,tick_selective,tick_only,64,0,16,6,2001,0,0,0,78.611,100,100,100,100,12720915.448,396.170,0,0,0,2816,0,0,2816,3,326232437978030234
derived_vectors,change_density,stateless_full,frame_total,64,0,16,7,2001,0,6144,64,1603.798,1300,2400,2900,167800,623519.880,5695.567,1,0,0,1536,768,0,2304,3,326232437978030234
derived_vectors,change_density,stateful_event,frame_total,64,0,16,7,2001,0,0,0,22.239,0,100,100,100,44966292.135,191.261,0,0,0,2304,0,0,2304,4,326232437978030234
derived_vectors,change_density,tick_selective,frame_total,64,0,16,7,2001,0,0,0,126.237,100,100,200,84700,7921615.202,419.676,0,0,0,2816,0,0,2816,3,326232437978030234
derived_vectors,change_density,stateless_full,tick_only,64,0,16,7,2001,0,6144,64,1405.647,1300,1600,2000,34200,711416.077,5305.840,0,0,0,1536,768,0,2304,3,326232437978030234
derived_vectors,change_density,stateful_event,tick_only,64,0,16,7,2001,0,0,0,21.389,0,100,100,100,46752336.449,185.954,0,0,0,2304,0,0,2304,4,326232437978030234
derived_vectors,change_density,tick_selective,tick_only,64,0,16,7,2001,0,0,0,113.443,100,200,200,600,8814977.974,529.996,0,0,0,2816,0,0,2816,3,326232437978030234
derived_vectors,change_density,stateless_full,frame_total,64,0,16,8,2001,0,6144,64,1325.437,1300,1500,1800,27800,754467.989,5075.530,0,0,0,1536,768,0,2304,3,326232437978030234
derived_vectors,change_density,stateful_event,frame_total,64,0,16,8,2001,0,0,0,24.288,0,100,100,100,41172839.506,183.489,0,0,0,2304,0,0,2304,4,326232437978030234
derived_vectors,change_density,tick_selective,frame_total,64,0,16,8,2001,0,0,0,80.310,100,100,100,100,12451773.491,397.877,0,0,0,2816,0,0,2816,3,326232437978030234
derived_vectors,change_density,stateless_full,tick_only,64,0,16,8,2001,0,6144,64,1628.386,1300,1700,1900,314700,614105.082,5656.328,1,0,0,1536,768,0,2304,3,326232437978030234
derived_vectors,change_density,stateful_event,tick_only,64,0,16,8,2001,0,0,0,22.789,0,100,100,100,43881578.947,181.404,0,0,0,2304,0,0,2304,4,326232437978030234
derived_vectors,change_density,tick_selective,tick_only,64,0,16,8,2001,0,0,0,78.961,100,100,100,100,12664556.962,395.981,0,0,0,2816,0,0,2816,3,326232437978030234
derived_vectors,change_density,stateless_full,frame_total,64,0,16,9,2001,0,6144,64,1594.353,1300,2900,3100,226200,627213.742,5672.061,1,0,0,1536,768,0,2304,3,326232437978030234
derived_vectors,change_density,stateful_event,frame_total,64,0,16,9,2001,0,0,0,24.288,0,100,100,100,41172839.506,197.327,0,0,0,2304,0,0,2304,4,326232437978030234
derived_vectors,change_density,tick_selective,frame_total,64,0,16,9,2001,0,0,0,118.441,100,200,200,300,8443037.975,548.573,0,0,0,2816,0,0,2816,3,326232437978030234
derived_vectors,change_density,stateless_full,tick_only,64,0,16,9,2001,0,6144,64,1338.281,1300,1500,1600,28400,747227.305,5081.597,0,0,0,1536,768,0,2304,3,326232437978030234
derived_vectors,change_density,stateful_event,tick_only,64,0,16,9,2001,0,0,0,22.989,0,100,100,100,43500000.000,181.594,0,0,0,2304,0,0,2304,4,326232437978030234
derived_vectors,change_density,tick_selective,tick_only,64,0,16,9,2001,0,0,0,80.360,100,100,100,200,12444029.851,397.877,0,0,0,2816,0,0,2816,3,326232437978030234
derived_vectors,change_density,stateless_full,frame_total,64,0,16,10,2001,0,6144,64,1290.655,1300,1300,1400,13600,774800.589,4949.856,0,0,0,1536,768,0,2304,3,326232437978030234
derived_vectors,change_density,stateful_event,frame_total,64,0,16,10,2001,0,0,0,23.838,0,100,100,100,41949685.535,182.731,0,0,0,2304,0,0,2304,4,326232437978030234
derived_vectors,change_density,tick_selective,frame_total,64,0,16,10,2001,0,0,0,81.059,100,100,100,200,12336621.455,400.341,0,0,0,2816,0,0,2816,3,326232437978030234
derived_vectors,change_density,stateless_full,tick_only,64,0,16,10,2001,0,6144,64,1485.357,1400,1600,1900,40800,673238.678,5750.537,0,0,0,1536,768,0,2304,3,326232437978030234
derived_vectors,change_density,stateful_event,tick_only,64,0,16,10,2001,0,0,0,22.539,0,100,100,400,44368070.953,188.228,0,0,0,2304,0,0,2304,4,326232437978030234
derived_vectors,change_density,tick_selective,tick_only,64,0,16,10,2001,0,0,0,109.495,100,200,200,900,9132816.066,516.348,0,0,0,2816,0,0,2816,3,326232437978030234
derived_vectors,change_density,stateless_full,frame_total,64,0,16,11,2001,0,6144,64,1544.228,1500,1700,2000,26900,647572.816,5945.779,0,0,0,1536,768,0,2304,3,326232437978030234
derived_vectors,change_density,stateful_event,frame_total,64,0,16,11,2001,0,0,0,26.087,0,100,100,400,38333333.333,188.797,0,0,0,2304,0,0,2304,4,326232437978030234
derived_vectors,change_density,tick_selective,frame_total,64,0,16,11,2001,0,0,0,133.933,100,200,200,33400,7466417.910,583.451,0,0,0,2816,0,0,2816,3,326232437978030234
derived_vectors,change_density,stateless_full,tick_only,64,0,16,11,2001,0,6144,64,1432.434,1400,1600,2000,32600,698112.549,5462.791,0,0,0,1536,768,0,2304,3,326232437978030234
derived_vectors,change_density,stateful_event,tick_only,64,0,16,11,2001,0,0,0,22.939,0,100,100,100,43594771.242,181.973,0,0,0,2304,0,0,2304,4,326232437978030234
derived_vectors,change_density,tick_selective,tick_only,64,0,16,11,2001,0,0,0,91.904,100,100,100,21300,10880913.540,417.400,0,0,0,2816,0,0,2816,3,326232437978030234
derived_vectors,change_density,stateless_full,frame_total,64,1,16,1,2001,1,6144,64,1320.840,1300,1400,1700,24100,757094.211,5045.580,0,0,0,1536,768,0,2304,3,11837663647815908776
derived_vectors,change_density,stateful_event,frame_total,64,1,16,1,2001,1,96,1,51.374,100,100,100,400,19464980.545,325.277,0,0,0,2304,0,28,2332,4,11837663647815908776
derived_vectors,change_density,tick_selective,frame_total,64,1,16,1,2001,1,96,1,102.599,100,100,200,200,9746712.129,492.275,0,0,0,2816,0,28,2844,3,11837663647815908776
derived_vectors,change_density,stateless_full,tick_only,64,1,16,1,2001,1,6144,64,1307.046,1300,1300,1500,22600,765083.735,5011.461,0,0,0,1536,768,0,2304,3,11837663647815908776
derived_vectors,change_density,stateful_event,tick_only,64,1,16,1,2001,1,96,1,23.338,0,100,100,100,42847965.739,303.099,0,0,0,2304,0,28,2332,4,11837663647815908776
derived_vectors,change_density,tick_selective,tick_only,64,1,16,1,2001,1,96,1,104.148,100,100,200,10400,9601727.447,504.786,0,0,0,2816,0,28,2844,3,11837663647815908776
derived_vectors,change_density,stateless_full,frame_total,64,1,16,2,2001,1,6144,64,1282.259,1300,1300,1400,12900,779873.724,4942.084,0,0,0,1536,768,0,2304,3,1859224437441769517
derived_vectors,change_density,stateful_event,frame_total,64,1,16,2,2001,1,96,1,54.223,0,100,100,8800,18442396.313,299.118,0,0,0,2304,0,28,2332,4,1859224437441769517
derived_vectors,change_density,tick_selective,frame_total,64,1,16,2,2001,1,96,1,106.697,100,200,200,2100,9372365.340,508.956,0,0,0,2816,0,28,2844,3,1859224437441769517
derived_vectors,change_density,stateless_full,tick_only,64,1,16,2,2001,1,6144,64,1284.708,1300,1300,1400,11200,778387.210,4963.692,0,0,0,1536,768,0,2304,3,1859224437441769517
derived_vectors,change_density,stateful_event,tick_only,64,1,16,2,2001,1,96,1,23.188,0,100,100,100,43125000.000,309.165,0,0,0,2304,0,28,2332,4,1859224437441769517
derived_vectors,change_density,tick_selective,tick_only,64,1,16,2,2001,1,96,1,103.298,100,100,200,200,9680696.662,509.714,0,0,0,2816,0,28,2844,3,1859224437441769517
derived_vectors,change_density,stateless_full,frame_total,64,1,16,3,2001,1,6144,64,1298.601,1300,1300,2100,11900,770059.650,4997.434,0,0,0,1536,768,0,2304,3,7776677223592525218
derived_vectors,change_density,stateful_event,frame_total,64,1,16,3,2001,1,96,1,52.624,0,100,100,5900,19002849.003,298.739,0,0,0,2304,0,28,2332,4,7776677223592525218
derived_vectors,change_density,tick_selective,frame_total,64,1,16,3,2001,1,96,1,101.049,100,100,200,200,9896142.433,487.725,0,0,0,2816,0,28,2844,3,7776677223592525218
derived_vectors,change_density,stateless_full,tick_only,64,1,16,3,2001,1,6144,64,1314.143,1300,1500,2000,15200,760952.236,5072.877,0,0,0,1536,768,0,2304,3,7776677223592525218
derived_vectors,change_density,stateful_event,tick_only,64,1,16,3,2001,1,96,1,23.488,0,100,100,100,42574468.085,304.236,0,0,0,2304,0,28,2332,4,7776677223592525218
derived_vectors,change_density,tick_selective,tick_only,64,1,16,3,2001,1,96,1,106.597,100,100,200,16200,9381153.305,511.989,0,0,0,2816,0,28,2844,3,7776677223592525218
derived_vectors,change_density,stateless_full,frame_total,64,1,16,4,2001,1,6144,64,1282.359,1300,1300,1400,13100,779812.938,4949.856,0,0,0,1536,768,0,2304,3,10927968244934493542
derived_vectors,change_density,stateful_event,frame_total,64,1,16,4,2001,1,96,1,49.875,0,100,100,100,20050100.200,290.968,0,0,0,2304,0,28,2332,4,10927968244934493542
derived_vectors,change_density,tick_selective,frame_total,64,1,16,4,2001,1,96,1,106.897,100,100,200,9300,9354838.710,496.824,0,0,0,2816,0,28,2844,3,10927968244934493542
derived_vectors,change_density,stateless_full,tick_only,64,1,16,4,2001,1,6144,64,1280.860,1300,1300,1300,10700,780725.712,4952.319,0,0,0,1536,768,0,2304,3,10927968244934493542
derived_vectors,change_density,stateful_event,tick_only,64,1,16,4,2001,1,96,1,27.386,0,100,100,9700,36514598.540,312.766,0,0,0,2304,0,28,2332,4,10927968244934493542
derived_vectors,change_density,tick_selective,tick_only,64,1,16,4,2001,1,96,1,102.549,100,100,200,200,9751461.988,507.440,0,0,0,2816,0,28,2844,3,10927968244934493542
derived_vectors,change_density,stateless_full,frame_total,64,1,16,5,2001,1,6144,64,1291.204,1300,1300,1300,10800,774470.720,4949.286,0,0,0,1536,768,0,2304,3,12239787086614848604
derived_vectors,change_density,stateful_event,frame_total,64,1,16,5,2001,1,96,1,50.975,100,100,100,300,19617647.059,299.876,0,0,0,2304,0,28,2332,4,12239787086614848604
derived_vectors,change_density,tick_selective,frame_total,64,1,16,5,2001,1,96,1,101.649,100,100,200,300,9837758.112,485.641,0,0,0,2816,0,28,2844,3,12239787086614848604
derived_vectors,change_density,stateless_full,tick_only,64,1,16,5,2001,1,6144,64,1287.506,1300,1300,1500,11300,776695.261,4970.896,0,0,0,1536,768,0,2304,3,12239787086614848604
derived_vectors,change_density,stateful_event,tick_only,64,1,16,5,2001,1,96,1,26.637,0,100,100,6500,37542213.884,308.027,0,0,0,2304,0,28,2332,4,12239787086614848604
derived_vectors,change_density,tick_selective,tick_only,64,1,16,5,2001,1,96,1,102.949,100,100,200,400,9713592.233,507.818,0,0,0,2816,0,28,2844,3,12239787086614848604
derived_vectors,change_density,stateless_full,frame_total,64,1,16,6,2001,1,6144,64,1300.150,1300,1300,1600,17700,769142.066,4993.833,0,0,0,1536,768,0,2304,3,3846661841742414006
derived_vectors,change_density,stateful_event,frame_total,64,1,16,6,2001,1,96,1,50.475,100,100,100,200,19811881.188,291.915,0,0,0,2304,0,28,2332,4,3846661841742414006
derived_vectors,change_density,tick_selective,frame_total,64,1,16,6,2001,1,96,1,108.546,100,100,200,12900,9212707.182,504.407,0,0,0,2816,0,28,2844,3,3846661841742414006
derived_vectors,change_density,stateless_full,tick_only,64,1,16,6,2001,1,6144,64,1285.607,1300,1300,1500,13700,777842.566,4975.824,0,0,0,1536,768,0,2304,3,3846661841742414006
derived_vectors,change_density,stateful_event,tick_only,64,1,16,6,2001,1,96,1,22.539,0,100,100,300,44368070.953,305.563,0,0,0,2304,0,28,2332,4,3846661841742414006
derived_vectors,change_density,tick_selective,tick_only,64,1,16,6,2001,1,96,1,118.691,100,200,300,12400,8425263.158,565.822,0,0,0,2816,0,28,2844,3,3846661841742414006
derived_vectors,change_density,stateless_full,frame_total,64,1,16,7,2001,1,6144,64,1312.844,1300,1400,1800,23400,761705.367,5044.633,0,0,0,1536,768,0,2304,3,13326093989407699197
derived_vectors,change_density,stateful_event,frame_total,64,1,16,7,2001,1,96,1,50.225,100,100,100,100,19910447.761,291.157,0,0,0,2304,0,28,2332,4,13326093989407699197
derived_vectors,change_density,tick_selective,frame_total,64,1,16,7,2001,1,96,1,102.199,100,100,200,400,9784841.076,488.863,0,0,0,2816,0,28,2844,3,13326093989407699197
derived_vectors,change_density,stateless_full,tick_only,64,1,16,7,2001,1,6144,64,1294.753,1300,1300,1400,13400,772348.309,4991.557,0,0,0,1536,768,0,2304,3,13326093989407699197
derived_vectors,change_density,stateful_event,tick_only,64,1,16,7,2001,1,96,1,23.138,0,100,100,400,43218142.549,305.184,0,0,0,2304,0,28,2332,4,13326093989407699197
derived_vectors,change_density,tick_selective,tick_only,64,1,16,7,2001,1,96,1,102.849,100,100,200,200,9723032.070,507.060,0,0,0,2816,0,28,2844,3,13326093989407699197
derived_vectors,change_density,stateless_full,frame_total,64,1,16,8,2001,1,6144,64,1540.130,1300,1600,1900,53700,649295.866,5475.491,0,0,0,1536,768,0,2304,3,12040491725928442107
derived_vectors,change_density,stateful_event,frame_total,64,1,16,8,2001,1,96,1,52.324,100,100,100,200,19111747.851,321.486,0,0,0,2304,0,28,2332,4,12040491725928442107
derived_vectors,change_density,tick_selective,frame_total,64,1,16,8,2001,1,96,1,103.048,100,100,200,300,9704170.708,493.033,0,0,0,2816,0,28,2844,3,12040491725928442107
derived_vectors,change_density,stateless_full,tick_only,64,1,16,8,2001,1,6144,64,1298.951,1300,1300,1500,23200,769852.262,5001.225,0,0,0,1536,768,0,2304,3,12040491725928442107
derived_vectors,change_density,stateful_event,tick_only,64,1,16,8,2001,1,96,1,23.138,0,100,100,100,43218142.549,304.805,0,0,0,2304,0,28,2332,4,12040491725928442107
derived_vectors,change_density,tick_selective,tick_only,64,1,16,8,2001,1,96,1,102.949,100,100,200,400,9713592.233,510.093,0,0,0,2816,0,28,2844,3,12040491725928442107
derived_vectors,change_density,stateless_full,frame_total,64,1,16,9,2001,1,6144,64,1304.498,1300,1300,1800,15800,766578.554,5012.598,0,0,0,1536,768,0,2304,3,6711980718004381734
derived_vectors,change_density,stateful_event,frame_total,64,1,16,9,2001,1,96,1,49.925,0,100,100,100,20030030.030,291.915,0,0,0,2304,0,28,2332,4,6711980718004381734
derived_vectors,change_density,tick_selective,frame_total,64,1,16,9,2001,1,96,1,108.396,100,100,200,12200,9225449.516,503.269,0,0,0,2816,0,28,2844,3,6711980718004381734
derived_vectors,change_density,stateless_full,tick_only,64,1,16,9,2001,1,6144,64,1278.711,1300,1300,1400,13700,782037.754,4936.208,0,0,0,1536,768,0,2304,3,6711980718004381734
derived_vectors,change_density,stateful_event,tick_only,64,1,16,9,2001,1,96,1,22.539,0,100,100,200,44368070.953,304.805,0,0,0,2304,0,28,2332,4,6711980718004381734
derived_vectors,change_density,tick_selective,tick_only,64,1,16,9,2001,1,96,1,115.192,100,200,200,10700,8681127.983,550.659,0,0,0,2816,0,28,2844,3,6711980718004381734
derived_vectors,change_density,stateless_full,frame_total,64,1,16,10,2001,1,6144,64,1297.651,1300,1300,1800,18900,770623.123,4989.283,0,0,0,1536,768,0,2304,3,17235268704639123682
derived_vectors,change_density,stateful_event,frame_total,64,1,16,10,2001,1,96,1,49.975,0,100,100,100,20010000.000,291.536,0,0,0,2304,0,28,2332,4,17235268704639123682
derived_vectors,change_density,tick_selective,frame_total,64,1,16,10,2001,1,96,1,102.299,100,100,200,200,9775280.899,490.000,0,0,0,2816,0,28,2844,3,17235268704639123682
derived_vectors,change_density,stateless_full,tick_only,64,1,16,10,2001,1,6144,64,1345.377,1300,1400,2100,33500,743285.911,5109.461,0,0,0,1536,768,0,2304,3,17235268704639123682
derived_vectors,change_density,stateful_event,tick_only,64,1,16,10,2001,1,96,1,22.789,0,100,100,200,43881578.947,304.615,0,0,0,2304,0,28,2332,4,17235268704639123682
derived_vectors,change_density,tick_selective,tick_only,64,1,16,10,2001,1,96,1,99.100,100,100,200,500,10090771.558,494.739,0,0,0,2816,0,28,2844,3,17235268704639123682
derived_vectors,change_density,stateless_full,frame_total,64,1,16,11,2001,1,6144,64,1419.390,1300,1600,2000,34000,704527.850,5341.288,0,0,0,1536,768,0,2304,3,13618333039701905768
derived_vectors,change_density,stateful_event,frame_total,64,1,16,11,2001,1,96,1,52.174,100,100,100,500,19166666.667,335.513,0,0,0,2304,0,28,2332,4,13618333039701905768
derived_vectors,change_density,tick_selective,frame_total,64,1,16,11,2001,1,96,1,143.278,100,200,200,400,6979420.998,652.639,0,0,0,2816,0,28,2844,3,13618333039701905768
derived_vectors,change_density,stateless_full,tick_only,64,1,16,11,2001,1,6144,64,1335.832,1300,1500,1600,55800,748597.082,5078.753,0,0,0,1536,768,0,2304,3,13618333039701905768
derived_vectors,change_density,stateful_event,tick_only,64,1,16,11,2001,1,96,1,23.088,0,100,100,100,43311688.312,303.668,0,0,0,2304,0,28,2332,4,13618333039701905768
derived_vectors,change_density,tick_selective,tick_only,64,1,16,11,2001,1,96,1,98.601,100,100,200,200,10141915.864,492.844,0,0,0,2816,0,28,2844,3,13618333039701905768
derived_vectors,change_density,stateless_full,frame_total,64,10,16,1,2001,7,6144,64,1360.620,1300,1600,2200,38600,734959.230,5203.670,0,0,0,1536,768,0,2304,3,3781598515161889831
derived_vectors,change_density,stateful_event,frame_total,64,10,16,1,2001,7,672,7,219.790,200,300,300,15400,4549795.362,954.979,0,0,0,2304,0,196,2500,4,3781598515161889831
derived_vectors,change_density,tick_selective,frame_total,64,10,16,1,2001,7,672,7,211.344,200,300,300,600,4731615.039,964.457,0,0,0,2816,0,196,3012,3,3781598515161889831
derived_vectors,change_density,stateless_full,tick_only,64,10,16,1,2001,7,6144,64,1440.480,1300,1900,2800,23800,694213.156,5627.705,0,0,0,1536,768,0,2304,3,3781598515161889831
derived_vectors,change_density,stateful_event,tick_only,64,10,16,1,2001,7,672,7,23.538,0,100,100,200,42484076.433,989.668,0,0,0,2304,0,196,2500,4,3781598515161889831
derived_vectors,change_density,tick_selective,tick_only,64,10,16,1,2001,7,672,7,213.093,200,300,400,1000,4692776.735,1020.376,0,0,0,2816,0,196,3012,3,3781598515161889831
derived_vectors,change_density,stateless_full,frame_total,64,10,16,2,2001,7,6144,64,1337.931,1300,1600,2200,29200,747422.680,5202.723,0,0,0,1536,768,0,2304,3,11899789630371054927
derived_vectors,change_density,stateful_event,frame_total,64,10,16,2,2001,7,672,7,211.944,200,300,300,300,4718226.833,937.350,0,0,0,2304,0,196,2500,4,11899789630371054927
derived_vectors,change_density,tick_selective,frame_total,64,10,16,2,2001,7,672,7,219.290,200,300,300,11200,4560164.084,982.465,0,0,0,2816,0,196,3012,3,11899789630371054927
derived_vectors,change_density,stateless_full,tick_only,64,10,16,2,2001,7,6144,64,1279.810,1300,1300,1300,13700,781365.926,5010.134,0,0,0,1536,768,0,2304,3,11899789630371054927
derived_vectors,change_density,stateful_event,tick_only,64,10,16,2,2001,7,672,7,23.038,0,100,100,200,43405639.913,964.457,0,0,0,2304,0,196,2500,4,11899789630371054927
derived_vectors,change_density,tick_selective,tick_only,64,10,16,2,2001,7,672,7,294.803,300,400,500,26200,3392100.356,1339.966,0,0,0,2816,0,196,3012,3,11899789630371054927
derived_vectors,change_density,stateless_full,frame_total,64,10,16,3,2001,7,6144,64,1294.503,1300,1300,1400,21200,772497.394,5034.018,0,0,0,1536,768,0,2304,3,15750798839710951282
derived_vectors,change_density,stateful_event,frame_total,64,10,16,3,2001,7,672,7,212.344,200,300,300,400,4709343.375,936.023,0,0,0,2304,0,196,2500,4,15750798839710951282
derived_vectors,change_density,tick_selective,frame_total,64,10,16,3,2001,7,672,7,217.441,200,300,300,9600,4598942.772,972.039,0,0,0,2816,0,196,3012,3,15750798839710951282
derived_vectors,change_density,stateless_full,tick_only,64,10,16,3,2001,7,6144,64,1318.791,1300,1500,1900,22500,758270.491,5144.149,0,0,0,1536,768,0,2304,3,15750798839710951282
derived_vectors,change_density,stateful_event,tick_only,64,10,16,3,2001,7,672,7,21.789,0,100,100,100,45894495.413,942.279,0,0,0,2304,0,196,2500,4,15750798839710951282
derived_vectors,change_density,tick_selective,tick_only,64,10,16,3,2001,7,672,7,207.546,200,200,300,11300,4818203.708,978.484,0,0,0,2816,0,196,3012,3,15750798839710951282
derived_vectors,change_density,stateless_full,frame_total,64,10,16,4,2001,7,6144,64,1276.112,1300,1300,1300,11200,783630.311,4991.747,0,0,0,1536,768,0,2304,3,10764677527279801759
derived_vectors,change_density,stateful_event,frame_total,64,10,16,4,2001,7,672,7,216.342,200,300,300,9500,4622314.622,943.606,0,0,0,2304,0,196,2500,4,10764677527279801759
derived_vectors,change_density,tick_selective,frame_total,64,10,16,4,2001,7,672,7,212.744,200,300,300,3500,4700493.305,966.922,0,0,0,2816,0,196,3012,3,10764677527279801759
derived_vectors,change_density,stateless_full,tick_only,64,10,16,4,2001,7,6144,64,1311.194,1300,1500,2000,15500,762663.414,5124.625,0,0,0,1536,768,0,2304,3,10764677527279801759
derived_vectors,change_density,stateful_event,tick_only,64,10,16,4,2001,7,672,7,23.388,0,100,100,100,42756410.256,955.169,0,0,0,2304,0,196,2500,4,10764677527279801759
derived_vectors,change_density,tick_selective,tick_only,64,10,16,4,2001,7,672,7,202.649,200,200,300,400,4934648.582,960.287,0,0,0,2816,0,196,3012,3,10764677527279801759
derived_vectors,change_density,stateless_full,frame_total,64,10,16,5,2001,7,6144,64,1282.309,1300,1300,1300,11400,779843.330,5004.637,0,0,0,1536,768,0,2304,3,13035404533127281551
derived_vectors,change_density,stateful_event,frame_total,64,10,16,5,2001,7,672,7,210.945,200,300,300,300,4740582.800,942.279,0,0,0,2304,0,196,2500,4,13035404533127281551
derived_vectors,change_density,tick_selective,frame_total,64,10,16,5,2001,7,672,7,210.795,200,300,300,300,4743954.481,962.182,0,0,0,2816,0,196,3012,3,13035404533127281551
derived_vectors,change_density,stateless_full,tick_only,64,10,16,5,2001,7,6144,64,1538.381,1300,3100,3900,43800,650034.110,5920.187,0,0,0,1536,768,0,2304,3,13035404533127281551
derived_vectors,change_density,stateful_event,tick_only,64,10,16,5,2001,7,672,7,22.489,0,100,100,100,44466666.667,959.150,0,0,0,2304,0,196,2500,4,13035404533127281551
derived_vectors,change_density,tick_selective,tick_only,64,10,16,5,2001,7,672,7,203.198,200,200,300,600,4921298.574,963.888,0,0,0,2816,0,196,3012,3,13035404533127281551
derived_vectors,change_density,stateless_full,frame_total,64,10,16,6,2001,7,6144,64,1289.805,1300,1300,1700,13500,775310.938,5033.828,0,0,0,1536,768,0,2304,3,4168937927467235906
derived_vectors,change_density,stateful_event,frame_total,64,10,16,6,2001,7,672,7,220.740,200,300,400,9500,4530224.134,965.784,0,0,0,2304,0,196,2500,4,4168937927467235906
derived_vectors,change_density,tick_selective,frame_total,64,10,16,6,2001,7,672,7,211.444,200,300,300,400,4729378.398,965.595,0,0,0,2816,0,196,3012,3,4168937927467235906
derived_vectors,change_density,stateless_full,tick_only,64,10,16,6,2001,7,6144,64,1280.010,1300,1300,1300,12800,781243.900,5007.859,0,0,0,1536,768,0,2304,3,4168937927467235906
derived_vectors,change_density,stateful_event,tick_only,64,10,16,6,2001,7,672,7,22.989,0,100,100,100,43500000.000,960.856,0,0,0,2304,0,196,2500,4,4168937927467235906
derived_vectors,change_density,tick_selective,tick_only,64,10,16,6,2001,7,672,7,201.999,200,200,300,400,4950519.545,961.045,0,0,0,2816,0,196,3012,3,4168937927467235906
derived_vectors,change_density,stateless_full,frame_total,64,10,16,7,2001,7,6144,64,1296.652,1300,1300,2000,11400,771217.143,5052.405,0,0,0,1536,768,0,2304,3,3074129456112919036
derived_vectors,change_density,stateful_event,frame_total,64,10,16,7,2001,7,672,7,211.944,200,300,300,400,4718226.833,937.919,0,0,0,2304,0,196,2500,4,3074129456112919036
derived_vectors,change_density,tick_selective,frame_total,64,10,16,7,2001,7,672,7,217.041,200,300,300,12300,4607414.230,976.968,0,0,0,2816,0,196,3012,3,3074129456112919036
derived_vectors,change_density,stateless_full,tick_only,64,10,16,7,2001,7,6144,64,1280.210,1300,1300,1300,13500,781121.911,5011.651,0,0,0,1536,768,0,2304,3,3074129456112919036
derived_vectors,change_density,stateful_event,tick_only,64,10,16,7,2001,7,672,7,23.938,0,100,100,100,41774530.271,938.298,0,0,0,2304,0,196,2500,4,3074129456112919036
derived_vectors,change_density,tick_selective,tick_only,64,10,16,7,2001,7,672,7,265.367,200,300,500,35400,3768361.582,1177.138,0,0,0,2816,0,196,3012,3,3074129456112919036
derived_vectors,change_density,stateless_full,frame_total,64,10,16,8,2001,7,6144,64,1342.679,1300,1500,2100,17800,744779.841,5219.782,0,0,0,1536,768,0,2304,3,6431531861733202666
derived_vectors,change_density,stateful_event,frame_total,64,10,16,8,2001,7,672,7,213.343,200,300,300,500,4687280.394,951.757,0,0,0,2304,0,196,2500,4,6431531861733202666
derived_vectors,change_density,tick_selective,frame_total,64,10,16,8,2001,7,672,7,218.041,200,300,300,12400,4586293.835,980.948,0,0,0,2816,0,196,3012,3,6431531861733202666
derived_vectors,change_density,stateless_full,tick_only,64,10,16,8,2001,7,6144,64,1282.609,1300,1300,1300,12400,779661.017,5008.807,0,0,0,1536,768,0,2304,3,6431531861733202666
derived_vectors,change_density,stateful_event,tick_only,64,10,16,8,2001,7,672,7,23.388,0,100,100,100,42756410.256,941.521,0,0,0,2304,0,196,2500,4,6431531861733202666
derived_vectors,change_density,tick_selective,tick_only,64,10,16,8,2001,7,672,7,235.282,200,300,400,19800,4250212.404,1086.341,0,0,0,2816,0,196,3012,3,6431531861733202666
derived_vectors,change_density,stateless_full,frame_total,64,10,16,9,2001,7,6144,64,1319.940,1300,1600,1900,18200,757610.177,5154.385,0,0,0,1536,768,0,2304,3,10816223698479550842
derived_vectors,change_density,stateful_event,frame_total,64,10,16,9,2001,7,672,7,217.191,200,300,300,4200,4604233.778,965.405,0,0,0,2304,0,196,2500,4,10816223698479550842
derived_vectors,change_density,tick_selective,frame_total,64,10,16,9,2001,7,672,7,296.902,300,500,600,26000,3368119.845,1295.230,0,0,0,2816,0,196,3012,3,10816223698479550842
derived_vectors,change_density,stateless_full,tick_only,64,10,16,9,2001,7,6144,64,1422.639,1300,1600,2000,23000,702919.170,5551.884,0,0,0,1536,768,0,2304,3,10816223698479550842
derived_vectors,change_density,stateful_event,tick_only,64,10,16,9,2001,7,672,7,23.688,0,100,100,100,42215189.873,937.350,0,0,0,2304,0,196,2500,4,10816223698479550842
derived_vectors,change_density,tick_selective,tick_only,64,10,16,9,2001,7,672,7,214.443,200,300,400,11500,4663248.660,1000.093,0,0,0,2816,0,196,3012,3,10816223698479550842
derived_vectors,change_density,stateless_full,frame_total,64,10,16,10,2001,7,6144,64,1323.888,1300,1600,2100,19600,755350.874,5152.299,0,0,0,1536,768,0,2304,3,6548633226140956582
derived_vectors,change_density,stateful_event,frame_total,64,10,16,10,2001,7,672,7,212.044,200,300,300,400,4716002.828,941.142,0,0,0,2304,0,196,2500,4,6548633226140956582
derived_vectors,change_density,tick_selective,frame_total,64,10,16,10,2001,7,672,7,232.434,200,300,500,13600,4302300.581,1041.227,0,0,0,2816,0,196,3012,3,6548633226140956582
derived_vectors,change_density,stateless_full,tick_only,64,10,16,10,2001,7,6144,64,1320.890,1300,1500,2100,22400,757065.567,5143.013,0,0,0,1536,768,0,2304,3,6548633226140956582
derived_vectors,change_density,stateful_event,tick_only,64,10,16,10,2001,7,672,7,24.438,0,100,100,100,40920245.399,944.554,0,0,0,2304,0,196,2500,4,6548633226140956582
derived_vectors,change_density,tick_selective,tick_only,64,10,16,10,2001,7,672,7,215.042,200,300,400,14200,4650244.016,1005.590,0,0,0,2816,0,196,3012,3,6548633226140956582
derived_vectors,change_density,stateless_full,frame_total,64,10,16,11,2001,7,6144,64,1292.204,1300,1300,1400,14700,773871.679,5035.344,0,0,0,1536,768,0,2304,3,15887878060389270268
derived_vectors,change_density,stateful_event,frame_total,64,10,16,11,2001,7,672,7,210.445,200,300,300,400,4751840.418,935.265,0,0,0,2304,0,196,2500,4,15887878060389270268
derived_vectors,change_density,tick_selective,frame_total,64,10,16,11,2001,7,672,7,211.844,200,300,300,400,4720452.937,975.830,0,0,0,2816,0,196,3012,3,15887878060389270268
derived_vectors,change_density,stateless_full,tick_only,64,10,16,11,2001,7,6144,64,1486.557,1300,1900,2400,120100,672695.488,5452.557,1,0,0,1536,768,0,2304,3,15887878060389270268
derived_vectors,change_density,stateful_event,tick_only,64,10,16,11,2001,7,672,7,23.238,0,100,100,200,43032258.065,981.517,0,0,0,2304,0,196,2500,4,15887878060389270268
derived_vectors,change_density,tick_selective,tick_only,64,10,16,11,2001,7,672,7,203.198,200,200,300,600,4921298.574,980.948,0,0,0,2816,0,196,3012,3,15887878060389270268
derived_vectors,change_density,stateless_full,frame_total,64,100,16,1,2001,64,6144,64,1321.139,1300,1300,1400,19600,756922.379,5575.578,0,0,0,1536,768,0,2304,3,468042556938895043
derived_vectors,change_density,stateful_event,frame_total,64,100,16,1,2001,64,6144,64,1791.254,1800,1800,2200,25200,558268.002,7354.174,0,0,0,2304,0,1792,4096,4,468042556938895043
derived_vectors,change_density,tick_selective,frame_total,64,100,16,1,2001,64,6144,64,1406.347,1400,1400,1800,15800,711062.151,5840.007,0,0,0,2816,0,1792,4608,3,468042556938895043
derived_vectors,change_density,stateless_full,tick_only,64,100,16,1,2001,64,6144,64,1353.923,1300,1700,2100,21300,738594.419,5975.160,0,0,0,1536,768,0,2304,3,468042556938895043
derived_vectors,change_density,stateful_event,tick_only,64,100,16,1,2001,64,6144,64,22.789,0,100,100,100,43881578.947,7233.238,0,0,0,2304,0,1792,4096,4,468042556938895043
derived_vectors,change_density,tick_selective,tick_only,64,100,16,1,2001,64,6144,64,1583.858,1600,1800,2100,27500,631369.703,7036.859,0,0,0,2816,0,1792,4608,3,468042556938895043
derived_vectors,change_density,stateless_full,frame_total,64,100,16,2,2001,64,6144,64,1375.162,1300,1600,2100,18200,727186.830,5844.178,0,0,0,1536,768,0,2304,3,5566661377438563724
derived_vectors,change_density,stateful_event,frame_total,64,100,16,2,2001,64,6144,64,1824.188,1800,1900,2300,33000,548189.140,7513.399,0,0,0,2304,0,1792,4096,4,5566661377438563724
derived_vectors,change_density,tick_selective,frame_total,64,100,16,2,2001,64,6144,64,1423.288,1400,1400,2000,23800,702598.315,5892.514,0,0,0,2816,0,1792,4608,3,5566661377438563724
derived_vectors,change_density,stateless_full,tick_only,64,100,16,2,2001,64,6144,64,1305.697,1300,1300,1900,19100,765874.383,5647.419,0,0,0,1536,768,0,2304,3,5566661377438563724
derived_vectors,change_density,stateful_event,tick_only,64,100,16,2,2001,64,6144,64,23.488,0,100,100,200,42574468.085,7278.162,0,0,0,2304,0,1792,4096,4,5566661377438563724
derived_vectors,change_density,tick_selective,tick_only,64,100,16,2,2001,64,6144,64,1494.953,1300,1800,2300,39900,668917.564,6409.240,0,0,0,2816,0,1792,4608,3,5566661377438563724
derived_vectors,change_density,stateless_full,frame_total,64,100,16,3,2001,64,6144,64,1479.460,1300,1300,1500,149500,675922.173,5625.810,2,0,0,1536,768,0,2304,3,4564780857708848806
derived_vectors,change_density,stateful_event,frame_total,64,100,16,3,2001,64,6144,64,2018.741,1800,4400,4600,43400,495358.336,8190.681,0,0,0,2304,0,1792,4096,4,4564780857708848806
derived_vectors,change_density,tick_selective,frame_total,64,100,16,3,2001,64,6144,64,1722.439,1400,3500,3900,52200,580572.158,7183.195,0,0,0,2816,0,1792,4608,3,4564780857708848806
derived_vectors,change_density,stateless_full,tick_only,64,100,16,3,2001,64,6144,64,1312.894,1300,1500,1800,25600,761676.373,5678.884,0,0,0,1536,768,0,2304,3,4564780857708848806
derived_vectors,change_density,stateful_event,tick_only,64,100,16,3,2001,64,6144,64,23.588,0,100,100,100,42394067.797,7456.534,0,0,0,2304,0,1792,4096,4,4564780857708848806
derived_vectors,change_density,tick_selective,tick_only,64,100,16,3,2001,64,6144,64,1392.254,1300,1800,2000,27400,718259.808,6126.804,0,0,0,2816,0,1792,4608,3,4564780857708848806
derived_vectors,change_density,stateless_full,frame_total,64,100,16,4,2001,64,6144,64,1306.097,1300,1300,1400,10800,765639.946,5579.559,0,0,0,1536,768,0,2304,3,14619029230834757189
derived_vectors,change_density,stateful_event,frame_total,64,100,16,4,2001,64,6144,64,1792.004,1800,1800,2100,18500,558034.469,7317.969,0,0,0,2304,0,1792,4096,4,14619029230834757189
derived_vectors,change_density,tick_selective,frame_total,64,100,16,4,2001,64,6144,64,1618.541,1700,1800,2200,20200,617840.492,6877.443,0,0,0,2816,0,1792,4608,3,14619029230834757189
derived_vectors,change_density,stateless_full,tick_only,64,100,16,4,2001,64,6144,64,1509.345,1500,1600,1700,19500,662538.905,6816.406,0,0,0,1536,768,0,2304,3,14619029230834757189
derived_vectors,change_density,stateful_event,tick_only,64,100,16,4,2001,64,6144,64,20.890,0,100,100,200,47870813.397,7393.032,0,0,0,2304,0,1792,4096,4,14619029230834757189
derived_vectors,change_density,tick_selective,tick_only,64,100,16,4,2001,64,6144,64,1315.792,1300,1300,1400,12800,759998.481,5810.246,0,0,0,2816,0,1792,4608,3,14619029230834757189
derived_vectors,change_density,stateless_full,frame_total,64,100,16,5,2001,64,6144,64,1342.829,1300,1500,2200,17300,744696.688,5723.050,0,0,0,1536,768,0,2304,3,8527991045497011358
derived_vectors,change_density,stateful_event,frame_total,64,100,16,5,2001,64,6144,64,1781.159,1800,1800,1800,12300,561432.059,7259.776,0,0,0,2304,0,1792,4096,4,8527991045497011358
derived_vectors,change_density,tick_selective,frame_total,64,100,16,5,2001,64,6144,64,1408.296,1400,1400,1900,17500,710078.070,5868.061,0,0,0,2816,0,1792,4608,3,8527991045497011358
derived_vectors,change_density,stateless_full,tick_only,64,100,16,5,2001,64,6144,64,1291.054,1300,1300,1900,12800,774560.656,5642.679,0,0,0,1536,768,0,2304,3,8527991045497011358
derived_vectors,change_density,stateful_event,tick_only,64,100,16,5,2001,64,6144,64,23.688,0,100,100,500,42215189.873,7682.105,0,0,0,2304,0,1792,4096,4,8527991045497011358
derived_vectors,change_density,tick_selective,tick_only,64,100,16,5,2001,64,6144,64,1564.218,1300,1900,3200,20300,639297.125,6935.826,0,0,0,2816,0,1792,4608,3,8527991045497011358
derived_vectors,change_density,stateless_full,frame_total,64,100,16,6,2001,64,6144,64,1468.566,1300,1800,2300,27900,680936.500,6234.282,0,0,0,1536,768,0,2304,3,5765066243081557533
derived_vectors,change_density,stateful_event,frame_total,64,100,16,6,2001,64,6144,64,1792.554,1800,1800,2100,17500,557863.336,7314.558,0,0,0,2304,0,1792,4096,4,5765066243081557533
derived_vectors,change_density,tick_selective,frame_total,64,100,16,6,2001,64,6144,64,1438.231,1400,1500,2300,23000,695298.655,5947.295,0,0,0,2816,0,1792,4608,3,5765066243081557533
derived_vectors,change_density,stateless_full,tick_only,64,100,16,6,2001,64,6144,64,1294.303,1300,1300,2000,14800,772616.703,5620.502,0,0,0,1536,768,0,2304,3,5765066243081557533
derived_vectors,change_density,stateful_event,tick_only,64,100,16,6,2001,64,6144,64,28.286,0,100,100,200,35353356.890,8417.959,0,0,0,2304,0,1792,4096,4,5765066243081557533
derived_vectors,change_density,tick_selective,tick_only,64,100,16,6,2001,64,6144,64,1370.415,1300,1400,1900,33500,729706.075,5934.974,0,0,0,2816,0,1792,4608,3,5765066243081557533
derived_vectors,change_density,stateless_full,frame_total,64,100,16,7,2001,64,6144,64,1338.731,1300,1300,1700,20800,746976.258,5635.667,0,0,0,1536,768,0,2304,3,12482890271667372976
derived_vectors,change_density,stateful_event,frame_total,64,100,16,7,2001,64,6144,64,1781.909,1800,1800,1900,14100,561195.872,7281.764,0,0,0,2304,0,1792,4096,4,12482890271667372976
derived_vectors,change_density,tick_selective,frame_total,64,100,16,7,2001,64,6144,64,1406.047,1400,1400,1800,15800,711213.791,5852.138,0,0,0,2816,0,1792,4608,3,12482890271667372976
derived_vectors,change_density,stateless_full,tick_only,64,100,16,7,2001,64,6144,64,1277.511,1300,1300,1300,12300,782771.975,5567.047,0,0,0,1536,768,0,2304,3,12482890271667372976
derived_vectors,change_density,stateful_event,tick_only,64,100,16,7,2001,64,6144,64,22.989,0,100,100,300,43500000.000,7259.586,0,0,0,2304,0,1792,4096,4,12482890271667372976
derived_vectors,change_density,tick_selective,tick_only,64,100,16,7,2001,64,6144,64,1316.492,1300,1300,1700,13900,759594.579,5830.339,0,0,0,2816,0,1792,4608,3,12482890271667372976
derived_vectors,change_density,stateless_full,frame_total,64,100,16,8,2001,64,6144,64,1338.631,1300,1300,1500,16300,747032.032,5618.227,0,0,0,1536,768,0,2304,3,13004582815679846016
derived_vectors,change_density,stateful_event,frame_total,64,100,16,8,2001,64,6144,64,1783.658,1800,1800,2300,13600,560645.541,7297.686,0,0,0,2304,0,1792,4096,4,13004582815679846016
derived_vectors,change_density,tick_selective,frame_total,64,100,16,8,2001,64,6144,64,1539.330,1400,2000,2400,21500,649633.141,6407.725,0,0,0,2816,0,1792,4608,3,13004582815679846016
derived_vectors,change_density,stateless_full,tick_only,64,100,16,8,2001,64,6144,64,1278.911,1300,1300,1300,11600,781915.517,5559.086,0,0,0,1536,768,0,2304,3,13004582815679846016
derived_vectors,change_density,stateful_event,tick_only,64,100,16,8,2001,64,6144,64,23.538,0,100,100,100,42484076.433,7260.154,0,0,0,2304,0,1792,4096,4,13004582815679846016
derived_vectors,change_density,tick_selective,tick_only,64,100,16,8,2001,64,6144,64,1329.785,1300,1300,1400,16400,752001.203,5832.424,0,0,0,2816,0,1792,4608,3,13004582815679846016
derived_vectors,change_density,stateless_full,frame_total,64,100,16,9,2001,64,6144,64,1465.567,1400,1700,2000,22600,682329.673,6232.576,0,0,0,1536,768,0,2304,3,130125504089611922
derived_vectors,change_density,stateful_event,frame_total,64,100,16,9,2001,64,6144,64,1793.503,1800,1800,2000,13400,557567.989,7295.222,0,0,0,2304,0,1792,4096,4,130125504089611922
derived_vectors,change_density,tick_selective,frame_total,64,100,16,9,2001,64,6144,64,1403.798,1400,1400,1600,14000,712353.151,5845.883,0,0,0,2816,0,1792,4608,3,130125504089611922
derived_vectors,change_density,stateless_full,tick_only,64,100,16,9,2001,64,6144,64,1277.011,1300,1300,1300,11500,783078.308,5544.680,0,0,0,1536,768,0,2304,3,130125504089611922
derived_vectors,change_density,stateful_event,tick_only,64,100,16,9,2001,64,6144,64,21.639,0,100,100,200,46212471.132,7268.115,0,0,0,2304,0,1792,4096,4,130125504089611922
derived_vectors,change_density,tick_selective,tick_only,64,100,16,9,2001,64,6144,64,1337.431,1300,1600,1900,10600,747701.965,5926.823,0,0,0,2816,0,1792,4608,3,130125504089611922
derived_vectors,change_density,stateless_full,frame_total,64,100,16,10,2001,64,6144,64,1333.533,1300,1400,1800,22100,749887.573,5646.282,0,0,0,1536,768,0,2304,3,3013302200726958710
derived_vectors,change_density,stateful_event,frame_total,64,100,16,10,2001,64,6144,64,1790.205,1800,1800,2000,15700,558595.277,7295.412,0,0,0,2304,0,1792,4096,4,3013302200726958710
derived_vectors,change_density,tick_selective,frame_total,64,100,16,10,2001,64,6144,64,1433.583,1400,1700,2200,29600,697552.813,5971.938,0,0,0,2816,0,1792,4608,3,3013302200726958710
derived_vectors,change_density,stateless_full,tick_only,64,100,16,10,2001,64,6144,64,1290.255,1300,1300,1600,14700,775040.669,5592.637,0,0,0,1536,768,0,2304,3,3013302200726958710
derived_vectors,change_density,stateful_event,tick_only,64,100,16,10,2001,64,6144,64,25.087,0,100,100,100,39860557.769,7268.116,0,0,0,2304,0,1792,4096,4,3013302200726958710
derived_vectors,change_density,tick_selective,tick_only,64,100,16,10,2001,64,6144,64,1314.143,1300,1300,1400,12400,760952.236,5789.206,0,0,0,2816,0,1792,4608,3,3013302200726958710
derived_vectors,change_density,stateless_full,frame_total,64,100,16,11,2001,64,6144,64,1331.534,1300,1400,1700,21000,751013.361,5671.303,0,0,0,1536,768,0,2304,3,11862726043842917838
derived_vectors,change_density,stateful_event,frame_total,64,100,16,11,2001,64,6144,64,1764.218,1700,1800,1800,12800,566823.409,7218.454,0,0,0,2304,0,1792,4096,4,11862726043842917838
derived_vectors,change_density,tick_selective,frame_total,64,100,16,11,2001,64,6144,64,1415.492,1400,1400,2000,17700,706468.013,5892.514,0,0,0,2816,0,1792,4608,3,11862726043842917838
derived_vectors,change_density,stateless_full,tick_only,64,100,16,11,2001,64,6144,64,1278.761,1300,1300,1300,10900,782007.191,5573.303,0,0,0,1536,768,0,2304,3,11862726043842917838
derived_vectors,change_density,stateful_event,tick_only,64,100,16,11,2001,64,6144,64,25.437,0,100,100,100,39312377.210,7273.424,0,0,0,2304,0,1792,4096,4,11862726043842917838
derived_vectors,change_density,tick_selective,tick_only,64,100,16,11,2001,64,6144,64,1309.345,1300,1300,1400,11600,763740.458,5766.270,0,0,0,2816,0,1792,4608,3,11862726043842917838
derived_vectors,change_density,stateless_full,frame_total,256,0,16,1,2001,0,24576,256,5100.150,5000,5100,7400,23200,196072.667,19310.369,0,0,0,6144,3072,0,9216,3,11447310553278571365
derived_vectors,change_density,stateful_event,frame_total,256,0,16,1,2001,0,0,0,23.638,0,100,100,100,42304439.746,182.542,0,0,0,9216,0,0,9216,4,11447310553278571365
derived_vectors,change_density,tick_selective,frame_total,256,0,16,1,2001,0,0,0,313.293,300,300,500,10600,3191896.634,1261.490,0,0,0,11264,0,0,11264,3,11447310553278571365
derived_vectors,change_density,stateless_full,tick_only,256,0,16,1,2001,0,24576,256,6031.834,5200,6600,11300,664400,165787.054,21382.585,1,0,0,6144,3072,0,9216,3,11447310553278571365
derived_vectors,change_density,stateful_event,tick_only,256,0,16,1,2001,0,0,0,23.588,0,100,100,100,42394067.797,207.563,0,0,0,9216,0,0,9216,4,11447310553278571365
derived_vectors,change_density,tick_selective,tick_only,256,0,16,1,2001,0,0,0,425.087,400,500,600,1100,2352457.089,1752.059,0,0,0,11264,0,0,11264,3,11447310553278571365
derived_vectors,change_density,stateless_full,frame_total,256,0,16,2,2001,0,24576,256,6238.181,6000,7000,21100,111900,160303.142,22851.073,1,0,0,6144,3072,0,9216,3,11447310553278571365
derived_vectors,change_density,stateful_event,frame_total,256,0,16,2,2001,0,0,0,26.037,0,100,100,200,38406909.789,213.250,0,0,0,9216,0,0,9216,4,11447310553278571365
derived_vectors,change_density,tick_selective,frame_total,256,0,16,2,2001,0,0,0,406.997,400,600,700,11200,2457023.576,1633.777,0,0,0,11264,0,0,11264,3,11447310553278571365
derived_vectors,change_density,stateless_full,tick_only,256,0,16,2,2001,0,24576,256,5631.434,5000,7000,12600,57400,177574.655,20961.776,0,0,0,6144,3072,0,9216,3,11447310553278571365
derived_vectors,change_density,stateful_event,tick_only,256,0,16,2,2001,0,0,0,24.788,0,100,100,100,40342741.935,190.503,0,0,0,9216,0,0,9216,4,11447310553278571365
derived_vectors,change_density,tick_selective,tick_only,256,0,16,2,2001,0,0,0,428.736,400,600,700,23900,2332439.678,1710.546,0,0,0,11264,0,0,11264,3,11447310553278571365
derived_vectors,change_density,stateless_full,frame_total,256,0,16,3,2001,0,24576,256,5151.074,5000,5200,7600,33800,194134.254,19404.200,0,0,0,6144,3072,0,9216,3,11447310553278571365
derived_vectors,change_density,stateful_event,frame_total,256,0,16,3,2001,0,0,0,23.838,0,100,100,100,41949685.535,182.542,0,0,0,9216,0,0,9216,4,11447310553278571365
derived_vectors,change_density,tick_selective,frame_total,256,0,16,3,2001,0,0,0,305.497,300,300,400,10000,3273351.873,1241.397,0,0,0,11264,0,0,11264,3,11447310553278571365
derived_vectors,change_density,stateless_full,tick_only,256,0,16,3,2001,0,24576,256,5083.008,5000,5100,7300,18600,196733.883,19246.112,0,0,0,6144,3072,0,9216,3,11447310553278571365
derived_vectors,change_density,stateful_event,tick_only,256,0,16,3,2001,0,0,0,23.388,0,100,100,100,42756410.256,182.542,0,0,0,9216,0,0,9216,4,11447310553278571365
derived_vectors,change_density,tick_selective,tick_only,256,0,16,3,2001,0,0,0,307.396,300,300,300,10600,3253129.572,1249.738,0,0,0,11264,0,0,11264,3,11447310553278571365
derived_vectors,change_density,stateless_full,frame_total,256,0,16,4,2001,0,24576,256,5495.852,5000,6200,8100,32700,181955.407,20743.976,0,0,0,6144,3072,0,9216,3,11447310553278571365
derived_vectors,change_density,stateful_event,frame_total,256,0,16,4,2001,0,0,0,23.338,0,100,100,100,42847965.739,182.921,0,0,0,9216,0,0,9216,4,11447310553278571365
derived_vectors,change_density,tick_selective,frame_total,256,0,16,4,2001,0,0,0,306.747,300,300,400,12300,3260019.550,1246.705,0,0,0,11264,0,0,11264,3,11447310553278571365
derived_vectors,change_density,stateless_full,tick_only,256,0,16,4,2001,0,24576,256,5218.691,5000,6100,8300,28600,191618.945,19741.419,0,0,0,6144,3072,0,9216,3,11447310553278571365
derived_vectors,change_density,stateful_event,tick_only,256,0,16,4,2001,0,0,0,22.939,0,100,100,100,43594771.242,181.594,0,0,0,9216,0,0,9216,4,11447310553278571365
derived_vectors,change_density,tick_selective,tick_only,256,0,16,4,2001,0,0,0,307.296,300,300,300,10600,3254187.673,1248.032,0,0,0,11264,0,0,11264,3,11447310553278571365
derived_vectors,change_density,stateless_full,frame_total,256,0,16,5,2001,0,24576,256,5141.429,5000,5200,8100,22400,194498.445,19451.967,0,0,0,6144,3072,0,9216,3,11447310553278571365
derived_vectors,change_density,stateful_event,frame_total,256,0,16,5,2001,0,0,0,23.638,0,100,100,100,42304439.746,182.731,0,0,0,9216,0,0,9216,4,11447310553278571365
derived_vectors,change_density,tick_selective,frame_total,256,0,16,5,2001,0,0,0,309.845,300,300,400,12900,3227419.355,1257.509,0,0,0,11264,0,0,11264,3,11447310553278571365
derived_vectors,change_density,stateless_full,tick_only,256,0,16,5,2001,0,24576,256,5227.036,5000,6300,8100,34000,191312.994,19765.870,0,0,0,6144,3072,0,9216,3,11447310553278571365
derived_vectors,change_density,stateful_event,tick_only,256,0,16,5,2001,0,0,0,23.488,0,100,100,200,42574468.085,194.483,0,0,0,9216,0,0,9216,4,11447310553278571365
derived_vectors,change_density,tick_selective,tick_only,256,0,16,5,2001,0,0,0,323.738,300,400,600,20500,3088916.332,1311.532,0,0,0,11264,0,0,11264,3,11447310553278571365
derived_vectors,change_density,stateless_full,frame_total,256,0,16,6,2001,0,24576,256,5222.839,5000,6200,10000,26300,191466.764,19749.002,0,0,0,6144,3072,0,9216,3,11447310553278571365
derived_vectors,change_density,stateful_event,frame_total,256,0,16,6,2001,0,0,0,23.288,0,100,100,100,42939914.163,182.541,0,0,0,9216,0,0,9216,4,11447310553278571365
derived_vectors,change_density,tick_selective,frame_total,256,0,16,6,2001,0,0,0,308.146,300,300,400,13700,3245215.699,1248.790,0,0,0,11264,0,0,11264,3,11447310553278571365
derived_vectors,change_density,stateless_full,tick_only,256,0,16,6,2001,0,24576,256,5188.256,5000,6100,8100,34800,192743.000,19582.571,0,0,0,6144,3072,0,9216,3,11447310553278571365
derived_vectors,change_density,stateful_event,tick_only,256,0,16,6,2001,0,0,0,23.088,0,100,100,100,43311688.312,181.784,0,0,0,9216,0,0,9216,4,11447310553278571365
derived_vectors,change_density,tick_selective,tick_only,256,0,16,6,2001,0,0,0,304.998,300,300,300,10400,3278715.386,1243.482,0,0,0,11264,0,0,11264,3,11447310553278571365
derived_vectors,change_density,stateless_full,frame_total,256,0,16,7,2001,0,24576,256,5139.880,5000,5700,7800,27000,194557.069,19411.781,0,0,0,6144,3072,0,9216,3,11447310553278571365
derived_vectors,change_density,stateful_event,frame_total,256,0,16,7,2001,0,0,0,23.238,0,100,100,100,43032258.065,183.679,0,0,0,9216,0,0,9216,4,11447310553278571365
derived_vectors,change_density,tick_selective,frame_total,256,0,16,7,2001,0,0,0,386.907,400,400,500,19600,2584603.462,1552.267,0,0,0,11264,0,0,11264,3,11447310553278571365
derived_vectors,change_density,stateless_full,tick_only,256,0,16,7,2001,0,24576,256,5319.540,5000,6100,7400,26900,187986.171,20128.680,0,0,0,6144,3072,0,9216,3,11447310553278571365
derived_vectors,change_density,stateful_event,tick_only,256,0,16,7,2001,0,0,0,23.038,0,100,100,100,43405639.913,181.594,0,0,0,9216,0,0,9216,4,11447310553278571365
derived_vectors,change_density,tick_selective,tick_only,256,0,16,7,2001,0,0,0,299.500,300,300,300,400,3338895.378,1231.540,0,0,0,11264,0,0,11264,3,11447310553278571365
derived_vectors,change_density,stateless_full,frame_total,256,0,16,8,2001,0,24576,256,5083.908,5000,5100,7700,20200,196699.073,19257.104,0,0,0,6144,3072,0,9216,3,11447310553278571365
derived_vectors,change_density,stateful_event,frame_total,256,0,16,8,2001,0,0,0,23.688,0,100,100,100,42215189.873,182.542,0,0,0,9216,0,0,9216,4,11447310553278571365
derived_vectors,change_density,tick_selective,frame_total,256,0,16,8,2001,0,0,0,310.445,300,300,400,12900,3221184.804,1254.287,0,0,0,11264,0,0,11264,3,11447310553278571365
derived_vectors,change_density,stateless_full,tick_only,256,0,16,8,2001,0,24576,256,5092.654,5000,5200,8100,16200,196361.281,19308.663,0,0,0,6144,3072,0,9216,3,11447310553278571365
derived_vectors,change_density,stateful_event,tick_only,256,0,16,8,2001,0,0,0,22.689,0,100,100,100,44074889.868,187.850,0,0,0,9216,0,0,9216,4,11447310553278571365
derived_vectors,change_density,tick_selective,tick_only,256,0,16,8,2001,0,0,0,411.994,400,500,600,29300,2427219.796,1646.476,0,0,0,11264,0,0,11264,3,11447310553278571365
derived_vectors,change_density,stateless_full,frame_total,256,0,16,9,2001,0,24576,256,5243.828,5000,6500,10300,28200,190700.378,19865.007,0,0,0,6144,3072,0,9216,3,11447310553278571365
derived_vectors,change_density,stateful_event,frame_total,256,0,16,9,2001,0,0,0,23.638,0,100,100,100,42304439.746,182.542,0,0,0,9216,0,0,9216,4,11447310553278571365
derived_vectors,change_density,tick_selective,frame_total,256,0,16,9,2001,0,0,0,310.695,300,300,400,15700,3218594.177,1255.234,0,0,0,11264,0,0,11264,3,11447310553278571365
derived_vectors,change_density,stateless_full,tick_only,256,0,16,9,2001,0,24576,256,5082.309,5000,5100,6400,20900,196760.966,19249.522,0,0,0,6144,3072,0,9216,3,11447310553278571365
derived_vectors,change_density,stateful_event,tick_only,256,0,16,9,2001,0,0,0,22.189,0,100,100,100,45067567.568,181.973,0,0,0,9216,0,0,9216,4,11447310553278571365
derived_vectors,change_density,tick_selective,tick_only,256,0,16,9,2001,0,0,0,307.196,300,300,300,13400,3255246.462,1249.927,0,0,0,11264,0,0,11264,3,11447310553278571365
derived_vectors,change_density,stateless_full,frame_total,256,0,16,10,2001,0,24576,256,5214.243,5000,5900,7300,40700,191782.397,19683.983,0,0,0,6144,3072,0,9216,3,11447310553278571365
derived_vectors,change_density,stateful_event,frame_total,256,0,16,10,2001,0,0,0,23.938,0,100,100,100,41774530.271,182.921,0,0,0,9216,0,0,9216,4,11447310553278571365
derived_vectors,change_density,tick_selective,frame_total,256,0,16,10,2001,0,0,0,306.297,300,300,500,700,3264806.657,1255.614,0,0,0,11264,0,0,11264,3,11447310553278571365
derived_vectors,change_density,stateless_full,tick_only,256,0,16,10,2001,0,24576,256,5110.545,5000,5400,6700,15900,195673.857,19369.702,0,0,0,6144,3072,0,9216,3,11447310553278571365
derived_vectors,change_density,stateful_event,tick_only,256,0,16,10,2001,0,0,0,23.038,0,100,100,100,43405639.913,181.783,0,0,0,9216,0,0,9216,4,11447310553278571365
derived_vectors,change_density,tick_selective,tick_only,256,0,16,10,2001,0,0,0,305.097,300,300,300,11400,3277641.278,1242.724,0,0,0,11264,0,0,11264,3,11447310553278571365
derived_vectors,change_density,stateless_full,frame_total,256,0,16,11,2001,0,24576,256,5113.643,5000,5100,7600,27600,195555.295,19353.777,0,0,0,6144,3072,0,9216,3,11447310553278571365
derived_vectors,change_density,stateful_event,frame_total,256,0,16,11,2001,0,0,0,23.788,0,100,100,100,42037815.126,182.921,0,0,0,9216,0,0,9216,4,11447310553278571365
derived_vectors,change_density,tick_selective,frame_total,256,0,16,11,2001,0,0,0,306.997,300,300,400,11200,3257366.108,1248.600,0,0,0,11264,0,0,11264,3,11447310553278571365
derived_vectors,change_density,stateless_full,tick_only,256,0,16,11,2001,0,24576,256,5085.207,5000,5100,6600,45000,196648.813,19199.100,0,0,0,6144,3072,0,9216,3,11447310553278571365
derived_vectors,change_density,stateful_event,tick_only,256,0,16,11,2001,0,0,0,27.436,0,100,100,9200,36448087.432,190.882,0,0,0,9216,0,0,9216,4,11447310553278571365
derived_vectors,change_density,tick_selective,tick_only,256,0,16,11,2001,0,0,0,298.951,300,300,300,400,3345035.105,1230.403,0,0,0,11264,0,0,11264,3,11447310553278571365
derived_vectors,change_density,stateless_full,frame_total,256,1,16,1,2001,3,24576,256,5132.884,5000,5200,7600,26900,194822.265,19451.588,0,0,0,6144,3072,0,9216,3,678373275467497227
derived_vectors,change_density,stateful_event,frame_total,256,1,16,1,2001,3,288,3,104.598,100,100,200,3500,9560439.560,508.197,0,0,0,9216,0,84,9300,4,678373275467497227
derived_vectors,change_density,tick_selective,frame_total,256,1,16,1,2001,3,288,3,361.019,400,400,400,10300,2769933.555,1480.427,0,0,0,11264,0,84,11348,3,678373275467497227
derived_vectors,change_density,stateless_full,tick_only,256,1,16,1,2001,3,24576,256,5038.531,5000,5000,5200,15200,198470.557,19153.605,0,0,0,6144,3072,0,9216,3,678373275467497227
derived_vectors,change_density,stateful_event,tick_only,256,1,16,1,2001,3,288,3,22.839,0,100,100,100,43785557.987,515.970,0,0,0,9216,0,84,9300,4,678373275467497227
derived_vectors,change_density,tick_selective,tick_only,256,1,16,1,2001,3,288,3,353.223,400,400,400,5700,2831069.610,1478.721,0,0,0,11264,0,84,11348,3,678373275467497227
derived_vectors,change_density,stateless_full,frame_total,256,1,16,2,2001,3,24576,256,5037.131,5000,5000,5300,14300,198525.691,19129.155,0,0,0,6144,3072,0,9216,3,2768157683059218416
derived_vectors,change_density,stateful_event,frame_total,256,1,16,2,2001,3,288,3,104.898,100,100,200,2900,9533111.005,505.923,0,0,0,9216,0,84,9300,4,2768157683059218416
derived_vectors,change_density,tick_selective,frame_total,256,1,16,2,2001,3,288,3,361.919,400,400,600,9100,2763048.882,1491.042,0,0,0,11264,0,84,11348,3,2768157683059218416
derived_vectors,change_density,stateless_full,tick_only,256,1,16,2,2001,3,24576,256,5105.647,5000,5800,7500,22700,195861.556,19396.429,0,0,0,6144,3072,0,9216,3,2768157683059218416
derived_vectors,change_density,stateful_event,tick_only,256,1,16,2,2001,3,288,3,19.590,0,100,100,100,51045918.367,516.727,0,0,0,9216,0,84,9300,4,2768157683059218416
derived_vectors,change_density,tick_selective,tick_only,256,1,16,2,2001,3,288,3,355.672,300,400,400,9900,2811577.912,1484.408,0,0,0,11264,0,84,11348,3,2768157683059218416
derived_vectors,change_density,stateless_full,frame_total,256,1,16,3,2001,3,24576,256,5053.473,5000,5000,5900,20200,197883.703,19178.439,0,0,0,6144,3072,0,9216,3,14595503813633595412
derived_vectors,change_density,stateful_event,frame_total,256,1,16,3,2001,3,288,3,103.898,100,100,200,200,9624819.625,504.027,0,0,0,9216,0,84,9300,4,14595503813633595412
derived_vectors,change_density,tick_selective,frame_total,256,1,16,3,2001,3,288,3,360.370,400,400,400,10200,2774927.195,1477.773,0,0,0,11264,0,84,11348,3,14595503813633595412
derived_vectors,change_density,stateless_full,tick_only,256,1,16,3,2001,3,24576,256,5088.406,5000,5000,7200,41200,196525.206,19267.151,0,0,0,6144,3072,0,9216,3,14595503813633595412
derived_vectors,change_density,stateful_event,tick_only,256,1,16,3,2001,3,288,3,26.887,0,100,100,10100,37193308.550,517.675,0,0,0,9216,0,84,9300,4,14595503813633595412
derived_vectors,change_density,tick_selective,tick_only,256,1,16,3,2001,3,288,3,358.021,400,400,400,11000,2793132.328,1487.629,0,0,0,11264,0,84,11348,3,14595503813633595412
derived_vectors,change_density,stateless_full,frame_total,256,1,16,4,2001,3,24576,256,5046.877,5000,5000,5200,15500,198142.354,19156.070,0,0,0,6144,3072,0,9216,3,4940423349311082425
derived_vectors,change_density,stateful_event,frame_total,256,1,16,4,2001,3,288,3,103.798,100,100,200,200,9634087.626,503.269,0,0,0,9216,0,84,9300,4,4940423349311082425
derived_vectors,change_density,tick_selective,frame_total,256,1,16,4,2001,3,288,3,360.620,400,400,400,9500,2773004.435,1479.479,0,0,0,11264,0,84,11348,3,4940423349311082425
derived_vectors,change_density,stateless_full,tick_only,256,1,16,4,2001,3,24576,256,5063.868,5000,5000,6900,32500,197477.499,19224.880,0,0,0,6144,3072,0,9216,3,4940423349311082425
derived_vectors,change_density,stateful_event,tick_only,256,1,16,4,2001,3,288,3,21.539,0,100,100,100,46426914.153,506.871,0,0,0,9216,0,84,9300,4,4940423349311082425
derived_vectors,change_density,tick_selective,tick_only,256,1,16,4,2001,3,288,3,356.172,300,400,400,9600,2807632.945,1481.564,0,0,0,11264,0,84,11348,3,4940423349311082425
derived_vectors,change_density,stateless_full,frame_total,256,1,16,5,2001,3,24576,256,5579.160,5000,12400,12600,56400,179238.438,21110.957,0,0,0,6144,3072,0,9216,3,16031983185683052736
derived_vectors,change_density,stateful_event,frame_total,256,1,16,5,2001,3,288,3,113.143,100,100,200,15700,8838339.223,538.337,0,0,0,9216,0,84,9300,4,16031983185683052736
derived_vectors,change_density,tick_selective,frame_total,256,1,16,5,2001,3,288,3,357.721,400,400,400,4900,2795473.596,1472.086,0,0,0,11264,0,84,11348,3,16031983185683052736
derived_vectors,change_density,stateless_full,tick_only,256,1,16,5,2001,3,24576,256,5088.506,5000,5100,7500,20000,196521.346,19313.212,0,0,0,6144,3072,0,9216,3,16031983185683052736
derived_vectors,change_density,stateful_event,tick_only,256,1,16,5,2001,3,288,3,24.188,0,100,100,100,41342975.207,506.302,0,0,0,9216,0,84,9300,4,16031983185683052736
derived_vectors,change_density,tick_selective,tick_only,256,1,16,5,2001,3,288,3,357.271,400,400,400,9500,2798992.866,1483.649,0,0,0,11264,0,84,11348,3,16031983185683052736
derived_vectors,change_density,stateless_full,frame_total,256,1,16,6,2001,3,24576,256,5157.821,5000,5900,7400,35700,193880.319,19590.911,0,0,0,6144,3072,0,9216,3,7392622974528755751
derived_vectors,change_density,stateful_event,frame_total,256,1,16,6,2001,3,288,3,103.798,100,100,200,200,9634087.626,504.217,0,0,0,9216,0,84,9300,4,7392622974528755751
derived_vectors,change_density,tick_selective,frame_total,256,1,16,6,2001,3,288,3,363.068,400,400,400,10400,2754301.445,1485.734,0,0,0,11264,0,84,11348,3,7392622974528755751
derived_vectors,change_density,stateless_full,tick_only,256,1,16,6,2001,3,24576,256,5057.371,5000,5100,5100,18200,197731.180,19218.056,0,0,0,6144,3072,0,9216,3,7392622974528755751
derived_vectors,change_density,stateful_event,tick_only,256,1,16,6,2001,3,288,3,24.138,0,100,100,100,41428571.429,506.871,0,0,0,9216,0,84,9300,4,7392622974528755751
derived_vectors,change_density,tick_selective,tick_only,256,1,16,6,2001,3,288,3,350.525,300,400,400,4300,2852865.697,1493.126,0,0,0,11264,0,84,11348,3,7392622974528755751
derived_vectors,change_density,stateless_full,frame_total,256,1,16,7,2001,3,24576,256,5093.603,5000,5100,7100,22900,196324.676,19313.970,0,0,0,6144,3072,0,9216,3,2552315148193032551
derived_vectors,change_density,stateful_event,frame_total,256,1,16,7,2001,3,288,3,103.648,100,100,200,200,9648023.144,504.027,0,0,0,9216,0,84,9300,4,2552315148193032551
derived_vectors,change_density,tick_selective,frame_total,256,1,16,7,2001,3,288,3,358.471,400,400,400,9700,2789627.771,1471.707,0,0,0,11264,0,84,11348,3,2552315148193032551
derived_vectors,change_density,stateless_full,tick_only,256,1,16,7,2001,3,24576,256,5078.711,5000,5100,7600,18100,196900.369,19286.107,0,0,0,6144,3072,0,9216,3,2552315148193032551
derived_vectors,change_density,stateful_event,tick_only,256,1,16,7,2001,3,288,3,23.188,0,100,100,100,43125000.000,517.296,0,0,0,9216,0,84,9300,4,2552315148193032551
derived_vectors,change_density,tick_selective,tick_only,256,1,16,7,2001,3,288,3,349.475,300,400,400,700,2861432.861,1469.243,0,0,0,11264,0,84,11348,3,2552315148193032551
derived_vectors,change_density,stateless_full,frame_total,256,1,16,8,2001,3,24576,256,5056.022,5000,5000,5400,17300,197783.950,19185.263,0,0,0,6144,3072,0,9216,3,10899620103426154371
derived_vectors,change_density,stateful_event,frame_total,256,1,16,8,2001,3,288,3,103.398,100,100,200,300,9671338.811,510.851,0,0,0,9216,0,84,9300,4,10899620103426154371
derived_vectors,change_density,tick_selective,frame_total,256,1,16,8,2001,3,288,3,361.619,400,400,400,13700,2765339.967,1483.459,0,0,0,11264,0,84,11348,3,10899620103426154371
derived_vectors,change_density,stateless_full,tick_only,256,1,16,8,2001,3,24576,256,5172.464,5000,5900,7600,37200,193331.465,19640.386,0,0,0,6144,3072,0,9216,3,10899620103426154371
derived_vectors,change_density,stateful_event,tick_only,256,1,16,8,2001,3,288,3,23.788,0,100,100,100,42037815.126,511.420,0,0,0,9216,0,84,9300,4,10899620103426154371
derived_vectors,change_density,tick_selective,tick_only,256,1,16,8,2001,3,288,3,354.173,300,400,400,10000,2823479.611,1478.341,0,0,0,11264,0,84,11348,3,10899620103426154371
derived_vectors,change_density,stateless_full,frame_total,256,1,16,9,2001,3,24576,256,5104.148,5000,5200,7800,19200,195919.087,19364.774,0,0,0,6144,3072,0,9216,3,11878265490832051291
derived_vectors,change_density,stateful_event,frame_total,256,1,16,9,2001,3,288,3,109.695,100,100,200,13000,9116173.121,519.002,0,0,0,9216,0,84,9300,4,11878265490832051291
derived_vectors,change_density,tick_selective,frame_total,256,1,16,9,2001,3,288,3,358.221,400,400,400,4100,2791573.661,1474.361,0,0,0,11264,0,84,11348,3,11878265490832051291
derived_vectors,change_density,stateless_full,tick_only,256,1,16,9,2001,3,24576,256,5113.343,5000,5200,7400,25200,195566.762,19425.052,0,0,0,6144,3072,0,9216,3,11878265490832051291
derived_vectors,change_density,stateful_event,tick_only,256,1,16,9,2001,3,288,3,70.015,0,100,100,55500,14282655.246,1032.507,0,0,0,9216,0,84,9300,4,11878265490832051291
derived_vectors,change_density,tick_selective,tick_only,256,1,16,9,2001,3,288,3,364.418,400,400,400,21000,2744103.127,1539.378,0,0,0,11264,0,84,11348,3,11878265490832051291
derived_vectors,change_density,stateless_full,frame_total,256,1,16,10,2001,3,24576,256,5137.631,5000,5300,7800,34500,194642.232,19484.951,0,0,0,6144,3072,0,9216,3,7381572567019281760
derived_vectors,change_density,stateful_event,frame_total,256,1,16,10,2001,3,288,3,103.198,100,100,200,200,9690072.639,505.164,0,0,0,9216,0,84,9300,4,7381572567019281760
derived_vectors,change_density,tick_selective,frame_total,256,1,16,10,2001,3,288,3,358.721,400,400,400,4200,2787684.592,1493.885,0,0,0,11264,0,84,11348,3,7381572567019281760
derived_vectors,change_density,stateless_full,tick_only,256,1,16,10,2001,3,24576,256,5186.657,5000,6000,7900,28300,192802.428,19680.002,0,0,0,6144,3072,0,9216,3,7381572567019281760
derived_vectors,change_density,stateful_event,tick_only,256,1,16,10,2001,3,288,3,22.039,0,100,100,100,45374149.660,515.021,0,0,0,9216,0,84,9300,4,7381572567019281760
derived_vectors,change_density,tick_selective,tick_only,256,1,16,10,2001,3,288,3,356.772,300,400,400,10800,2802913.573,1486.681,0,0,0,11264,0,84,11348,3,7381572567019281760
derived_vectors,change_density,stateless_full,frame_total,256,1,16,11,2001,3,24576,256,5094.103,5000,5100,7600,21200,196305.416,19342.404,0,0,0,6144,3072,0,9216,3,7020450548233952840
derived_vectors,change_density,stateful_event,frame_total,256,1,16,11,2001,3,288,3,105.647,100,100,200,700,9465468.307,519.760,0,0,0,9216,0,84,9300,4,7020450548233952840
derived_vectors,change_density,tick_selective,frame_total,256,1,16,11,2001,3,288,3,388.856,400,600,700,16100,2571648.888,1595.676,0,0,0,11264,0,84,11348,3,7020450548233952840
derived_vectors,change_density,stateless_full,tick_only,256,1,16,11,2001,3,24576,256,5355.672,5000,6800,8300,30800,186717.926,20320.320,0,0,0,6144,3072,0,9216,3,7020450548233952840
derived_vectors,change_density,stateful_event,tick_only,256,1,16,11,2001,3,288,3,21.839,0,100,100,200,45789473.684,519.950,0,0,0,9216,0,84,9300,4,7020450548233952840
derived_vectors,change_density,tick_selective,tick_only,256,1,16,11,2001,3,288,3,384.308,400,500,700,23900,2602080.624,1602.690,0,0,0,11264,0,84,11348,3,7020450548233952840
derived_vectors,change_density,stateless_full,frame_total,256,10,16,1,2001,26,24576,256,5113.293,5000,5100,7800,23000,195568.674,19618.208,0,0,0,6144,3072,0,9216,3,7946566041333079257
derived_vectors,change_density,stateful_event,frame_total,256,10,16,1,2001,26,2496,26,728.036,700,800,800,1200,1373558.484,3050.702,0,0,0,9216,0,728,9944,4,7946566041333079257
derived_vectors,change_density,tick_selective,frame_total,256,10,16,1,2001,26,2496,26,831.484,800,1100,1400,18700,1202668.590,3471.705,0,0,0,11264,0,728,11992,3,7946566041333079257
derived_vectors,change_density,stateless_full,tick_only,256,10,16,1,2001,26,24576,256,5132.684,5000,5500,7800,35700,194829.852,19715.260,0,0,0,6144,3072,0,9216,3,7946566041333079257
derived_vectors,change_density,stateful_event,tick_only,256,10,16,1,2001,26,2496,26,22.589,0,100,100,100,44269911.504,3026.059,0,0,0,9216,0,728,9944,4,7946566041333079257
derived_vectors,change_density,tick_selective,tick_only,256,10,16,1,2001,26,2496,26,886.407,800,1300,1600,17700,1128150.195,3862.188,0,0,0,11264,0,728,11992,3,7946566041333079257
derived_vectors,change_density,stateless_full,frame_total,256,10,16,2,2001,26,24576,256,5126.637,5000,5100,8200,21300,195059.658,19692.134,0,0,0,6144,3072,0,9216,3,7196216478804090876
derived_vectors,change_density,stateful_event,frame_total,256,10,16,2,2001,26,2496,26,742.929,700,800,1000,10400,1346024.485,3098.470,0,0,0,9216,0,728,9944,4,7196216478804090876
derived_vectors,change_density,tick_selective,frame_total,256,10,16,2,2001,26,2496,26,823.288,800,1100,1500,17200,1214641.253,3473.410,0,0,0,11264,0,728,11992,3,7196216478804090876
derived_vectors,change_density,stateless_full,tick_only,256,10,16,2,2001,26,24576,256,5370.665,5000,6800,10100,26100,186196.693,20647.872,0,0,0,6144,3072,0,9216,3,7196216478804090876
derived_vectors,change_density,stateful_event,tick_only,256,10,16,2,2001,26,2496,26,23.588,0,100,100,200,42394067.797,3303.949,0,0,0,9216,0,728,9944,4,7196216478804090876
derived_vectors,change_density,tick_selective,tick_only,256,10,16,2,2001,26,2496,26,757.421,700,800,900,12700,1320269.200,3333.897,0,0,0,11264,0,728,11992,3,7196216478804090876
derived_vectors,change_density,stateless_full,frame_total,256,10,16,3,2001,26,24576,256,5384.858,5000,6900,8900,28000,185705.933,20658.298,0,0,0,6144,3072,0,9216,3,8522107887669047988
derived_vectors,change_density,stateful_event,frame_total,256,10,16,3,2001,26,2496,26,768.116,700,900,1100,26500,1301886.792,3180.737,0,0,0,9216,0,728,9944,4,8522107887669047988
derived_vectors,change_density,tick_selective,frame_total,256,10,16,3,2001,26,2496,26,802.999,800,800,900,23700,1245332.338,3352.094,0,0,0,11264,0,728,11992,3,8522107887669047988
derived_vectors,change_density,stateless_full,tick_only,256,10,16,3,2001,26,24576,256,5230.735,5000,5900,8200,37300,191177.735,20079.775,0,0,0,6144,3072,0,9216,3,8522107887669047988
derived_vectors,change_density,stateful_event,tick_only,256,10,16,3,2001,26,2496,26,23.138,0,100,100,100,43218142.549,3079.704,0,0,0,9216,0,728,9944,4,8522107887669047988
derived_vectors,change_density,tick_selective,tick_only,256,10,16,3,2001,26,2496,26,827.536,800,1200,1300,7000,1208406.305,3650.075,0,0,0,11264,0,728,11992,3,8522107887669047988
derived_vectors,change_density,stateless_full,frame_total,256,10,16,4,2001,26,24576,256,5172.414,5000,5300,8200,25700,193333.333,19825.201,0,0,0,6144,3072,0,9216,3,7185290358687968593
derived_vectors,change_density,stateful_event,frame_total,256,10,16,4,2001,26,2496,26,738.081,700,800,800,13200,1354864.920,3056.199,0,0,0,9216,0,728,9944,4,7185290358687968593
derived_vectors,change_density,tick_selective,frame_total,256,10,16,4,2001,26,2496,26,790.805,800,800,1200,11400,1264534.884,3346.787,0,0,0,11264,0,728,11992,3,7185290358687968593
derived_vectors,change_density,stateless_full,tick_only,256,10,16,4,2001,26,24576,256,5365.367,5000,6600,11000,41300,186380.529,20561.246,0,0,0,6144,3072,0,9216,3,7185290358687968593
derived_vectors,change_density,stateful_event,tick_only,256,10,16,4,2001,26,2496,26,23.738,0,100,100,200,42126315.789,3163.677,0,0,0,9216,0,728,9944,4,7185290358687968593
derived_vectors,change_density,tick_selective,tick_only,256,10,16,4,2001,26,2496,26,762.619,700,800,900,12500,1311271.298,3348.683,0,0,0,11264,0,728,11992,3,7185290358687968593
derived_vectors,change_density,stateless_full,frame_total,256,10,16,5,2001,26,24576,256,5757.971,5100,7400,10000,37600,173672.288,22029.540,0,0,0,6144,3072,0,9216,3,9907877740819947202
derived_vectors,change_density,stateful_event,frame_total,256,10,16,5,2001,26,2496,26,761.219,800,800,900,10000,1313681.723,3358.918,0,0,0,9216,0,728,9944,4,9907877740819947202
derived_vectors,change_density,tick_selective,frame_total,256,10,16,5,2001,26,2496,26,1193.753,1200,1300,1500,23700,837694.143,4944.549,0,0,0,11264,0,728,11992,3,9907877740819947202
derived_vectors,change_density,stateless_full,tick_only,256,10,16,5,2001,26,24576,256,6414.093,6300,7100,8900,82100,155906.690,24652.604,0,0,0,6144,3072,0,9216,3,9907877740819947202
derived_vectors,change_density,stateful_event,tick_only,256,10,16,5,2001,26,2496,26,23.788,0,100,100,100,42037815.126,3071.363,0,0,0,9216,0,728,9944,4,9907877740819947202
derived_vectors,change_density,tick_selective,tick_only,256,10,16,5,2001,26,2496,26,797.851,800,900,1500,13700,1253366.740,3500.136,0,0,0,11264,0,728,11992,3,9907877740819947202
derived_vectors,change_density,stateless_full,frame_total,256,10,16,6,2001,26,24576,256,5669.065,5000,7200,11000,163200,176395.917,20989.641,1,0,0,6144,3072,0,9216,3,8818352904997364985
derived_vectors,change_density,stateful_event,frame_total,256,10,16,6,2001,26,2496,26,753.023,700,800,900,20700,1327979.825,3115.150,0,0,0,9216,0,728,9944,4,8818352904997364985
derived_vectors,change_density,tick_selective,frame_total,256,10,16,6,2001,26,2496,26,829.535,800,900,1600,24200,1205494.307,3439.290,0,0,0,11264,0,728,11992,3,8818352904997364985
derived_vectors,change_density,stateless_full,tick_only,256,10,16,6,2001,26,24576,256,5256.972,5000,6500,9100,24600,190223.591,20221.182,0,0,0,6144,3072,0,9216,3,8818352904997364985
derived_vectors,change_density,stateful_event,tick_only,256,10,16,6,2001,26,2496,26,22.789,0,100,100,200,43881578.947,3042.550,0,0,0,9216,0,728,9944,4,8818352904997364985
derived_vectors,change_density,tick_selective,tick_only,256,10,16,6,2001,26,2496,26,1159.420,1100,1300,1500,27000,862500.000,5004.068,0,0,0,11264,0,728,11992,3,8818352904997364985
derived_vectors,change_density,stateless_full,frame_total,256,10,16,7,2001,26,24576,256,5586.907,5000,6700,9300,36600,178989.928,21350.172,0,0,0,6144,3072,0,9216,3,10390960671394016012
derived_vectors,change_density,stateful_event,frame_total,256,10,16,7,2001,26,2496,26,752.974,700,800,1000,17800,1328067.963,3129.367,0,0,0,9216,0,728,9944,4,10390960671394016012
derived_vectors,change_density,tick_selective,frame_total,256,10,16,7,2001,26,2496,26,811.044,800,900,1600,14900,1232978.002,3392.280,0,0,0,11264,0,728,11992,3,10390960671394016012
derived_vectors,change_density,stateless_full,tick_only,256,10,16,7,2001,26,24576,256,5738.781,5000,10000,13300,43000,174253.046,22034.846,0,0,0,6144,3072,0,9216,3,10390960671394016012
derived_vectors,change_density,stateful_event,tick_only,256,10,16,7,2001,26,2496,26,23.788,0,100,100,200,42037815.126,3083.115,0,0,0,9216,0,728,9944,4,10390960671394016012
derived_vectors,change_density,tick_selective,tick_only,256,10,16,7,2001,26,2496,26,813.643,800,1100,1400,23100,1229039.985,3546.010,0,0,0,11264,0,728,11992,3,10390960671394016012
derived_vectors,change_density,stateless_full,frame_total,256,10,16,8,2001,26,24576,256,5372.864,5000,6400,11000,136300,186120.490,20237.672,1,0,0,6144,3072,0,9216,3,5318679433709161553
derived_vectors,change_density,stateful_event,frame_total,256,10,16,8,2001,26,2496,26,736.782,700,800,900,13100,1357254.290,3063.781,0,0,0,9216,0,728,9944,4,5318679433709161553
derived_vectors,change_density,tick_selective,frame_total,256,10,16,8,2001,26,2496,26,790.205,800,800,900,12100,1265494.561,3312.099,0,0,0,11264,0,728,11992,3,5318679433709161553
derived_vectors,change_density,stateless_full,tick_only,256,10,16,8,2001,26,24576,256,5215.642,5000,6000,9100,28800,191730.944,20041.105,0,0,0,6144,3072,0,9216,3,5318679433709161553
derived_vectors,change_density,stateful_event,tick_only,256,10,16,8,2001,26,2496,26,22.189,0,100,100,100,45067567.568,3051.839,0,0,0,9216,0,728,9944,4,5318679433709161553
derived_vectors,change_density,tick_selective,tick_only,256,10,16,8,2001,26,2496,26,771.814,700,800,1300,13800,1295648.796,3369.913,0,0,0,11264,0,728,11992,3,5318679433709161553
derived_vectors,change_density,stateless_full,frame_total,256,10,16,9,2001,26,24576,256,5503.148,5000,6700,9100,30800,181714.161,21092.567,0,0,0,6144,3072,0,9216,3,6234379552733399163
derived_vectors,change_density,stateful_event,frame_total,256,10,16,9,2001,26,2496,26,736.682,700,800,800,12900,1357438.437,3042.171,0,0,0,9216,0,728,9944,4,6234379552733399163
derived_vectors,change_density,tick_selective,frame_total,256,10,16,9,2001,26,2496,26,800.550,800,800,1200,12000,1249141.644,3361.003,0,0,0,11264,0,728,11992,3,6234379552733399163
derived_vectors,change_density,stateless_full,tick_only,256,10,16,9,2001,26,24576,256,5177.311,5000,5700,8300,22800,193150.447,19910.692,0,0,0,6144,3072,0,9216,3,6234379552733399163
derived_vectors,change_density,stateful_event,tick_only,256,10,16,9,2001,26,2496,26,24.688,0,100,100,100,40506072.874,3260.350,0,0,0,9216,0,728,9944,4,6234379552733399163
derived_vectors,change_density,tick_selective,tick_only,256,10,16,9,2001,26,2496,26,899.150,800,1200,1300,26900,1112160.960,3894.601,0,0,0,11264,0,728,11992,3,6234379552733399163
derived_vectors,change_density,stateless_full,frame_total,256,10,16,10,2001,26,24576,256,6094.203,5800,10000,15100,38500,164090.369,23292.356,0,0,0,6144,3072,0,9216,3,9770267923488438695
derived_vectors,change_density,stateful_event,frame_total,256,10,16,10,2001,26,2496,26,762.219,700,800,900,19900,1311959.087,3274.946,0,0,0,9216,0,728,9944,4,9770267923488438695
derived_vectors,change_density,tick_selective,frame_total,256,10,16,10,2001,26,2496,26,1103.948,1100,1300,1300,18800,905839.746,4576.622,0,0,0,11264,0,728,11992,3,9770267923488438695
derived_vectors,change_density,stateless_full,tick_only,256,10,16,10,2001,26,24576,256,5394.003,5000,7000,9900,42100,185391.072,20719.332,0,0,0,6144,3072,0,9216,3,9770267923488438695
derived_vectors,change_density,stateful_event,tick_only,256,10,16,10,2001,26,2496,26,30.585,0,100,100,13700,32696078.431,3057.146,0,0,0,9216,0,728,9944,4,9770267923488438695
derived_vectors,change_density,tick_selective,tick_only,256,10,16,10,2001,26,2496,26,766.867,700,800,1000,13800,1304007.820,3342.616,0,0,0,11264,0,728,11992,3,9770267923488438695
derived_vectors,change_density,stateless_full,frame_total,256,10,16,11,2001,26,24576,256,5897.751,5900,6700,9000,49300,169556.154,22577.734,0,0,0,6144,3072,0,9216,3,9241755235180422464
derived_vectors,change_density,stateful_event,frame_total,256,10,16,11,2001,26,2496,26,774.013,700,800,900,30300,1291967.975,3319.681,0,0,0,9216,0,728,9944,4,9241755235180422464
derived_vectors,change_density,tick_selective,frame_total,256,10,16,11,2001,26,2496,26,1114.493,1100,1300,1600,28000,897269.181,4641.829,0,0,0,11264,0,728,11992,3,9241755235180422464
derived_vectors,change_density,stateless_full,tick_only,256,10,16,11,2001,26,24576,256,5521.739,5100,6200,7900,34600,181102.362,21288.948,0,0,0,6144,3072,0,9216,3,9241755235180422464
derived_vectors,change_density,stateful_event,tick_only,256,10,16,11,2001,26,2496,26,25.087,0,100,100,300,39860557.769,3082.547,0,0,0,9216,0,728,9944,4,9241755235180422464
derived_vectors,change_density,tick_selective,tick_only,256,10,16,11,2001,26,2496,26,1098.251,1100,1300,1400,26000,910538.770,4714.997,0,0,0,11264,0,728,11992,3,9241755235180422464
derived_vectors,change_density,stateless_full,frame_total,256,100,16,1,2001,256,24576,256,6001.199,5900,6900,10100,67200,166633.357,25085.548,0,0,0,6144,3072,0,9216,3,8249110126418053724
derived_vectors,change_density,stateful_event,frame_total,256,100,16,1,2001,256,24576,256,7541.129,7200,8700,16700,55400,132606.131,31830.872,0,0,0,9216,0,7168,16384,4,8249110126418053724
derived_vectors,change_density,tick_selective,frame_total,256,100,16,1,2001,256,24576,256,6354.123,5500,8900,15500,44800,157378.132,26276.902,0,0,0,11264,0,7168,18432,3,8249110126418053724
derived_vectors,change_density,stateless_full,tick_only,256,100,16,1,2001,256,24576,256,5789.655,5700,6600,10300,34200,172721.858,25186.580,0,0,0,6144,3072,0,9216,3,8249110126418053724
derived_vectors,change_density,stateful_event,tick_only,256,100,16,1,2001,256,24576,256,23.688,0,100,100,200,42215189.873,29261.641,0,0,0,9216,0,7168,16384,4,8249110126418053724
derived_vectors,change_density,tick_selective,tick_only,256,100,16,1,2001,256,24576,256,5689.155,5200,7200,9900,38200,175773.015,25067.731,0,0,0,11264,0,7168,18432,3,8249110126418053724
derived_vectors,change_density,stateless_full,frame_total,256,100,16,2,2001,256,24576,256,5919.140,5400,7200,9700,36100,168943.449,24998.920,0,0,0,6144,3072,0,9216,3,6113525915761338906
derived_vectors,change_density,stateful_event,frame_total,256,100,16,2,2001,256,24576,256,7323.588,6900,8400,20100,36500,136545.089,29872.385,0,0,0,9216,0,7168,16384,4,6113525915761338906
derived_vectors,change_density,tick_selective,frame_total,256,100,16,2,2001,256,24576,256,6036.982,5500,7600,10600,37500,165645.695,25184.875,0,0,0,11264,0,7168,18432,3,6113525915761338906
derived_vectors,change_density,stateless_full,tick_only,256,100,16,2,2001,256,24576,256,6495.202,6100,7500,25900,262400,153959.790,27277.377,1,0,0,6144,3072,0,9216,3,6113525915761338906
derived_vectors,change_density,stateful_event,tick_only,256,100,16,2,2001,256,24576,256,39.180,0,100,100,22800,25522959.184,32329.400,0,0,0,9216,0,7168,16384,4,6113525915761338906
derived_vectors,change_density,tick_selective,tick_only,256,100,16,2,2001,256,24576,256,6343.328,5600,8300,18000,47400,157645.947,28108.578,0,0,0,11264,0,7168,18432,3,6113525915761338906
derived_vectors,change_density,stateless_full,frame_total,256,100,16,3,2001,256,24576,256,5709.945,5100,7100,13000,78600,175133.035,23923.574,0,0,0,6144,3072,0,9216,3,16399037612406685333
derived_vectors,change_density,stateful_event,frame_total,256,100,16,3,2001,256,24576,256,7194.853,6900,7900,12600,46900,138988.254,29287.799,0,0,0,9216,0,7168,16384,4,16399037612406685333
derived_vectors,change_density,tick_selective,frame_total,256,100,16,3,2001,256,24576,256,6211.694,5500,8300,11300,41600,160986.677,25894.951,0,0,0,11264,0,7168,18432,3,16399037612406685333
derived_vectors,change_density,stateless_full,tick_only,256,100,16,3,2001,256,24576,256,5995.502,5100,7500,16600,161100,166791.698,25125.165,2,0,0,6144,3072,0,9216,3,16399037612406685333
derived_vectors,change_density,stateful_event,tick_only,256,100,16,3,2001,256,24576,256,26.887,0,100,100,3500,37193308.550,30789.453,0,0,0,9216,0,7168,16384,4,16399037612406685333
derived_vectors,change_density,tick_selective,tick_only,256,100,16,3,2001,256,24576,256,6168.966,5300,7800,16700,63800,162101.733,27119.478,0,0,0,11264,0,7168,18432,3,16399037612406685333
derived_vectors,change_density,stateless_full,frame_total,256,100,16,4,2001,256,24576,256,5517.291,5100,6400,12100,82500,181248.358,22692.224,0,0,0,6144,3072,0,9216,3,12565731579517472353
derived_vectors,change_density,stateful_event,frame_total,256,100,16,4,2001,256,24576,256,7279.960,6900,7400,20500,57300,137363.392,29357.746,0,0,0,9216,0,7168,16384,4,12565731579517472353
derived_vectors,change_density,tick_selective,frame_total,256,100,16,4,2001,256,24576,256,6030.385,5500,7800,9600,33500,165826.897,25214.826,0,0,0,11264,0,7168,18432,3,12565731579517472353
derived_vectors,change_density,stateless_full,tick_only,256,100,16,4,2001,256,24576,256,6108.596,5900,7300,16700,37100,163703.746,26602.180,0,0,0,6144,3072,0,9216,3,12565731579517472353
derived_vectors,change_density,stateful_event,tick_only,256,100,16,4,2001,256,24576,256,26.637,0,100,100,300,37542213.884,29870.299,0,0,0,9216,0,7168,16384,4,12565731579517472353
derived_vectors,change_density,tick_selective,tick_only,256,100,16,4,2001,256,24576,256,6741.179,6800,7400,12900,27500,148341.995,30387.976,0,0,0,11264,0,7168,18432,3,12565731579517472353
derived_vectors,change_density,stateless_full,frame_total,256,100,16,5,2001,256,24576,256,5907.646,5900,6900,9500,27800,169272.155,25104.315,0,0,0,6144,3072,0,9216,3,2968582523134620960
derived_vectors,change_density,stateful_event,frame_total,256,100,16,5,2001,256,24576,256,7149.275,6900,7600,12600,34700,139874.316,29219.559,0,0,0,9216,0,7168,16384,4,2968582523134620960
derived_vectors,change_density,tick_selective,frame_total,256,100,16,5,2001,256,24576,256,6108.346,5500,7300,9800,31000,163710.443,25452.149,0,0,0,11264,0,7168,18432,3,2968582523134620960
derived_vectors,change_density,stateless_full,tick_only,256,100,16,5,2001,256,24576,256,5559.970,5000,6500,9800,34400,179857.085,24022.332,0,0,0,6144,3072,0,9216,3,2968582523134620960
derived_vectors,change_density,stateful_event,tick_only,256,100,16,5,2001,256,24576,256,25.387,0,100,100,100,39389763.780,30007.161,0,0,0,9216,0,7168,16384,4,2968582523134620960
derived_vectors,change_density,tick_selective,tick_only,256,100,16,5,2001,256,24576,256,5268.716,5100,5300,8700,20000,189799.577,23250.654,0,0,0,11264,0,7168,18432,3,2968582523134620960
derived_vectors,change_density,stateless_full,frame_total,256,100,16,6,2001,256,24576,256,5445.427,5100,6400,9500,39700,183640.318,22767.097,0,0,0,6144,3072,0,9216,3,4245231976939072860
derived_vectors,change_density,stateful_event,frame_total,256,100,16,6,2001,256,24576,256,7183.008,7000,7500,11800,42500,139217.432,29436.600,0,0,0,9216,0,7168,16384,4,4245231976939072860
derived_vectors,change_density,tick_selective,frame_total,256,100,16,6,2001,256,24576,256,6206.097,5500,8400,11700,122300,161131.869,25437.364,1,0,0,11264,0,7168,18432,3,4245231976939072860
derived_vectors,change_density,stateless_full,tick_only,256,100,16,6,2001,256,24576,256,5114.793,5000,5100,8900,21000,195511.349,21932.677,0,0,0,6144,3072,0,9216,3,4245231976939072860
derived_vectors,change_density,stateful_event,tick_only,256,100,16,6,2001,256,24576,256,24.488,0,100,100,300,40836734.694,28887.079,0,0,0,9216,0,7168,16384,4,4245231976939072860
derived_vectors,change_density,tick_selective,tick_only,256,100,16,6,2001,256,24576,256,5442.979,5200,6600,9000,34500,183722.937,24057.400,0,0,0,11264,0,7168,18432,3,4245231976939072860
derived_vectors,change_density,stateless_full,frame_total,256,100,16,7,2001,256,24576,256,5233.883,5100,5300,8600,24400,191062.733,21880.361,0,0,0,6144,3072,0,9216,3,8031083683159624862
derived_vectors,change_density,stateful_event,frame_total,256,100,16,7,2001,256,24576,256,7077.811,6900,7100,11100,45900,141286.619,28690.509,0,0,0,9216,0,7168,16384,4,8031083683159624862
derived_vectors,change_density,tick_selective,frame_total,256,100,16,7,2001,256,24576,256,5589.705,5500,5600,9100,20200,178900.313,23141.091,0,0,0,11264,0,7168,18432,3,8031083683159624862
derived_vectors,change_density,stateless_full,tick_only,256,100,16,7,2001,256,24576,256,5158.471,5000,5100,8800,39000,193855.901,21885.100,0,0,0,6144,3072,0,9216,3,8031083683159624862
derived_vectors,change_density,stateful_event,tick_only,256,100,16,7,2001,256,24576,256,22.689,0,100,100,300,44074889.868,29019.387,0,0,0,9216,0,7168,16384,4,8031083683159624862
derived_vectors,change_density,tick_selective,tick_only,256,100,16,7,2001,256,24576,256,5357.521,5100,6500,9400,27800,186653.483,23593.558,0,0,0,11264,0,7168,18432,3,8031083683159624862
derived_vectors,change_density,stateless_full,frame_total,256,100,16,8,2001,256,24576,256,5349.625,5100,6200,9400,26900,186928.984,22306.670,0,0,0,6144,3072,0,9216,3,8511886515661652919
derived_vectors,change_density,stateful_event,frame_total,256,100,16,8,2001,256,24576,256,7225.787,6900,7600,15300,36600,138393.228,29832.013,0,0,0,9216,0,7168,16384,4,8511886515661652919
derived_vectors,change_density,tick_selective,frame_total,256,100,16,8,2001,256,24576,256,5712.094,5500,7000,9300,30600,175067.148,23601.900,0,0,0,11264,0,7168,18432,3,8511886515661652919
derived_vectors,change_density,stateless_full,tick_only,256,100,16,8,2001,256,24576,256,5050.625,5000,5000,6400,18700,197995.310,21588.255,0,0,0,6144,3072,0,9216,3,8511886515661652919
derived_vectors,change_density,stateful_event,tick_only,256,100,16,8,2001,256,24576,256,22.089,0,100,100,400,45271493.213,28652.596,0,0,0,9216,0,7168,16384,4,8511886515661652919
derived_vectors,change_density,tick_selective,tick_only,256,100,16,8,2001,256,24576,256,5264.468,5100,5300,8400,19600,189952.725,23188.479,0,0,0,11264,0,7168,18432,3,8511886515661652919
derived_vectors,change_density,stateless_full,frame_total,256,100,16,9,2001,256,24576,256,5220.190,5100,5300,8100,22200,191563.912,21851.927,0,0,0,6144,3072,0,9216,3,3249322071968728520
derived_vectors,change_density,stateful_event,frame_total,256,100,16,9,2001,256,24576,256,7101.099,6900,7100,11600,34500,140823.264,28840.067,0,0,0,9216,0,7168,16384,4,3249322071968728520
derived_vectors,change_density,tick_selective,frame_total,256,100,16,9,2001,256,24576,256,5610.645,5500,5700,9000,23600,178232.638,23226.772,0,0,0,11264,0,7168,18432,3,3249322071968728520
derived_vectors,change_density,stateless_full,tick_only,256,100,16,9,2001,256,24576,256,5077.761,5000,5100,7600,20900,196937.189,21777.243,0,0,0,6144,3072,0,9216,3,3249322071968728520
derived_vectors,change_density,stateful_event,tick_only,256,100,16,9,2001,256,24576,256,23.388,0,100,100,300,42756410.256,28774.105,0,0,0,9216,0,7168,16384,4,3249322071968728520
derived_vectors,change_density,tick_selective,tick_only,256,100,16,9,2001,256,24576,256,5424.338,5100,6300,12900,68600,184354.299,23746.720,0,0,0,11264,0,7168,18432,3,3249322071968728520
derived_vectors,change_density,stateless_full,frame_total,256,100,16,10,2001,256,24576,256,5192.704,5100,5200,7400,18900,192577.907,21674.504,0,0,0,6144,3072,0,9216,3,2303020833559249521
derived_vectors,change_density,stateful_event,frame_total,256,100,16,10,2001,256,24576,256,7025.437,6900,7000,10300,20600,142339.894,28515.549,0,0,0,9216,0,7168,16384,4,2303020833559249521
derived_vectors,change_density,tick_selective,frame_total,256,100,16,10,2001,256,24576,256,5596.852,5500,5600,9200,20200,178671.881,23174.264,0,0,0,11264,0,7168,18432,3,2303020833559249521
derived_vectors,change_density,stateless_full,tick_only,256,100,16,10,2001,256,24576,256,5070.015,5000,5100,7400,20300,197238.076,21724.923,0,0,0,6144,3072,0,9216,3,2303020833559249521
derived_vectors,change_density,stateful_event,tick_only,256,100,16,10,2001,256,24576,256,24.388,0,100,100,200,41004098.361,28519.340,0,0,0,9216,0,7168,16384,4,2303020833559249521
derived_vectors,change_density,tick_selective,tick_only,256,100,16,10,2001,256,24576,256,5267.416,5100,5400,8500,22700,189846.396,23197.010,0,0,0,11264,0,7168,18432,3,2303020833559249521
derived_vectors,change_density,stateless_full,frame_total,256,100,16,11,2001,256,24576,256,5189.605,5100,5200,7800,21800,192692.885,21668.626,0,0,0,6144,3072,0,9216,3,7304697545962007511
derived_vectors,change_density,stateful_event,frame_total,256,100,16,11,2001,256,24576,256,7056.572,6900,7100,10100,28500,141711.874,28722.544,0,0,0,9216,0,7168,16384,4,7304697545962007511
derived_vectors,change_density,tick_selective,frame_total,256,100,16,11,2001,256,24576,256,5651.774,5500,5800,9800,23900,176935.592,23361.353,0,0,0,11264,0,7168,18432,3,7304697545962007511
derived_vectors,change_density,stateless_full,tick_only,256,100,16,11,2001,256,24576,256,5086.507,5000,5200,7500,20600,196598.579,21853.822,0,0,0,6144,3072,0,9216,3,7304697545962007511
derived_vectors,change_density,stateful_event,tick_only,256,100,16,11,2001,256,24576,256,25.237,0,100,100,100,39623762.376,28670.417,0,0,0,9216,0,7168,16384,4,7304697545962007511
derived_vectors,change_density,tick_selective,tick_only,256,100,16,11,2001,256,24576,256,6635.682,6800,7400,9100,27600,150700.407,29857.792,0,0,0,11264,0,7168,18432,3,7304697545962007511
derived_vectors,change_density,stateless_full,frame_total,1024,0,16,1,813,0,98304,1024,24838.253,24700,28300,46200,74000,40260.480,93133.779,0,0,0,24576,12288,0,36864,3,2060683717930358508
derived_vectors,change_density,stateful_event,frame_total,1024,0,16,1,813,0,0,0,29.520,0,100,100,200,33875000.000,212.743,0,0,0,36864,0,0,36864,4,2060683717930358508
derived_vectors,change_density,tick_selective,frame_total,1024,0,16,1,813,0,0,0,1246.494,1200,1400,2200,22400,802249.852,4792.337,0,0,0,45056,0,0,45056,3,2060683717930358508
derived_vectors,change_density,stateless_full,tick_only,1024,0,16,1,813,0,98304,1024,20761.624,19900,26500,31400,50000,48165.790,78264.096,0,0,0,24576,12288,0,36864,3,2060683717930358508
derived_vectors,change_density,stateful_event,tick_only,1024,0,16,1,813,0,0,0,23.247,0,100,100,100,43015873.016,182.884,0,0,0,36864,0,0,36864,4,2060683717930358508
derived_vectors,change_density,tick_selective,tick_only,1024,0,16,1,813,0,0,0,1217.712,1200,1300,2300,12500,821212.121,4658.438,0,0,0,45056,0,0,45056,3,2060683717930358508
derived_vectors,change_density,stateless_full,frame_total,1024,0,16,2,813,0,98304,1024,20987.577,19900,26300,35800,58100,47647.235,78964.847,0,0,0,24576,12288,0,36864,3,2060683717930358508
derived_vectors,change_density,stateful_event,frame_total,1024,0,16,2,813,0,0,0,23.247,0,100,100,100,43015873.016,183.352,0,0,0,36864,0,0,36864,4,2060683717930358508
derived_vectors,change_density,tick_selective,frame_total,1024,0,16,2,813,0,0,0,1181.058,1200,1200,1200,13100,846698.604,4548.801,0,0,0,45056,0,0,45056,3,2060683717930358508
derived_vectors,change_density,stateless_full,tick_only,1024,0,16,2,813,0,98304,1024,21083.026,19900,25900,34800,64000,47431.522,79359.075,0,0,0,24576,12288,0,36864,3,2060683717930358508
derived_vectors,change_density,stateful_event,tick_only,1024,0,16,2,813,0,0,0,23.862,0,100,100,100,41907216.495,185.685,0,0,0,36864,0,0,36864,4,2060683717930358508
derived_vectors,change_density,tick_selective,tick_only,1024,0,16,2,813,0,0,0,1600.738,1500,2100,2800,22500,624711.849,6131.317,0,0,0,45056,0,0,45056,3,2060683717930358508
derived_vectors,change_density,stateless_full,frame_total,1024,0,16,3,813,0,98304,1024,21592.743,19900,25500,39800,56400,46311.856,81279.367,0,0,0,24576,12288,0,36864,3,2060683717930358508
derived_vectors,change_density,stateful_event,frame_total,1024,0,16,3,813,0,0,0,23.616,0,100,100,100,42343750.000,183.352,0,0,0,36864,0,0,36864,4,2060683717930358508
derived_vectors,change_density,tick_selective,frame_total,1024,0,16,3,813,0,0,0,1190.529,1200,1200,1200,17000,839962.806,4572.128,0,0,0,45056,0,0,45056,3,2060683717930358508
derived_vectors,change_density,stateless_full,tick_only,1024,0,16,3,813,0,98304,1024,20571.218,19800,25200,32000,50300,48611.609,77526.498,0,0,0,24576,12288,0,36864,3,2060683717930358508
derived_vectors,change_density,stateful_event,tick_only,1024,0,16,3,813,0,0,0,21.648,0,100,100,100,46193181.818,192.215,0,0,0,36864,0,0,36864,4,2060683717930358508
derived_vectors,change_density,tick_selective,tick_only,1024,0,16,3,813,0,0,0,1208.241,1200,1200,2200,13400,827649.394,4649.573,0,0,0,45056,0,0,45056,3,2060683717930358508
derived_vectors,change_density,stateless_full,frame_total,1024,0,16,4,813,0,98304,1024,20386.716,19900,23800,30500,41100,49051.549,76862.601,0,0,0,24576,12288,0,36864,3,2060683717930358508
derived_vectors,change_density,stateful_event,frame_total,1024,0,16,4,813,0,0,0,24.108,0,100,100,100,41479591.837,183.351,0,0,0,36864,0,0,36864,4,2060683717930358508
derived_vectors,change_density,tick_selective,frame_total,1024,0,16,4,813,0,0,0,1195.326,1200,1200,2000,14900,836591.891,4602.454,0,0,0,45056,0,0,45056,3,2060683717930358508
derived_vectors,change_density,stateless_full,tick_only,1024,0,16,4,813,0,98304,1024,20432.964,19900,22900,30200,59000,48940.525,76957.314,0,0,0,24576,12288,0,36864,3,2060683717930358508
derived_vectors,change_density,stateful_event,tick_only,1024,0,16,4,813,0,0,0,22.878,0,100,100,100,43709677.419,182.418,0,0,0,36864,0,0,36864,4,2060683717930358508
derived_vectors,change_density,tick_selective,tick_only,1024,0,16,4,813,0,0,0,1192.989,1200,1200,2000,11700,838230.745,4587.057,0,0,0,45056,0,0,45056,3,2060683717930358508
derived_vectors,change_density,stateless_full,frame_total,1024,0,16,5,813,0,98304,1024,20421.033,19900,23800,30900,36200,48969.119,76972.708,0,0,0,24576,12288,0,36864,3,2060683717930358508
derived_vectors,change_density,stateful_event,frame_total,1024,0,16,5,813,0,0,0,22.632,0,100,100,100,44184782.609,183.819,0,0,0,36864,0,0,36864,4,2060683717930358508
derived_vectors,change_density,tick_selective,frame_total,1024,0,16,5,813,0,0,0,1195.080,1200,1200,2000,15600,836764.100,4595.920,0,0,0,45056,0,0,45056,3,2060683717930358508
derived_vectors,change_density,stateless_full,tick_only,1024,0,16,5,813,0,98304,1024,20483.887,19900,24100,31800,61100,48818.860,77083.282,0,0,0,24576,12288,0,36864,3,2060683717930358508
derived_vectors,change_density,stateful_event,tick_only,1024,0,16,5,813,0,0,0,23.862,0,100,100,100,41907216.495,182.419,0,0,0,36864,0,0,36864,4,2060683717930358508
derived_vectors,change_density,tick_selective,tick_only,1024,0,16,5,813,0,0,0,1205.535,1200,1200,2000,13500,829507.193,4635.578,0,0,0,45056,0,0,45056,3,2060683717930358508
derived_vectors,change_density,stateless_full,frame_total,1024,0,16,6,813,0,98304,1024,20350.431,19800,24000,31700,48300,49139.010,76746.433,0,0,0,24576,12288,0,36864,3,2060683717930358508
derived_vectors,change_density,stateful_event,frame_total,1024,0,16,6,813,0,0,0,23.370,0,100,100,100,42789473.684,183.352,0,0,0,36864,0,0,36864,4,2060683717930358508
derived_vectors,change_density,tick_selective,frame_total,1024,0,16,6,813,0,0,0,1190.283,1200,1200,1200,13400,840136.406,4567.464,0,0,0,45056,0,0,45056,3,2060683717930358508
derived_vectors,change_density,stateless_full,tick_only,1024,0,16,6,813,0,98304,1024,22512.546,20900,27900,45200,52800,44419.676,84553.574,0,0,0,24576,12288,0,36864,3,2060683717930358508
derived_vectors,change_density,stateful_event,tick_only,1024,0,16,6,813,0,0,0,24.600,0,100,100,100,40650000.000,208.079,0,0,0,36864,0,0,36864,4,2060683717930358508
derived_vectors,change_density,tick_selective,tick_only,1024,0,16,6,813,0,0,0,1306.642,1200,1900,2300,17900,765320.531,5040.071,0,0,0,45056,0,0,45056,3,2060683717930358508
derived_vectors,change_density,stateless_full,frame_total,1024,0,16,7,813,0,98304,1024,21226.691,19900,26500,42900,59700,47110.498,79411.332,0,0,0,24576,12288,0,36864,3,2060683717930358508
derived_vectors,change_density,stateful_event,frame_total,1024,0,16,7,813,0,0,0,23.124,0,100,100,300,43244680.851,200.614,0,0,0,36864,0,0,36864,4,2060683717930358508
derived_vectors,change_density,tick_selective,frame_total,1024,0,16,7,813,0,0,0,1584.625,1400,1700,2000,32900,631064.193,5888.248,0,0,0,45056,0,0,45056,3,2060683717930358508
derived_vectors,change_density,stateless_full,tick_only,1024,0,16,7,813,0,98304,1024,23399.262,23200,29200,44200,63600,42736.391,87833.384,0,0,0,24576,12288,0,36864,3,2060683717930358508
derived_vectors,change_density,stateful_event,tick_only,1024,0,16,7,813,0,0,0,23.370,0,100,100,100,42789473.684,195.481,0,0,0,36864,0,0,36864,4,2060683717930358508
derived_vectors,change_density,tick_selective,tick_only,1024,0,16,7,813,0,0,0,1774.416,1700,1900,2100,31000,563565.784,6764.884,0,0,0,45056,0,0,45056,3,2060683717930358508
derived_vectors,change_density,stateless_full,frame_total,1024,0,16,8,813,0,98304,1024,21729.889,19900,26800,39800,65200,46019.563,81792.568,0,0,0,24576,12288,0,36864,3,2060683717930358508
derived_vectors,change_density,stateful_event,frame_total,1024,0,16,8,813,0,0,0,27.183,0,100,100,100,36787330.317,192.215,0,0,0,36864,0,0,36864,4,2060683717930358508
derived_vectors,change_density,tick_selective,frame_total,1024,0,16,8,813,0,0,0,1796.925,1700,1900,2100,29500,556506.263,6815.737,0,0,0,45056,0,0,45056,3,2060683717930358508
derived_vectors,change_density,stateless_full,tick_only,1024,0,16,8,813,0,98304,1024,21636.162,19900,26700,39900,69200,46218.917,81270.504,0,0,0,24576,12288,0,36864,3,2060683717930358508
derived_vectors,change_density,stateful_event,tick_only,1024,0,16,8,813,0,0,0,23.985,0,100,100,100,41692307.692,197.348,0,0,0,36864,0,0,36864,4,2060683717930358508
derived_vectors,change_density,tick_selective,tick_only,1024,0,16,8,813,0,0,0,1402.460,1200,1800,2200,18600,713032.801,5366.652,0,0,0,45056,0,0,45056,3,2060683717930358508
derived_vectors,change_density,stateless_full,frame_total,1024,0,16,9,813,0,98304,1024,21069.742,19900,26800,36800,60300,47461.427,79223.776,0,0,0,24576,12288,0,36864,3,2060683717930358508
derived_vectors,change_density,stateful_event,frame_total,1024,0,16,9,813,0,0,0,24.231,0,100,100,100,41269035.533,183.352,0,0,0,36864,0,0,36864,4,2060683717930358508
derived_vectors,change_density,tick_selective,frame_total,1024,0,16,9,813,0,0,0,1211.316,1200,1200,2000,20400,825548.335,4636.978,0,0,0,45056,0,0,45056,3,2060683717930358508
derived_vectors,change_density,stateless_full,tick_only,1024,0,16,9,813,0,98304,1024,23142.681,23400,26800,43800,71800,43210.205,86952.077,0,0,0,24576,12288,0,36864,3,2060683717930358508
derived_vectors,change_density,stateful_event,tick_only,1024,0,16,9,813,0,0,0,24.969,0,100,100,200,40049261.084,188.017,0,0,0,36864,0,0,36864,4,2060683717930358508
derived_vectors,change_density,tick_selective,tick_only,1024,0,16,9,813,0,0,0,1198.278,1200,1200,1900,19000,834530.897,4618.315,0,0,0,45056,0,0,45056,3,2060683717930358508
derived_vectors,change_density,stateless_full,frame_total,1024,0,16,10,813,0,98304,1024,24445.510,23700,39700,51600,243100,40907.307,90721.287,1,0,0,24576,12288,0,36864,3,2060683717930358508
derived_vectors,change_density,stateful_event,frame_total,1024,0,16,10,813,0,0,0,24.108,0,100,100,100,41479591.837,185.684,0,0,0,36864,0,0,36864,4,2060683717930358508
derived_vectors,change_density,tick_selective,frame_total,1024,0,16,10,813,0,0,0,1590.898,1600,2000,2300,26700,628575.847,6086.995,0,0,0,45056,0,0,45056,3,2060683717930358508
derived_vectors,change_density,stateless_full,tick_only,1024,0,16,10,813,0,98304,1024,22324.846,20000,26200,43200,61200,44793.142,83859.820,0,0,0,24576,12288,0,36864,3,2060683717930358508
derived_vectors,change_density,stateful_event,tick_only,1024,0,16,10,813,0,0,0,23.370,0,100,100,100,42789473.684,182.418,0,0,0,36864,0,0,36864,4,2060683717930358508
derived_vectors,change_density,tick_selective,tick_only,1024,0,16,10,813,0,0,0,1242.927,1200,1600,2200,15400,804552.202,4799.802,0,0,0,45056,0,0,45056,3,2060683717930358508
derived_vectors,change_density,stateless_full,frame_total,1024,0,16,11,813,0,98304,1024,21665.560,19900,25900,35800,52400,46156.204,81438.000,0,0,0,24576,12288,0,36864,3,2060683717930358508
derived_vectors,change_density,stateful_event,frame_total,1024,0,16,11,813,0,0,0,44.280,0,100,100,17400,22583333.333,236.538,0,0,0,36864,0,0,36864,4,2060683717930358508
derived_vectors,change_density,tick_selective,frame_total,1024,0,16,11,813,0,0,0,1179.951,1200,1200,1200,12300,847492.964,4545.069,0,0,0,45056,0,0,45056,3,2060683717930358508
derived_vectors,change_density,stateless_full,tick_only,1024,0,16,11,813,0,98304,1024,22173.801,20000,28800,47900,69700,45098.268,83055.041,0,0,0,24576,12288,0,36864,3,2060683717930358508
derived_vectors,change_density,stateful_event,tick_only,1024,0,16,11,813,0,0,0,22.509,0,100,100,100,44426229.508,182.886,0,0,0,36864,0,0,36864,4,2060683717930358508
derived_vectors,change_density,tick_selective,tick_only,1024,0,16,11,813,0,0,0,1227.675,1200,1300,1400,20500,814547.641,4720.022,0,0,0,45056,0,0,45056,3,2060683717930358508
derived_vectors,change_density,stateless_full,frame_total,1024,1,16,1,813,11,98304,1024,22767.651,22700,27600,45100,52900,43921.967,85986.327,0,0,0,24576,12288,0,36864,3,11316811596709316153
derived_vectors,change_density,stateful_event,frame_total,1024,1,16,1,813,11,1056,11,318.450,300,400,400,400,3140208.575,1385.167,0,0,0,36864,0,308,37172,4,11316811596709316153
derived_vectors,change_density,tick_selective,frame_total,1024,1,16,1,813,11,1056,11,1419.188,1400,1500,2700,13000,704628.185,5565.866,0,0,0,45056,0,308,45364,3,11316811596709316153
derived_vectors,change_density,stateless_full,tick_only,1024,1,16,1,813,11,98304,1024,21935.547,19900,27500,41400,52200,45588.103,82730.323,0,0,0,24576,12288,0,36864,3,11316811596709316153
derived_vectors,change_density,stateful_event,tick_only,1024,1,16,1,813,11,1056,11,22.140,0,100,100,100,45166666.667,1422.957,0,0,0,36864,0,308,37172,4,11316811596709316153
derived_vectors,change_density,tick_selective,tick_only,1024,1,16,1,813,11,1056,11,1406.150,1400,1400,2300,14400,711161.652,5555.138,0,0,0,45056,0,308,45364,3,11316811596709316153
derived_vectors,change_density,stateless_full,frame_total,1024,1,16,2,813,11,98304,1024,21281.919,19900,27300,37100,64000,46988.244,80215.185,0,0,0,24576,12288,0,36864,3,6465276973129071569
derived_vectors,change_density,stateful_event,frame_total,1024,1,16,2,813,11,1056,11,317.835,300,400,400,1000,3146284.830,1389.367,0,0,0,36864,0,308,37172,4,6465276973129071569
derived_vectors,change_density,tick_selective,frame_total,1024,1,16,2,813,11,1056,11,1455.720,1400,1700,2500,14500,686945.501,5676.435,0,0,0,45056,0,308,45364,3,6465276973129071569
derived_vectors,change_density,stateless_full,tick_only,1024,1,16,2,813,11,98304,1024,22365.191,20000,29300,48800,60000,44712.340,83957.802,0,0,0,24576,12288,0,36864,3,6465276973129071569
derived_vectors,change_density,stateful_event,tick_only,1024,1,16,2,813,11,1056,11,25.461,0,100,100,100,39275362.319,1547.993,0,0,0,36864,0,308,37172,4,6465276973129071569
derived_vectors,change_density,tick_selective,tick_only,1024,1,16,2,813,11,1056,11,1747.970,1800,2100,2400,26800,572092.041,6894.582,0,0,0,45056,0,308,45364,3,6465276973129071569
derived_vectors,change_density,stateless_full,frame_total,1024,1,16,3,813,11,98304,1024,21670.357,20000,28300,40400,55100,46145.987,81799.567,0,0,0,24576,12288,0,36864,3,3620683060848224560
derived_vectors,change_density,stateful_event,frame_total,1024,1,16,3,813,11,1056,11,317.835,300,400,400,400,3146284.830,1383.768,0,0,0,36864,0,308,37172,4,3620683060848224560
derived_vectors,change_density,tick_selective,frame_total,1024,1,16,3,813,11,1056,11,1425.830,1400,1400,2300,14000,701345.756,5567.732,0,0,0,45056,0,308,45364,3,3620683060848224560
derived_vectors,change_density,stateless_full,tick_only,1024,1,16,3,813,11,98304,1024,21046.002,19900,26600,34500,94500,47514.962,79475.715,0,0,0,24576,12288,0,36864,3,3620683060848224560
derived_vectors,change_density,stateful_event,tick_only,1024,1,16,3,813,11,1056,11,23.124,0,100,100,100,43244680.851,1409.428,0,0,0,36864,0,308,37172,4,3620683060848224560
derived_vectors,change_density,tick_selective,tick_only,1024,1,16,3,813,11,1056,11,1373.678,1400,1400,1400,13400,727972.779,5463.226,0,0,0,45056,0,308,45364,3,3620683060848224560
derived_vectors,change_density,stateless_full,frame_total,1024,1,16,4,813,11,98304,1024,23430.258,23700,28100,49000,51600,42679.854,88250.466,0,0,0,24576,12288,0,36864,3,15770582240389325368
derived_vectors,change_density,stateful_event,frame_total,1024,1,16,4,813,11,1056,11,317.835,300,400,400,400,3146284.830,1385.169,0,0,0,36864,0,308,37172,4,15770582240389325368
derived_vectors,change_density,tick_selective,frame_total,1024,1,16,4,813,11,1056,11,1400.615,1400,1400,1500,11600,713972.073,5479.555,0,0,0,45056,0,308,45364,3,15770582240389325368
derived_vectors,change_density,stateless_full,tick_only,1024,1,16,4,813,11,98304,1024,21228.167,19900,26200,36500,55400,47107.223,80207.720,0,0,0,24576,12288,0,36864,3,15770582240389325368
derived_vectors,change_density,stateful_event,tick_only,1024,1,16,4,813,11,1056,11,22.632,0,100,100,100,44184782.609,1413.161,0,0,0,36864,0,308,37172,4,15770582240389325368
derived_vectors,change_density,tick_selective,tick_only,1024,1,16,4,813,11,1056,11,1449.077,1400,1600,2400,21800,690094.220,5707.230,0,0,0,45056,0,308,45364,3,15770582240389325368
derived_vectors,change_density,stateless_full,frame_total,1024,1,16,5,813,11,98304,1024,20796.187,19900,27300,34400,60000,48085.738,78637.806,0,0,0,24576,12288,0,36864,3,4456367447767877806
derived_vectors,change_density,stateful_event,frame_total,1024,1,16,5,813,11,1056,11,322.755,300,400,400,4400,3098323.171,1393.100,0,0,0,36864,0,308,37172,4,4456367447767877806
derived_vectors,change_density,tick_selective,frame_total,1024,1,16,5,813,11,1056,11,1392.128,1400,1400,1400,13600,718324.792,5468.358,0,0,0,45056,0,308,45364,3,4456367447767877806
derived_vectors,change_density,stateless_full,tick_only,1024,1,16,5,813,11,98304,1024,20564.084,19800,25300,31500,55700,48628.474,77780.289,0,0,0,24576,12288,0,36864,3,4456367447767877806
derived_vectors,change_density,stateful_event,tick_only,1024,1,16,5,813,11,1056,11,23.370,0,100,100,100,42789473.684,1384.235,0,0,0,36864,0,308,37172,4,4456367447767877806
derived_vectors,change_density,tick_selective,tick_only,1024,1,16,5,813,11,1056,11,1457.196,1400,2200,2700,14400,686249.683,5789.339,0,0,0,45056,0,308,45364,3,4456367447767877806
derived_vectors,change_density,stateless_full,frame_total,1024,1,16,6,813,11,98304,1024,21191.759,19900,26300,33900,52200,47188.155,80053.761,0,0,0,24576,12288,0,36864,3,2229107640409101794
derived_vectors,change_density,stateful_event,frame_total,1024,1,16,6,813,11,1056,11,318.819,300,400,400,400,3136574.074,1380.969,0,0,0,36864,0,308,37172,4,2229107640409101794
derived_vectors,change_density,tick_selective,frame_total,1024,1,16,6,813,11,1056,11,1396.556,1400,1400,1400,13200,716047.208,5486.554,0,0,0,45056,0,308,45364,3,2229107640409101794
derived_vectors,change_density,stateless_full,tick_only,1024,1,16,6,813,11,98304,1024,21486.101,19900,28600,37800,224000,46541.716,80118.603,1,0,0,24576,12288,0,36864,3,2229107640409101794
derived_vectors,change_density,stateful_event,tick_only,1024,1,16,6,813,11,1056,11,25.092,0,100,100,100,39852941.176,1442.552,0,0,0,36864,0,308,37172,4,2229107640409101794
derived_vectors,change_density,tick_selective,tick_only,1024,1,16,6,813,11,1056,11,1957.688,2000,2300,2500,28700,510806.735,7739.026,0,0,0,45056,0,308,45364,3,2229107640409101794
derived_vectors,change_density,stateless_full,frame_total,1024,1,16,7,813,11,98304,1024,20853.998,19900,25900,35900,46200,47952.437,78934.055,0,0,0,24576,12288,0,36864,3,5699074620777361460
derived_vectors,change_density,stateful_event,frame_total,1024,1,16,7,813,11,1056,11,337.023,300,400,400,15700,2967153.285,1426.224,0,0,0,36864,0,308,37172,4,5699074620777361460
derived_vectors,change_density,tick_selective,frame_total,1024,1,16,7,813,11,1056,11,1393.973,1400,1400,1500,14800,717374.040,5476.290,0,0,0,45056,0,308,45364,3,5699074620777361460
derived_vectors,change_density,stateless_full,tick_only,1024,1,16,7,813,11,98304,1024,20653.014,19900,25700,34300,41300,48419.084,78183.390,0,0,0,24576,12288,0,36864,3,5699074620777361460
derived_vectors,change_density,stateful_event,tick_only,1024,1,16,7,813,11,1056,11,23.862,0,100,100,100,41907216.495,1391.232,0,0,0,36864,0,308,37172,4,5699074620777361460
derived_vectors,change_density,tick_selective,tick_only,1024,1,16,7,813,11,1056,11,1544.772,1400,2200,2700,18100,647344.534,6239.089,0,0,0,45056,0,308,45364,3,5699074620777361460
derived_vectors,change_density,stateless_full,frame_total,1024,1,16,8,813,11,98304,1024,21574.662,19900,26500,35900,55200,46350.669,81569.095,0,0,0,24576,12288,0,36864,3,10977159410287044147
derived_vectors,change_density,stateful_event,frame_total,1024,1,16,8,813,11,1056,11,338.007,300,400,500,8500,2958515.284,1521.400,0,0,0,36864,0,308,37172,4,10977159410287044147
derived_vectors,change_density,tick_selective,frame_total,1024,1,16,8,813,11,1056,11,1402.214,1400,1400,1600,15300,713157.895,5549.538,0,0,0,45056,0,308,45364,3,10977159410287044147
derived_vectors,change_density,stateless_full,tick_only,1024,1,16,8,813,11,98304,1024,20660.025,19800,24600,37500,95900,48402.653,77545.153,0,0,0,24576,12288,0,36864,3,10977159410287044147
derived_vectors,change_density,stateful_event,tick_only,1024,1,16,8,813,11,1056,11,22.263,0,100,100,100,44917127.072,1391.700,0,0,0,36864,0,308,37172,4,10977159410287044147
derived_vectors,change_density,tick_selective,tick_only,1024,1,16,8,813,11,1056,11,1379.090,1400,1400,1500,16000,725115.947,5473.025,0,0,0,45056,0,308,45364,3,10977159410287044147
derived_vectors,change_density,stateless_full,frame_total,1024,1,16,9,813,11,98304,1024,21463.469,19900,27900,39800,49900,46590.792,81030.235,0,0,0,24576,12288,0,36864,3,14015408375608197850
derived_vectors,change_density,stateful_event,frame_total,1024,1,16,9,813,11,1056,11,332.103,300,400,400,12500,3011111.111,1413.626,0,0,0,36864,0,308,37172,4,14015408375608197850
derived_vectors,change_density,tick_selective,frame_total,1024,1,16,9,813,11,1056,11,1628.290,1400,2400,2800,28700,614141.109,6349.193,0,0,0,45056,0,308,45364,3,14015408375608197850
derived_vectors,change_density,stateless_full,tick_only,1024,1,16,9,813,11,98304,1024,21074.047,19900,27300,37300,48200,47451.731,79792.030,0,0,0,24576,12288,0,36864,3,14015408375608197850
derived_vectors,change_density,stateful_event,tick_only,1024,1,16,9,813,11,1056,11,23.862,0,100,100,100,41907216.495,1482.677,0,0,0,36864,0,308,37172,4,14015408375608197850
derived_vectors,change_density,tick_selective,tick_only,1024,1,16,9,813,11,1056,11,1457.565,1400,2100,2700,16900,686075.949,5787.007,0,0,0,45056,0,308,45364,3,14015408375608197850
derived_vectors,change_density,stateless_full,frame_total,1024,1,16,10,813,11,98304,1024,20554.490,19900,25400,32500,46500,48651.172,77895.065,0,0,0,24576,12288,0,36864,3,17652591594955061315
derived_vectors,change_density,stateful_event,frame_total,1024,1,16,10,813,11,1056,11,318.696,300,400,400,600,3137784.639,1384.701,0,0,0,36864,0,308,37172,4,17652591594955061315
derived_vectors,change_density,tick_selective,frame_total,1024,1,16,10,813,11,1056,11,1399.139,1400,1400,1400,12200,714725.275,5481.888,0,0,0,45056,0,308,45364,3,17652591594955061315
derived_vectors,change_density,stateless_full,tick_only,1024,1,16,10,813,11,98304,1024,20597.663,19800,24700,31700,56700,48549.197,77912.326,0,0,0,24576,12288,0,36864,3,17652591594955061315
derived_vectors,change_density,stateful_event,tick_only,1024,1,16,10,813,11,1056,11,23.001,0,100,100,100,43475935.829,1421.558,0,0,0,36864,0,308,37172,4,17652591594955061315
derived_vectors,change_density,tick_selective,tick_only,1024,1,16,10,813,11,1056,11,1385.240,1400,1400,1600,12800,721896.644,5496.351,0,0,0,45056,0,308,45364,3,17652591594955061315
derived_vectors,change_density,stateless_full,frame_total,1024,1,16,11,813,11,98304,1024,20199.631,19800,20900,29600,40600,49505.855,76368.533,0,0,0,24576,12288,0,36864,3,16952060377417325717
derived_vectors,change_density,stateful_event,frame_total,1024,1,16,11,813,11,1056,11,326.076,300,400,500,700,3066767.258,1430.422,0,0,0,36864,0,308,37172,4,16952060377417325717
derived_vectors,change_density,tick_selective,frame_total,1024,1,16,11,813,11,1056,11,1397.171,1400,1400,1500,11800,715732.019,5486.552,0,0,0,45056,0,308,45364,3,16952060377417325717
derived_vectors,change_density,stateless_full,tick_only,1024,1,16,11,813,11,98304,1024,20373.309,19800,23700,33900,49100,49083.829,76912.991,0,0,0,24576,12288,0,36864,3,16952060377417325717
derived_vectors,change_density,stateful_event,tick_only,1024,1,16,11,813,11,1056,11,22.632,0,100,100,100,44184782.609,1383.303,0,0,0,36864,0,308,37172,4,16952060377417325717
derived_vectors,change_density,tick_selective,tick_only,1024,1,16,11,813,11,1056,11,1392.005,1400,1400,1400,11400,718388.265,5503.351,0,0,0,45056,0,308,45364,3,16952060377417325717
derived_vectors,change_density,stateless_full,frame_total,1024,10,16,1,813,103,98304,1024,20161.624,19900,20000,28600,36400,49599.180,76928.854,0,0,0,24576,12288,0,36864,3,11649054271762091223
derived_vectors,change_density,stateful_event,frame_total,1024,10,16,1,813,103,9888,103,2829.643,2800,2900,2900,12900,353401.434,11592.213,0,0,0,36864,0,2884,39748,4,11649054271762091223
derived_vectors,change_density,tick_selective,frame_total,1024,10,16,1,813,103,9888,103,2996.064,3000,3000,3100,13700,333771.246,12232.309,0,0,0,45056,0,2884,47940,3,11649054271762091223
derived_vectors,change_density,stateless_full,tick_only,1024,10,16,1,813,103,98304,1024,20874.416,19800,24200,30300,47700,47905.532,79978.645,0,0,0,24576,12288,0,36864,3,11649054271762091223
derived_vectors,change_density,stateful_event,tick_only,1024,10,16,1,813,103,9888,103,22.509,0,100,100,100,44426229.508,11520.363,0,0,0,36864,0,2884,39748,4,11649054271762091223
derived_vectors,change_density,tick_selective,tick_only,1024,10,16,1,813,103,9888,103,2904.797,2800,2900,4900,19300,344258.130,12431.520,0,0,0,45056,0,2884,47940,3,11649054271762091223
derived_vectors,change_density,stateless_full,frame_total,1024,10,16,2,813,103,98304,1024,20284.994,19900,23500,29000,45800,49297.525,77407.989,0,0,0,24576,12288,0,36864,3,6151804282661386973
derived_vectors,change_density,stateful_event,frame_total,1024,10,16,2,813,103,9888,103,2821.156,2800,2800,2900,12100,354464.597,11524.092,0,0,0,36864,0,2884,39748,4,6151804282661386973
derived_vectors,change_density,tick_selective,frame_total,1024,10,16,2,813,103,9888,103,3032.964,3000,3000,4800,12200,329710.439,12344.277,0,0,0,45056,0,2884,47940,3,6151804282661386973
derived_vectors,change_density,stateless_full,tick_only,1024,10,16,2,813,103,98304,1024,20523.247,19800,26300,29500,45300,48725.233,79332.952,0,0,0,24576,12288,0,36864,3,6151804282661386973
derived_vectors,change_density,stateful_event,tick_only,1024,10,16,2,813,103,9888,103,21.771,0,100,100,100,45932203.390,11504.967,0,0,0,36864,0,2884,39748,4,6151804282661386973
derived_vectors,change_density,tick_selective,tick_only,1024,10,16,2,813,103,9888,103,2876.630,2800,2900,4700,13700,347629.025,12343.346,0,0,0,45056,0,2884,47940,3,6151804282661386973
derived_vectors,change_density,stateless_full,frame_total,1024,10,16,3,813,103,98304,1024,20216.728,19900,20100,30000,36200,49463.988,77110.804,0,0,0,24576,12288,0,36864,3,16031053558507601350
derived_vectors,change_density,stateful_event,frame_total,1024,10,16,3,813,103,9888,103,2831.857,2800,2900,3200,16400,353125.136,11589.412,0,0,0,36864,0,2884,39748,4,16031053558507601350
derived_vectors,change_density,tick_selective,frame_total,1024,10,16,3,813,103,9888,103,3002.091,3000,3000,3100,12700,333101.160,12211.780,0,0,0,45056,0,2884,47940,3,16031053558507601350
derived_vectors,change_density,stateless_full,tick_only,1024,10,16,3,813,103,98304,1024,21290.406,19800,26100,32700,54900,46969.513,81531.308,0,0,0,24576,12288,0,36864,3,16031053558507601350
derived_vectors,change_density,stateful_event,tick_only,1024,10,16,3,813,103,9888,103,20.172,0,100,100,100,49573170.732,11514.296,0,0,0,36864,0,2884,39748,4,16031053558507601350
derived_vectors,change_density,tick_selective,tick_only,1024,10,16,3,813,103,9888,103,3315.867,2800,5500,8500,87500,301580.236,13615.610,0,0,0,45056,0,2884,47940,3,16031053558507601350
derived_vectors,change_density,stateless_full,frame_total,1024,10,16,4,813,103,98304,1024,20191.882,19900,20100,29400,35500,49524.854,77116.401,0,0,0,24576,12288,0,36864,3,4429609118615117980
derived_vectors,change_density,stateful_event,frame_total,1024,10,16,4,813,103,9888,103,2844.403,2800,2900,3100,18100,351567.568,11605.273,0,0,0,36864,0,2884,39748,4,4429609118615117980
derived_vectors,change_density,tick_selective,frame_total,1024,10,16,4,813,103,9888,103,3013.407,3000,3000,3100,18800,331850.280,12249.102,0,0,0,45056,0,2884,47940,3,4429609118615117980
derived_vectors,change_density,stateless_full,tick_only,1024,10,16,4,813,103,98304,1024,20138.868,19800,20000,29100,41900,49655.223,77081.412,0,0,0,24576,12288,0,36864,3,4429609118615117980
derived_vectors,change_density,stateful_event,tick_only,1024,10,16,4,813,103,9888,103,22.632,0,100,100,100,44184782.609,11546.025,0,0,0,36864,0,2884,39748,4,4429609118615117980
derived_vectors,change_density,tick_selective,tick_only,1024,10,16,4,813,103,9888,103,2866.790,2800,2900,2900,12700,348822.242,12231.840,0,0,0,45056,0,2884,47940,3,4429609118615117980
derived_vectors,change_density,stateless_full,frame_total,1024,10,16,5,813,103,98304,1024,20326.937,19900,23800,29400,38800,49195.803,77578.282,0,0,0,24576,12288,0,36864,3,16664737665444780976
derived_vectors,change_density,stateful_event,frame_total,1024,10,16,5,813,103,9888,103,2837.515,2800,2800,2900,14100,352420.998,11562.349,0,0,0,36864,0,2884,39748,4,16664737665444780976
derived_vectors,change_density,tick_selective,frame_total,1024,10,16,5,813,103,9888,103,3010.086,3000,3000,3100,13000,332216.411,12249.571,0,0,0,45056,0,2884,47940,3,16664737665444780976
derived_vectors,change_density,stateless_full,tick_only,1024,10,16,5,813,103,98304,1024,20299.385,19800,23900,30300,40200,49262.576,77835.346,0,0,0,24576,12288,0,36864,3,16664737665444780976
derived_vectors,change_density,stateful_event,tick_only,1024,10,16,5,813,103,9888,103,24.477,0,100,100,100,40854271.357,11805.419,0,0,0,36864,0,2884,39748,4,16664737665444780976
derived_vectors,change_density,tick_selective,tick_only,1024,10,16,5,813,103,9888,103,2931.119,2800,2900,5200,20500,341166.597,12512.700,0,0,0,45056,0,2884,47940,3,16664737665444780976
derived_vectors,change_density,stateless_full,frame_total,1024,10,16,6,813,103,98304,1024,20898.278,20000,24800,35200,151900,47850.833,79081.016,1,0,0,24576,12288,0,36864,3,8608078880858462660
derived_vectors,change_density,stateful_event,frame_total,1024,10,16,6,813,103,9888,103,3042.558,2800,3100,3800,41200,328670.763,12435.722,0,0,0,36864,0,2884,39748,4,8608078880858462660
derived_vectors,change_density,tick_selective,frame_total,1024,10,16,6,813,103,9888,103,3156.458,3000,4300,5700,27400,316810.849,12925.125,0,0,0,45056,0,2884,47940,3,8608078880858462660
derived_vectors,change_density,stateless_full,tick_only,1024,10,16,6,813,103,98304,1024,20285.978,19800,22600,30800,43000,49295.134,77939.847,0,0,0,24576,12288,0,36864,3,8608078880858462660
derived_vectors,change_density,stateful_event,tick_only,1024,10,16,6,813,103,9888,103,21.033,0,100,100,100,47543859.649,11542.758,0,0,0,36864,0,2884,39748,4,8608078880858462660
derived_vectors,change_density,tick_selective,tick_only,1024,10,16,6,813,103,9888,103,3242.312,2900,4200,5300,31100,308421.851,13875.940,0,0,0,45056,0,2884,47940,3,8608078880858462660
derived_vectors,change_density,stateless_full,frame_total,1024,10,16,7,813,103,98304,1024,20517.712,19900,25200,31300,39500,48738.377,78308.893,0,0,0,24576,12288,0,36864,3,17823399475160193935
derived_vectors,change_density,stateful_event,frame_total,1024,10,16,7,813,103,9888,103,2915.375,2800,3100,3800,19600,343009.029,11909.926,0,0,0,36864,0,2884,39748,4,17823399475160193935
derived_vectors,change_density,tick_selective,frame_total,1024,10,16,7,813,103,9888,103,3100.246,3000,3300,5600,15500,322555.049,12621.406,0,0,0,45056,0,2884,47940,3,17823399475160193935
derived_vectors,change_density,stateless_full,tick_only,1024,10,16,7,813,103,98304,1024,21161.378,19900,27700,48500,105100,47255.903,80816.558,1,0,0,24576,12288,0,36864,3,17823399475160193935
derived_vectors,change_density,stateful_event,tick_only,1024,10,16,7,813,103,9888,103,21.648,0,100,100,100,46193181.818,11574.017,0,0,0,36864,0,2884,39748,4,17823399475160193935
derived_vectors,change_density,tick_selective,tick_only,1024,10,16,7,813,103,9888,103,3197.417,2900,3800,4900,27500,312752.452,13729.914,0,0,0,45056,0,2884,47940,3,17823399475160193935
derived_vectors,change_density,stateless_full,frame_total,1024,10,16,8,813,103,98304,1024,22204.797,20100,26500,43800,50300,45035.314,84577.365,0,0,0,24576,12288,0,36864,3,13998928111958013466
derived_vectors,change_density,stateful_event,frame_total,1024,10,16,8,813,103,9888,103,2921.648,2800,3100,3600,28500,342272.555,12104.942,0,0,0,36864,0,2884,39748,4,13998928111958013466
derived_vectors,change_density,tick_selective,frame_total,1024,10,16,8,813,103,9888,103,3125.461,3000,3200,5400,41900,319952.774,12519.235,0,0,0,45056,0,2884,47940,3,13998928111958013466
derived_vectors,change_density,stateless_full,tick_only,1024,10,16,8,813,103,98304,1024,20790.652,19900,25500,33200,41700,48098.540,79660.934,0,0,0,24576,12288,0,36864,3,13998928111958013466
derived_vectors,change_density,stateful_event,tick_only,1024,10,16,8,813,103,9888,103,26.322,0,100,100,100,37990654.206,11583.346,0,0,0,36864,0,2884,39748,4,13998928111958013466
derived_vectors,change_density,tick_selective,tick_only,1024,10,16,8,813,103,9888,103,3377.614,3400,4100,5400,29000,296067.007,14466.119,0,0,0,45056,0,2884,47940,3,13998928111958013466
derived_vectors,change_density,stateless_full,frame_total,1024,10,16,9,813,103,98304,1024,24912.423,24300,29000,51400,64600,40140.616,94948.167,0,0,0,24576,12288,0,36864,3,2918540188763559955
derived_vectors,change_density,stateful_event,frame_total,1024,10,16,9,813,103,9888,103,2830.627,2800,2900,3100,14800,353278.582,11588.477,0,0,0,36864,0,2884,39748,4,2918540188763559955
derived_vectors,change_density,tick_selective,frame_total,1024,10,16,9,813,103,9888,103,3146.248,3000,4400,5900,18600,317838.852,12790.294,0,0,0,45056,0,2884,47940,3,2918540188763559955
derived_vectors,change_density,stateless_full,tick_only,1024,10,16,9,813,103,98304,1024,20644.526,19800,24600,34400,52100,48438.990,79126.268,0,0,0,24576,12288,0,36864,3,2918540188763559955
derived_vectors,change_density,stateful_event,tick_only,1024,10,16,9,813,103,9888,103,24.969,0,100,100,200,40049261.084,11670.588,0,0,0,36864,0,2884,39748,4,2918540188763559955
derived_vectors,change_density,tick_selective,tick_only,1024,10,16,9,813,103,9888,103,2908.856,2800,3000,3300,17000,343777.750,12448.782,0,0,0,45056,0,2884,47940,3,2918540188763559955
derived_vectors,change_density,stateless_full,frame_total,1024,10,16,10,813,103,98304,1024,20806.027,19900,25400,32000,54200,48062.996,79548.031,0,0,0,24576,12288,0,36864,3,219979963008037209
derived_vectors,change_density,stateful_event,frame_total,1024,10,16,10,813,103,9888,103,2878.967,2800,2900,3800,22100,347346.834,11768.098,0,0,0,36864,0,2884,39748,4,219979963008037209
derived_vectors,change_density,tick_selective,frame_total,1024,10,16,10,813,103,9888,103,3030.504,3000,3100,4000,17400,329978.083,12342.879,0,0,0,45056,0,2884,47940,3,219979963008037209
derived_vectors,change_density,stateless_full,tick_only,1024,10,16,10,813,103,98304,1024,20514.145,19800,24700,31700,47100,48746.852,78608.407,0,0,0,24576,12288,0,36864,3,219979963008037209
derived_vectors,change_density,stateful_event,tick_only,1024,10,16,10,813,103,9888,103,22.017,0,100,100,100,45418994.413,11574.948,0,0,0,36864,0,2884,39748,4,219979963008037209
derived_vectors,change_density,tick_selective,tick_only,1024,10,16,10,813,103,9888,103,2995.326,2800,3900,5300,20200,333853.482,12816.888,0,0,0,45056,0,2884,47940,3,219979963008037209
derived_vectors,change_density,stateless_full,frame_total,1024,10,16,11,813,103,98304,1024,20402.091,19900,23400,30700,54000,49014.584,77902.064,0,0,0,24576,12288,0,36864,3,18178872679386420918
derived_vectors,change_density,stateful_event,frame_total,1024,10,16,11,813,103,9888,103,2853.506,2800,2900,3700,18600,350446.140,11682.721,0,0,0,36864,0,2884,39748,4,18178872679386420918
derived_vectors,change_density,tick_selective,frame_total,1024,10,16,11,813,103,9888,103,3023.616,3000,3000,4600,15100,330729.802,12343.346,0,0,0,45056,0,2884,47940,3,18178872679386420918
derived_vectors,change_density,stateless_full,tick_only,1024,10,16,11,813,103,98304,1024,20747.232,19900,25600,31600,48900,48199.200,79572.754,0,0,0,24576,12288,0,36864,3,18178872679386420918
derived_vectors,change_density,stateful_event,tick_only,1024,10,16,11,813,103,9888,103,23.124,0,100,100,100,43244680.851,11625.802,0,0,0,36864,0,2884,39748,4,18178872679386420918
derived_vectors,change_density,tick_selective,tick_only,1024,10,16,11,813,103,9888,103,2880.320,2800,2900,4900,14700,347183.670,12332.148,0,0,0,45056,0,2884,47940,3,18178872679386420918
derived_vectors,change_density,stateless_full,frame_total,1024,100,16,1,813,1024,98304,1024,21337.515,20600,26200,34000,42600,46865.813,88930.216,0,0,0,24576,12288,0,36864,3,7763120797991335182
derived_vectors,change_density,stateful_event,frame_total,1024,100,16,1,813,1024,98304,1024,29389.053,27700,39200,60300,73100,34026.275,120857.667,0,0,0,36864,0,28672,65536,4,7763120797991335182
derived_vectors,change_density,tick_selective,frame_total,1024,100,16,1,813,1024,98304,1024,23250.554,21900,30700,37300,49000,43009.729,96443.432,0,0,0,45056,0,28672,73728,3,7763120797991335182
derived_vectors,change_density,stateless_full,tick_only,1024,100,16,1,813,1024,98304,1024,20839.606,19900,26100,31300,50700,47985.551,90167.030,0,0,0,24576,12288,0,36864,3,7763120797991335182
derived_vectors,change_density,stateful_event,tick_only,1024,100,16,1,813,1024,98304,1024,31.242,0,100,100,4400,32007874.016,114927.435,0,0,0,36864,0,28672,65536,4,7763120797991335182
derived_vectors,change_density,tick_selective,tick_only,1024,100,16,1,813,1024,98304,1024,21916.851,20500,29600,36100,53100,45626.992,97629.391,0,0,0,45056,0,28672,73728,3,7763120797991335182
derived_vectors,change_density,stateless_full,frame_total,1024,100,16,2,813,1024,98304,1024,22901.476,20800,28300,44500,59100,43665.308,96706.563,0,0,0,24576,12288,0,36864,3,2942898640652217485
derived_vectors,change_density,stateful_event,frame_total,1024,100,16,2,813,1024,98304,1024,29360.886,28200,33500,53400,63000,34058.918,122166.325,0,0,0,36864,0,28672,65536,4,2942898640652217485
derived_vectors,change_density,tick_selective,frame_total,1024,100,16,2,813,1024,98304,1024,25522.755,22600,32600,51300,86800,39180.723,106404.149,0,0,0,45056,0,28672,73728,3,2942898640652217485
derived_vectors,change_density,stateless_full,tick_only,1024,100,16,2,813,1024,98304,1024,22420.910,20100,27100,44800,63000,44601.222,98132.802,0,0,0,24576,12288,0,36864,3,2942898640652217485
derived_vectors,change_density,stateful_event,tick_only,1024,100,16,2,813,1024,98304,1024,28.413,0,100,100,300,35194805.195,123986.775,0,0,0,36864,0,28672,65536,4,2942898640652217485
derived_vectors,change_density,tick_selective,tick_only,1024,100,16,2,813,1024,98304,1024,22892.497,20600,30600,43800,65200,43682.435,103182.670,0,0,0,45056,0,28672,73728,3,2942898640652217485
derived_vectors,change_density,stateless_full,frame_total,1024,100,16,3,813,1024,98304,1024,23613.038,23700,28700,43800,57300,42349.485,100155.261,0,0,0,24576,12288,0,36864,3,8905054877017110147
derived_vectors,change_density,stateful_event,frame_total,1024,100,16,3,813,1024,98304,1024,28927.429,27700,33500,53200,73600,34569.266,118620.598,0,0,0,36864,0,28672,65536,4,8905054877017110147
derived_vectors,change_density,tick_selective,frame_total,1024,100,16,3,813,1024,98304,1024,26160.394,22700,32300,51400,98000,38225.725,109376.030,0,0,0,45056,0,28672,73728,3,8905054877017110147
derived_vectors,change_density,stateless_full,tick_only,1024,100,16,3,813,1024,98304,1024,20883.887,19900,26400,36800,48200,47883.807,90456.290,0,0,0,24576,12288,0,36864,3,8905054877017110147
derived_vectors,change_density,stateful_event,tick_only,1024,100,16,3,813,1024,98304,1024,27.429,0,100,100,200,36457399.103,117915.181,0,0,0,36864,0,28672,65536,4,8905054877017110147
derived_vectors,change_density,tick_selective,tick_only,1024,100,16,3,813,1024,98304,1024,22267.528,20500,28800,41300,107100,44908.443,99313.610,1,0,0,45056,0,28672,73728,3,8905054877017110147
derived_vectors,change_density,stateless_full,frame_total,1024,100,16,4,813,1024,98304,1024,21739.852,20600,26900,38300,61100,45998.472,91090.317,0,0,0,24576,12288,0,36864,3,9828396491698017111
derived_vectors,change_density,stateful_event,frame_total,1024,100,16,4,813,1024,98304,1024,28144.895,27500,31600,39400,49100,35530.422,114909.237,0,0,0,36864,0,28672,65536,4,9828396491698017111
derived_vectors,change_density,tick_selective,frame_total,1024,100,16,4,813,1024,98304,1024,24180.320,22100,29700,40100,54600,41355.946,100868.143,0,0,0,45056,0,28672,73728,3,9828396491698017111
derived_vectors,change_density,stateless_full,tick_only,1024,100,16,4,813,1024,98304,1024,21409.471,19900,26700,34900,50000,46708.300,92893.970,0,0,0,24576,12288,0,36864,3,9828396491698017111
derived_vectors,change_density,stateful_event,tick_only,1024,100,16,4,813,1024,98304,1024,22.878,0,100,100,100,43709677.419,113895.910,0,0,0,36864,0,28672,65536,4,9828396491698017111
derived_vectors,change_density,tick_selective,tick_only,1024,100,16,4,813,1024,98304,1024,20820.418,20400,22600,29700,38800,48029.775,92680.769,0,0,0,45056,0,28672,73728,3,9828396491698017111
derived_vectors,change_density,stateless_full,frame_total,1024,100,16,5,813,1024,98304,1024,21197.048,20600,25500,31100,43100,47176.380,88297.121,0,0,0,24576,12288,0,36864,3,919083372876679550
derived_vectors,change_density,stateful_event,frame_total,1024,100,16,5,813,1024,98304,1024,28408.118,27700,30800,43000,77600,35201.205,117560.603,0,0,0,36864,0,28672,65536,4,919083372876679550
derived_vectors,change_density,tick_selective,frame_total,1024,100,16,5,813,1024,98304,1024,23849.446,22100,31400,37900,57800,41929.694,99307.084,0,0,0,45056,0,28672,73728,3,919083372876679550
derived_vectors,change_density,stateless_full,tick_only,1024,100,16,5,813,1024,98304,1024,21105.535,19900,27200,34500,42200,47380.936,91808.323,0,0,0,24576,12288,0,36864,3,919083372876679550
derived_vectors,change_density,stateful_event,tick_only,1024,100,16,5,813,1024,98304,1024,22.509,0,100,100,200,44426229.508,114739.879,0,0,0,36864,0,28672,65536,4,919083372876679550
derived_vectors,change_density,tick_selective,tick_only,1024,100,16,5,813,1024,98304,1024,20906.027,20500,21100,31400,58800,47833.096,92328.523,0,0,0,45056,0,28672,73728,3,919083372876679550
derived_vectors,change_density,stateless_full,frame_total,1024,100,16,6,813,1024,98304,1024,20976.753,20500,23900,30800,38700,47671.821,87359.365,0,0,0,24576,12288,0,36864,3,3534618193611946321
derived_vectors,change_density,stateful_event,frame_total,1024,100,16,6,813,1024,98304,1024,28002.952,27500,30700,37800,51500,35710.521,113721.418,0,0,0,36864,0,28672,65536,4,3534618193611946321
derived_vectors,change_density,tick_selective,frame_total,1024,100,16,6,813,1024,98304,1024,22250.431,21900,23100,31300,40000,44942.951,92283.272,0,0,0,45056,0,28672,73728,3,3534618193611946321
derived_vectors,change_density,stateless_full,tick_only,1024,100,16,6,813,1024,98304,1024,20466.421,19800,24100,30400,50800,48860.522,88056.850,0,0,0,24576,12288,0,36864,3,3534618193611946321
derived_vectors,change_density,stateful_event,tick_only,1024,100,16,6,813,1024,98304,1024,22.263,0,100,100,100,44917127.072,112786.929,0,0,0,36864,0,28672,65536,4,3534618193611946321
derived_vectors,change_density,tick_selective,tick_only,1024,100,16,6,813,1024,98304,1024,20713.776,20400,21400,29300,34200,48277.050,91771.475,0,0,0,45056,0,28672,73728,3,3534618193611946321
derived_vectors,change_density,stateless_full,frame_total,1024,100,16,7,813,1024,98304,1024,20779.459,20500,20700,29600,34600,48124.449,86246.664,0,0,0,24576,12288,0,36864,3,5278882568936563920
derived_vectors,change_density,stateful_event,frame_total,1024,100,16,7,813,1024,98304,1024,27743.665,27400,28400,36400,37400,36044.264,112531.264,0,0,0,36864,0,28672,65536,4,5278882568936563920
derived_vectors,change_density,tick_selective,frame_total,1024,100,16,7,813,1024,98304,1024,22571.341,21900,27700,32700,52000,44303.970,93325.529,0,0,0,45056,0,28672,73728,3,5278882568936563920
derived_vectors,change_density,stateless_full,tick_only,1024,100,16,7,813,1024,98304,1024,20230.258,19800,22700,29800,58200,49430.906,86619.897,0,0,0,24576,12288,0,36864,3,5278882568936563920
derived_vectors,change_density,stateful_event,tick_only,1024,100,16,7,813,1024,98304,1024,23.001,0,100,100,100,43475935.829,112876.972,0,0,0,36864,0,28672,65536,4,5278882568936563920
derived_vectors,change_density,tick_selective,tick_only,1024,100,16,7,813,1024,98304,1024,20881.796,20500,23600,30500,38800,47888.602,92187.164,0,0,0,45056,0,28672,73728,3,5278882568936563920
derived_vectors,change_density,stateless_full,frame_total,1024,100,16,8,813,1024,98304,1024,21273.432,20600,25200,31400,49200,47006.990,88664.756,0,0,0,24576,12288,0,36864,3,140695598267727685
derived_vectors,change_density,stateful_event,frame_total,1024,100,16,8,813,1024,98304,1024,28013.407,27500,30600,38300,58700,35697.193,114214.558,0,0,0,36864,0,28672,65536,4,140695598267727685
derived_vectors,change_density,tick_selective,frame_total,1024,100,16,8,813,1024,98304,1024,23051.784,22100,29600,36900,134700,43380.591,95166.974,1,0,0,45056,0,28672,73728,3,140695598267727685
derived_vectors,change_density,stateless_full,tick_only,1024,100,16,8,813,1024,98304,1024,20971.710,19900,26200,35100,55800,47683.284,91324.526,0,0,0,24576,12288,0,36864,3,140695598267727685
derived_vectors,change_density,stateful_event,tick_only,1024,100,16,8,813,1024,98304,1024,27.921,0,100,100,200,35814977.974,117088.000,0,0,0,36864,0,28672,65536,4,140695598267727685
derived_vectors,change_density,tick_selective,tick_only,1024,100,16,8,813,1024,98304,1024,22525.830,20500,30000,37600,480800,44393.480,100147.798,1,0,0,45056,0,28672,73728,3,140695598267727685
derived_vectors,change_density,stateless_full,frame_total,1024,100,16,9,813,1024,98304,1024,20978.352,20500,24500,31700,47500,47668.187,87331.843,0,0,0,24576,12288,0,36864,3,12246862656584621437
derived_vectors,change_density,stateful_event,frame_total,1024,100,16,9,813,1024,98304,1024,28018.204,27500,31300,38800,45100,35691.081,113749.417,0,0,0,36864,0,28672,65536,4,12246862656584621437
derived_vectors,change_density,tick_selective,frame_total,1024,100,16,9,813,1024,98304,1024,22365.806,21900,25200,33200,43700,44711.110,92446.558,0,0,0,45056,0,28672,73728,3,12246862656584621437
derived_vectors,change_density,stateless_full,tick_only,1024,100,16,9,813,1024,98304,1024,20158.303,19800,21000,29100,31400,49607.351,86292.379,0,0,0,24576,12288,0,36864,3,12246862656584621437
derived_vectors,change_density,stateful_event,tick_only,1024,100,16,9,813,1024,98304,1024,24.354,0,100,100,200,41060606.061,114429.165,0,0,0,36864,0,28672,65536,4,12246862656584621437
derived_vectors,change_density,tick_selective,tick_only,1024,100,16,9,813,1024,98304,1024,21318.819,20500,27500,32500,60200,46906.913,94931.836,0,0,0,45056,0,28672,73728,3,12246862656584621437
derived_vectors,change_density,stateless_full,frame_total,1024,100,16,10,813,1024,98304,1024,20852.030,20500,22300,30100,33200,47956.963,86504.191,0,0,0,24576,12288,0,36864,3,15136120486434459664
derived_vectors,change_density,stateful_event,frame_total,1024,100,16,10,813,1024,98304,1024,28092.620,27500,31300,37700,72800,35596.538,113828.733,0,0,0,36864,0,28672,65536,4,15136120486434459664
derived_vectors,change_density,tick_selective,frame_total,1024,100,16,10,813,1024,98304,1024,22613.776,22000,27600,33400,59600,44220.832,93177.635,0,0,0,45056,0,28672,73728,3,15136120486434459664
derived_vectors,change_density,stateless_full,tick_only,1024,100,16,10,813,1024,98304,1024,20328.536,19800,24100,29300,47400,49191.933,87657.488,0,0,0,24576,12288,0,36864,3,15136120486434459664
derived_vectors,change_density,stateful_event,tick_only,1024,100,16,10,813,1024,98304,1024,26.691,0,100,100,300,37465437.788,113916.431,0,0,0,36864,0,28672,65536,4,15136120486434459664
derived_vectors,change_density,tick_selective,tick_only,1024,100,16,10,813,1024,98304,1024,21258.057,20500,28300,33700,43700,47040.989,94739.154,0,0,0,45056,0,28672,73728,3,15136120486434459664
derived_vectors,change_density,stateless_full,frame_total,1024,100,16,11,813,1024,98304,1024,21059.779,20600,22700,32200,34800,47483.880,87788.127,0,0,0,24576,12288,0,36864,3,9906668586332034758
derived_vectors,change_density,stateful_event,frame_total,1024,100,16,11,813,1024,98304,1024,28124.477,27500,32000,39100,52100,35556.216,114382.974,0,0,0,36864,0,28672,65536,4,9906668586332034758
derived_vectors,change_density,tick_selective,frame_total,1024,100,16,11,813,1024,98304,1024,23018.819,22000,30300,35800,49700,43442.715,95642.386,0,0,0,45056,0,28672,73728,3,9906668586332034758
derived_vectors,change_density,stateless_full,tick_only,1024,100,16,11,813,1024,98304,1024,21743.419,19900,28300,35800,55300,45990.926,94741.491,0,0,0,24576,12288,0,36864,3,9906668586332034758
derived_vectors,change_density,stateful_event,tick_only,1024,100,16,11,813,1024,98304,1024,24.723,0,100,100,200,40447761.194,114492.141,0,0,0,36864,0,28672,65536,4,9906668586332034758
derived_vectors,change_density,tick_selective,tick_only,1024,100,16,11,813,1024,98304,1024,21334.563,20500,27800,33300,40200,46872.297,95250.023,0,0,0,45056,0,28672,73728,3,9906668586332034758
derived_vectors,change_density,stateless_full,frame_total,4096,0,16,1,203,0,393216,4096,85857.635,79700,111400,139000,163700,11647.188,323044.010,19,0,0,98304,49152,0,147456,3,15489628246936627867
derived_vectors,change_density,stateful_event,frame_total,4096,0,16,1,203,0,0,0,26.601,0,100,100,100,37592592.593,188.714,0,0,0,147456,0,0,147456,4,15489628246936627867
derived_vectors,change_density,tick_selective,frame_total,4096,0,16,1,203,0,0,0,4734.975,4600,4700,4900,18400,211194.340,17907.443,0,0,0,180224,0,0,180224,3,15489628246936627867
derived_vectors,change_density,stateless_full,tick_only,4096,0,16,1,203,0,393216,4096,82417.241,79500,94800,109000,160000,12133.384,309938.567,4,0,0,98304,49152,0,147456,3,15489628246936627867
derived_vectors,change_density,stateful_event,tick_only,4096,0,16,1,203,0,0,0,24.138,0,100,100,100,41428571.429,186.847,0,0,0,147456,0,0,147456,4,15489628246936627867
derived_vectors,change_density,tick_selective,tick_only,4096,0,16,1,203,0,0,0,4877.340,4600,7200,9600,15000,205029.795,18479.197,0,0,0,180224,0,0,180224,3,15489628246936627867
derived_vectors,change_density,stateless_full,frame_total,4096,0,16,2,203,0,393216,4096,83057.635,79600,97200,110300,112500,12039.832,312782.340,6,0,0,98304,49152,0,147456,3,15489628246936627867
derived_vectors,change_density,stateful_event,frame_total,4096,0,16,2,203,0,0,0,23.153,0,100,100,100,43191489.362,186.847,0,0,0,147456,0,0,147456,4,15489628246936627867
derived_vectors,change_density,tick_selective,frame_total,4096,0,16,2,203,0,0,0,4952.217,4600,7200,9100,15800,201929.772,18780.025,0,0,0,180224,0,0,180224,3,15489628246936627867
derived_vectors,change_density,stateless_full,tick_only,4096,0,16,2,203,0,393216,4096,82053.202,79500,95200,104200,122000,12187.215,308740.877,6,0,0,98304,49152,0,147456,3,15489628246936627867
derived_vectors,change_density,stateful_event,tick_only,4096,0,16,2,203,0,0,0,24.138,0,100,100,100,41428571.429,184.975,0,0,0,147456,0,0,147456,4,15489628246936627867
derived_vectors,change_density,tick_selective,tick_only,4096,0,16,2,203,0,0,0,4709.360,4600,4700,5100,15100,212343.096,17842.049,0,0,0,180224,0,0,180224,3,15489628246936627867
derived_vectors,change_density,stateless_full,frame_total,4096,0,16,3,203,0,393216,4096,81566.010,79300,92200,108600,122700,12260.009,307309.616,5,0,0,98304,49152,0,147456,3,15489628246936627867
derived_vectors,change_density,stateful_event,frame_total,4096,0,16,3,203,0,0,0,24.138,0,100,100,100,41428571.429,188.714,0,0,0,147456,0,0,147456,4,15489628246936627867
derived_vectors,change_density,tick_selective,frame_total,4096,0,16,3,203,0,0,0,4703.941,4600,4700,4700,19400,212587.706,17761.700,0,0,0,180224,0,0,180224,3,15489628246936627867
derived_vectors,change_density,stateless_full,tick_only,4096,0,16,3,203,0,393216,4096,88410.837,79600,108500,126700,131400,11310.831,332177.099,36,0,0,98304,49152,0,147456,3,15489628246936627867
derived_vectors,change_density,stateful_event,tick_only,4096,0,16,3,203,0,0,0,18.227,0,100,100,100,54864864.865,199.926,0,0,0,147456,0,0,147456,4,15489628246936627867
derived_vectors,change_density,tick_selective,tick_only,4096,0,16,3,203,0,0,0,5602.956,4900,8600,9600,22000,178477.229,21179.138,0,0,0,180224,0,0,180224,3,15489628246936627867
derived_vectors,change_density,stateless_full,frame_total,4096,0,16,4,203,0,393216,4096,86086.700,79900,100800,116000,121700,11616.196,323825.039,12,0,0,98304,49152,0,147456,3,15489628246936627867
derived_vectors,change_density,stateful_event,frame_total,4096,0,16,4,203,0,0,0,24.631,0,100,100,100,40600000.000,186.847,0,0,0,147456,0,0,147456,4,15489628246936627867
derived_vectors,change_density,tick_selective,frame_total,4096,0,16,4,203,0,0,0,5084.236,4700,7100,9300,25000,196686.368,19271.424,0,0,0,180224,0,0,180224,3,15489628246936627867
derived_vectors,change_density,stateless_full,tick_only,4096,0,16,4,203,0,393216,4096,81194.581,79500,90800,108100,119100,12316.093,306063.325,3,0,0,98304,49152,0,147456,3,15489628246936627867
derived_vectors,change_density,stateful_event,tick_only,4096,0,16,4,203,0,0,0,23.153,0,100,100,100,43191489.362,186.847,0,0,0,147456,0,0,147456,4,15489628246936627867
derived_vectors,change_density,tick_selective,tick_only,4096,0,16,4,203,0,0,0,4694.581,4600,4700,4800,17200,213011.542,17808.414,0,0,0,180224,0,0,180224,3,15489628246936627867
derived_vectors,change_density,stateless_full,frame_total,4096,0,16,5,203,0,393216,4096,81032.020,79500,89500,91900,117300,12340.801,304987.108,1,0,0,98304,49152,0,147456,3,15489628246936627867
derived_vectors,change_density,stateful_event,frame_total,4096,0,16,5,203,0,0,0,24.631,0,100,100,100,40600000.000,188.714,0,0,0,147456,0,0,147456,4,15489628246936627867
derived_vectors,change_density,tick_selective,frame_total,4096,0,16,5,203,0,0,0,4689.163,4600,4700,4700,15700,213257.695,17780.389,0,0,0,180224,0,0,180224,3,15489628246936627867
derived_vectors,change_density,stateless_full,tick_only,4096,0,16,5,203,0,393216,4096,80505.911,79200,89100,93300,101900,12421.448,303443.739,1,0,0,98304,49152,0,147456,3,15489628246936627867
derived_vectors,change_density,stateful_event,tick_only,4096,0,16,5,203,0,0,0,23.645,0,100,100,100,42291666.667,184.980,0,0,0,147456,0,0,147456,4,15489628246936627867
derived_vectors,change_density,tick_selective,tick_only,4096,0,16,5,203,0,0,0,4698.522,4600,4700,4700,14300,212832.879,17799.069,0,0,0,180224,0,0,180224,3,15489628246936627867
derived_vectors,change_density,stateless_full,frame_total,4096,0,16,6,203,0,393216,4096,81731.527,79300,93800,99200,121700,12235.181,307941.143,2,0,0,98304,49152,0,147456,3,15489628246936627867
derived_vectors,change_density,stateful_event,frame_total,4096,0,16,6,203,0,0,0,22.660,0,100,100,100,44130434.783,188.714,0,0,0,147456,0,0,147456,4,15489628246936627867
derived_vectors,change_density,tick_selective,frame_total,4096,0,16,6,203,0,0,0,4691.133,4600,4700,4700,15700,213168.119,17780.389,0,0,0,180224,0,0,180224,3,15489628246936627867
derived_vectors,change_density,stateless_full,tick_only,4096,0,16,6,203,0,393216,4096,83517.734,79400,96000,120100,134000,11973.505,313372.813,8,0,0,98304,49152,0,147456,3,15489628246936627867
derived_vectors,change_density,stateful_event,tick_only,4096,0,16,6,203,0,0,0,17.241,0,100,100,100,58000000.000,196.187,0,0,0,147456,0,0,147456,4,15489628246936627867
derived_vectors,change_density,tick_selective,tick_only,4096,0,16,6,203,0,0,0,6402.956,6200,6900,8200,28400,156177.874,24200.463,0,0,0,180224,0,0,180224,3,15489628246936627867
derived_vectors,change_density,stateless_full,frame_total,4096,0,16,7,203,0,393216,4096,90779.310,91600,113000,118200,123500,11015.726,340792.631,23,0,0,98304,49152,0,147456,3,15489628246936627867
derived_vectors,change_density,stateful_event,frame_total,4096,0,16,7,203,0,0,0,24.138,0,100,100,100,41428571.429,186.847,0,0,0,147456,0,0,147456,4,15489628246936627867
derived_vectors,change_density,tick_selective,frame_total,4096,0,16,7,203,0,0,0,4943.350,4600,7100,8400,24600,202291.978,18709.020,0,0,0,180224,0,0,180224,3,15489628246936627867
derived_vectors,change_density,stateless_full,tick_only,4096,0,16,7,203,0,393216,4096,82130.542,79300,93900,119800,124000,12175.738,308722.143,5,0,0,98304,49152,0,147456,3,15489628246936627867
derived_vectors,change_density,stateful_event,tick_only,4096,0,16,7,203,0,0,0,22.660,0,100,100,100,44130434.783,186.847,0,0,0,147456,0,0,147456,4,15489628246936627867
derived_vectors,change_density,tick_selective,tick_only,4096,0,16,7,203,0,0,0,4902.463,4600,6800,8200,21700,203979.100,18589.438,0,0,0,180224,0,0,180224,3,15489628246936627867
derived_vectors,change_density,stateless_full,frame_total,4096,0,16,8,203,0,393216,4096,80592.611,79200,90300,94000,94400,12408.085,303834.241,0,0,0,98304,49152,0,147456,3,15489628246936627867
derived_vectors,change_density,stateful_event,frame_total,4096,0,16,8,203,0,0,0,23.153,0,100,100,100,43191489.362,190.586,0,0,0,147456,0,0,147456,4,15489628246936627867
derived_vectors,change_density,tick_selective,frame_total,4096,0,16,8,203,0,0,0,4707.389,4600,4700,4700,15800,212431.980,17821.498,0,0,0,180224,0,0,180224,3,15489628246936627867
derived_vectors,change_density,stateless_full,tick_only,4096,0,16,8,203,0,393216,4096,81091.133,79300,92100,97000,101200,12331.805,305659.739,1,0,0,98304,49152,0,147456,3,15489628246936627867
derived_vectors,change_density,stateful_event,tick_only,4096,0,16,8,203,0,0,0,20.690,0,100,100,100,48333333.333,186.847,0,0,0,147456,0,0,147456,4,15489628246936627867
derived_vectors,change_density,tick_selective,tick_only,4096,0,16,8,203,0,0,0,4696.552,4600,4700,4700,16000,212922.173,17819.631,0,0,0,180224,0,0,180224,3,15489628246936627867
derived_vectors,change_density,stateless_full,frame_total,4096,0,16,9,203,0,393216,4096,80984.729,79200,90900,95000,120400,12348.007,305330.892,2,0,0,98304,49152,0,147456,3,15489628246936627867
derived_vectors,change_density,stateful_event,frame_total,4096,0,16,9,203,0,0,0,85.222,0,100,100,12600,11734104.046,319.507,0,0,0,147456,0,0,147456,4,15489628246936627867
derived_vectors,change_density,tick_selective,frame_total,4096,0,16,9,203,0,0,0,4681.281,4600,4700,4700,15400,213616.753,17851.389,0,0,0,180224,0,0,180224,3,15489628246936627867
derived_vectors,change_density,stateless_full,tick_only,4096,0,16,9,203,0,393216,4096,81034.975,79200,90300,96200,113300,12340.351,305403.773,2,0,0,98304,49152,0,147456,3,15489628246936627867
derived_vectors,change_density,stateful_event,tick_only,4096,0,16,9,203,0,0,0,23.153,0,100,100,100,43191489.362,186.847,0,0,0,147456,0,0,147456,4,15489628246936627867
derived_vectors,change_density,tick_selective,tick_only,4096,0,16,9,203,0,0,0,4677.833,4600,4700,4700,14300,213774.221,17759.837,0,0,0,180224,0,0,180224,3,15489628246936627867
derived_vectors,change_density,stateless_full,frame_total,4096,0,16,10,203,0,393216,4096,81402.463,79300,91800,95500,121700,12284.641,306691.143,2,0,0,98304,49152,0,147456,3,15489628246936627867
derived_vectors,change_density,stateful_event,frame_total,4096,0,16,10,203,0,0,0,24.138,0,100,100,100,41428571.429,188.719,0,0,0,147456,0,0,147456,4,15489628246936627867
derived_vectors,change_density,tick_selective,frame_total,4096,0,16,10,203,0,0,0,4705.419,4600,4700,4700,14900,212520.938,17817.759,0,0,0,180224,0,0,180224,3,15489628246936627867
derived_vectors,change_density,stateless_full,tick_only,4096,0,16,10,203,0,393216,4096,81352.217,79300,92100,105400,116400,12292.228,306384.729,3,0,0,98304,49152,0,147456,3,15489628246936627867
derived_vectors,change_density,stateful_event,tick_only,4096,0,16,10,203,0,0,0,22.660,0,100,100,100,44130434.783,186.847,0,0,0,147456,0,0,147456,4,15489628246936627867
derived_vectors,change_density,tick_selective,tick_only,4096,0,16,10,203,0,0,0,4763.547,4600,4700,7900,16200,209927.611,18073.739,0,0,0,180224,0,0,180224,3,15489628246936627867
derived_vectors,change_density,stateless_full,frame_total,4096,0,16,11,203,0,393216,4096,80709.852,79200,90200,94500,100800,12390.061,304209.828,1,0,0,98304,49152,0,147456,3,15489628246936627867
derived_vectors,change_density,stateful_event,frame_total,4096,0,16,11,203,0,0,0,24.138,0,100,100,100,41428571.429,188.719,0,0,0,147456,0,0,147456,4,15489628246936627867
derived_vectors,change_density,tick_selective,frame_total,4096,0,16,11,203,0,0,0,4698.522,4600,4700,4700,15100,212832.879,17804.680,0,0,0,180224,0,0,180224,3,15489628246936627867
derived_vectors,change_density,stateless_full,tick_only,4096,0,16,11,203,0,393216,4096,80918.719,79200,90600,93900,94700,12358.080,305013.276,0,0,0,98304,49152,0,147456,3,15489628246936627867
derived_vectors,change_density,stateful_event,tick_only,4096,0,16,11,203,0,0,0,24.138,0,100,100,100,41428571.429,184.975,0,0,0,147456,0,0,147456,4,15489628246936627867
derived_vectors,change_density,tick_selective,tick_only,4096,0,16,11,203,0,0,0,4864.532,4600,6600,8100,19100,205569.620,18449.305,0,0,0,180224,0,0,180224,3,15489628246936627867
derived_vectors,change_density,stateless_full,frame_total,4096,1,16,1,203,41,393216,4096,80668.966,79300,90100,91400,100500,12396.341,305603.709,1,0,0,98304,49152,0,147456,3,18184411556468870800
derived_vectors,change_density,stateful_event,frame_total,4096,1,16,1,203,41,3936,41,1121.675,1100,1200,1200,1200,891523.935,4663.709,0,0,0,147456,0,1148,148604,4,18184411556468870800
derived_vectors,change_density,tick_selective,frame_total,4096,1,16,1,203,41,3936,41,5516.256,5300,5500,9500,19900,181282.372,21280.039,0,0,0,180224,0,1148,181372,3,18184411556468870800
derived_vectors,change_density,stateless_full,tick_only,4096,1,16,1,203,41,393216,4096,80700.985,79300,90100,93000,97300,12391.422,305566.315,0,0,0,98304,49152,0,147456,3,18184411556468870800
derived_vectors,change_density,stateful_event,tick_only,4096,1,16,1,203,41,3936,41,21.675,0,100,100,100,46136363.636,4656.236,0,0,0,147456,0,1148,148604,4,18184411556468870800
derived_vectors,change_density,tick_selective,tick_only,4096,1,16,1,203,41,3936,41,5501.970,5300,5500,9700,25400,181753.067,21323.010,0,0,0,180224,0,1148,181372,3,18184411556468870800
derived_vectors,change_density,stateless_full,frame_total,4096,1,16,2,203,41,393216,4096,80733.005,79300,89400,98800,110000,12386.508,305390.690,2,0,0,98304,49152,0,147456,3,9449510227518850366
derived_vectors,change_density,stateful_event,frame_total,4096,1,16,2,203,41,3936,41,1214.778,1100,1400,1600,15400,823195.458,4966.404,0,0,0,147456,0,1148,148604,4,9449510227518850366
derived_vectors,change_density,tick_selective,frame_total,4096,1,16,2,203,41,3936,41,6795.567,7000,8500,9700,32900,147154.766,26633.212,0,0,0,180224,0,1148,181372,3,9449510227518850366
derived_vectors,change_density,stateless_full,tick_only,4096,1,16,2,203,41,393216,4096,82007.389,79200,93600,101200,117900,12194.023,310710.212,3,0,0,98304,49152,0,147456,3,9449510227518850366
derived_vectors,change_density,stateful_event,tick_only,4096,1,16,2,203,41,3936,41,23.645,0,100,100,100,42291666.667,4968.266,0,0,0,147456,0,1148,148604,4,9449510227518850366
derived_vectors,change_density,tick_selective,tick_only,4096,1,16,2,203,41,3936,41,7191.626,6900,7400,13100,26100,139050.620,28314.842,0,0,0,180224,0,1148,181372,3,9449510227518850366
derived_vectors,change_density,stateless_full,frame_total,4096,1,16,3,203,41,393216,4096,80345.320,79200,88600,90500,100300,12446.276,303862.261,1,0,0,98304,49152,0,147456,3,12660526087931508369
derived_vectors,change_density,stateful_event,frame_total,4096,1,16,3,203,41,3936,41,1124.138,1100,1200,1200,1200,889570.552,4667.443,0,0,0,147456,0,1148,148604,4,12660526087931508369
derived_vectors,change_density,tick_selective,frame_total,4096,1,16,3,203,41,3936,41,5660.099,5300,5400,16000,46100,176675.370,20956.788,0,0,0,180224,0,1148,181372,3,12660526087931508369
derived_vectors,change_density,stateless_full,tick_only,4096,1,16,3,203,41,393216,4096,80535.961,79200,88100,91800,107300,12416.813,304288.291,1,0,0,98304,49152,0,147456,3,12660526087931508369
derived_vectors,change_density,stateful_event,tick_only,4096,1,16,3,203,41,3936,41,20.690,0,100,100,100,48333333.333,4654.369,0,0,0,147456,0,1148,148604,4,12660526087931508369
derived_vectors,change_density,tick_selective,tick_only,4096,1,16,3,203,41,3936,41,5300.985,5300,5300,5400,14800,188644.178,20659.704,0,0,0,180224,0,1148,181372,3,12660526087931508369
derived_vectors,change_density,stateless_full,frame_total,4096,1,16,4,203,41,393216,4096,81514.286,79300,93900,105100,146400,12267.788,307356.315,4,0,0,98304,49152,0,147456,3,920794982700380543
derived_vectors,change_density,stateful_event,frame_total,4096,1,16,4,203,41,3936,41,1203.941,1100,1200,1200,14000,830605.565,4843.084,0,0,0,147456,0,1148,148604,4,920794982700380543
derived_vectors,change_density,tick_selective,frame_total,4096,1,16,4,203,41,3936,41,5360.099,5300,5400,5400,16300,186563.735,20657.837,0,0,0,180224,0,1148,181372,3,920794982700380543
derived_vectors,change_density,stateless_full,tick_only,4096,1,16,4,203,41,393216,4096,80309.852,79200,88600,93400,95200,12451.772,303808.079,0,0,0,98304,49152,0,147456,3,920794982700380543
derived_vectors,change_density,stateful_event,tick_only,4096,1,16,4,203,41,3936,41,23.153,0,100,100,100,43191489.362,4673.049,0,0,0,147456,0,1148,148604,4,920794982700380543
derived_vectors,change_density,tick_selective,tick_only,4096,1,16,4,203,41,3936,41,5338.424,5200,5300,6700,17200,187321.214,20766.207,0,0,0,180224,0,1148,181372,3,920794982700380543
derived_vectors,change_density,stateless_full,frame_total,4096,1,16,5,203,41,393216,4096,84196.059,79400,96900,117700,127500,11877.040,318348.552,6,0,0,98304,49152,0,147456,3,8733659938620966923
derived_vectors,change_density,stateful_event,frame_total,4096,1,16,5,203,41,3936,41,1122.660,1100,1200,1200,1300,890741.553,4680.527,0,0,0,147456,0,1148,148604,4,8733659938620966923
derived_vectors,change_density,tick_selective,frame_total,4096,1,16,5,203,41,3936,41,5392.611,5300,5400,5500,15700,185438.933,20738.177,0,0,0,180224,0,1148,181372,3,8733659938620966923
derived_vectors,change_density,stateless_full,tick_only,4096,1,16,5,203,41,393216,4096,81156.650,79300,93300,98900,102800,12321.849,307165.734,1,0,0,98304,49152,0,147456,3,8733659938620966923
derived_vectors,change_density,stateful_event,tick_only,4096,1,16,5,203,41,3936,41,21.675,0,100,100,100,46136363.636,4665.576,0,0,0,147456,0,1148,148604,4,8733659938620966923
derived_vectors,change_density,tick_selective,tick_only,4096,1,16,5,203,41,3936,41,5642.365,5300,7900,10000,30300,177230.662,21930.266,0,0,0,180224,0,1148,181372,3,8733659938620966923
derived_vectors,change_density,stateless_full,frame_total,4096,1,16,6,203,41,393216,4096,80681.773,79200,89400,94900,117400,12394.373,304919.813,2,0,0,98304,49152,0,147456,3,6278222121552909237
derived_vectors,change_density,stateful_event,frame_total,4096,1,16,6,203,41,3936,41,1170.443,1100,1200,1200,10800,854377.104,4766.478,0,0,0,147456,0,1148,148604,4,6278222121552909237
derived_vectors,change_density,tick_selective,frame_total,4096,1,16,6,203,41,3936,41,5500.493,5300,5700,9200,17600,181801.899,21194.084,0,0,0,180224,0,1148,181372,3,6278222121552909237
derived_vectors,change_density,stateless_full,tick_only,4096,1,16,6,203,41,393216,4096,80577.833,79200,89300,95700,100600,12410.361,304957.207,1,0,0,98304,49152,0,147456,3,6278222121552909237
derived_vectors,change_density,stateful_event,tick_only,4096,1,16,6,203,41,3936,41,21.675,0,100,100,100,46136363.636,4712.291,0,0,0,147456,0,1148,148604,4,6278222121552909237
derived_vectors,change_density,tick_selective,tick_only,4096,1,16,6,203,41,3936,41,5454.680,5300,5400,9600,23300,183328.818,21106.271,0,0,0,180224,0,1148,181372,3,6278222121552909237
derived_vectors,change_density,stateless_full,frame_total,4096,1,16,7,203,41,393216,4096,81876.355,79300,95100,100400,116400,12213.538,309533.084,3,0,0,98304,49152,0,147456,3,3457188788189849551
derived_vectors,change_density,stateful_event,frame_total,4096,1,16,7,203,41,3936,41,1226.108,1100,1200,1200,21100,815588.590,4940.241,0,0,0,147456,0,1148,148604,4,3457188788189849551
derived_vectors,change_density,tick_selective,frame_total,4096,1,16,7,203,41,3936,41,5481.281,5300,5500,9400,18700,182439.112,21296.857,0,0,0,180224,0,1148,181372,3,3457188788189849551
derived_vectors,change_density,stateless_full,tick_only,4096,1,16,7,203,41,393216,4096,81299.015,79200,93800,102800,110300,12300.272,307707.596,3,0,0,98304,49152,0,147456,3,3457188788189849551
derived_vectors,change_density,stateful_event,tick_only,4096,1,16,7,203,41,3936,41,22.660,0,100,100,100,44130434.783,4751.527,0,0,0,147456,0,1148,148604,4,3457188788189849551
derived_vectors,change_density,tick_selective,tick_only,4096,1,16,7,203,41,3936,41,5394.581,5300,5400,5600,19800,185371.199,20964.266,0,0,0,180224,0,1148,181372,3,3457188788189849551
derived_vectors,change_density,stateless_full,frame_total,4096,1,16,8,203,41,393216,4096,81140.887,79300,92700,99800,108900,12324.243,307053.626,2,0,0,98304,49152,0,147456,3,14098579169893314674
derived_vectors,change_density,stateful_event,frame_total,4096,1,16,8,203,41,3936,41,1122.167,1100,1200,1200,1200,891132.572,4667.443,0,0,0,147456,0,1148,148604,4,14098579169893314674
derived_vectors,change_density,tick_selective,frame_total,4096,1,16,8,203,41,3936,41,5383.251,5300,5400,5600,17000,185761.347,20783.025,0,0,0,180224,0,1148,181372,3,14098579169893314674
derived_vectors,change_density,stateless_full,tick_only,4096,1,16,8,203,41,393216,4096,95667.488,97100,117200,125000,135800,10452.872,362648.172,76,0,0,98304,49152,0,147456,3,14098579169893314674
derived_vectors,change_density,stateful_event,tick_only,4096,1,16,8,203,41,3936,41,23.153,0,100,100,100,43191489.362,4796.369,0,0,0,147456,0,1148,148604,4,14098579169893314674
derived_vectors,change_density,tick_selective,tick_only,4096,1,16,8,203,41,3936,41,5333.498,5300,5300,5400,17400,187494.227,20695.207,0,0,0,180224,0,1148,181372,3,14098579169893314674
derived_vectors,change_density,stateless_full,frame_total,4096,1,16,9,203,41,393216,4096,81213.793,79500,90600,97700,120100,12313.179,306640.709,2,0,0,98304,49152,0,147456,3,12132991422751527321
derived_vectors,change_density,stateful_event,frame_total,4096,1,16,9,203,41,3936,41,1126.108,1100,1200,1200,1200,888013.998,4674.916,0,0,0,147456,0,1148,148604,4,12132991422751527321
derived_vectors,change_density,tick_selective,frame_total,4096,1,16,9,203,41,3936,41,5405.911,5400,5400,5500,14200,184982.686,20839.079,0,0,0,180224,0,1148,181372,3,12132991422751527321
derived_vectors,change_density,stateless_full,tick_only,4096,1,16,9,203,41,393216,4096,80751.232,79500,88900,96400,117400,12383.712,305123.507,1,0,0,98304,49152,0,147456,3,12132991422751527321
derived_vectors,change_density,stateful_event,tick_only,4096,1,16,9,203,41,3936,41,23.645,0,100,100,100,42291666.667,4796.365,0,0,0,147456,0,1148,148604,4,12132991422751527321
derived_vectors,change_density,tick_selective,tick_only,4096,1,16,9,203,41,3936,41,5611.330,5200,8900,11100,14800,178210.868,22339.458,0,0,0,180224,0,1148,181372,3,12132991422751527321
derived_vectors,change_density,stateless_full,frame_total,4096,1,16,10,203,41,393216,4096,80945.813,79500,88400,97600,125000,12353.944,305588.739,2,0,0,98304,49152,0,147456,3,11152382690073694768
derived_vectors,change_density,stateful_event,frame_total,4096,1,16,10,203,41,3936,41,1126.108,1100,1200,1200,1200,888013.998,4663.704,0,0,0,147456,0,1148,148604,4,11152382690073694768
derived_vectors,change_density,tick_selective,frame_total,4096,1,16,10,203,41,3936,41,5630.542,5400,5500,9800,29400,177602.800,21605.153,0,0,0,180224,0,1148,181372,3,11152382690073694768
derived_vectors,change_density,stateless_full,tick_only,4096,1,16,10,203,41,393216,4096,80175.369,79200,87800,88600,103400,12472.658,302997.163,1,0,0,98304,49152,0,147456,3,11152382690073694768
derived_vectors,change_density,stateful_event,tick_only,4096,1,16,10,203,41,3936,41,25.616,0,100,100,100,39038461.538,4654.365,0,0,0,147456,0,1148,148604,4,11152382690073694768
derived_vectors,change_density,tick_selective,tick_only,4096,1,16,10,203,41,3936,41,5330.542,5300,5400,5400,15300,187598.189,20766.212,0,0,0,180224,0,1148,181372,3,11152382690073694768
derived_vectors,change_density,stateless_full,frame_total,4096,1,16,11,203,41,393216,4096,80243.350,79200,87600,92400,97900,12462.092,303213.921,0,0,0,98304,49152,0,147456,3,12542867388384562037
derived_vectors,change_density,stateful_event,frame_total,4096,1,16,11,203,41,3936,41,1123.153,1100,1200,1200,1200,890350.877,4669.315,0,0,0,147456,0,1148,148604,4,12542867388384562037
derived_vectors,change_density,tick_selective,frame_total,4096,1,16,11,203,41,3936,41,6133.498,5400,8600,10200,42100,163039.113,23458.680,0,0,0,180224,0,1148,181372,3,12542867388384562037
derived_vectors,change_density,stateless_full,tick_only,4096,1,16,11,203,41,393216,4096,81246.798,79200,93200,108800,115300,12308.177,307483.374,4,0,0,98304,49152,0,147456,3,12542867388384562037
derived_vectors,change_density,stateful_event,tick_only,4096,1,16,11,203,41,3936,41,24.138,0,100,100,100,41428571.429,4744.049,0,0,0,147456,0,1148,148604,4,12542867388384562037
derived_vectors,change_density,tick_selective,tick_only,4096,1,16,11,203,41,3936,41,5295.567,5200,5300,5400,15200,188837.209,20678.389,0,0,0,180224,0,1148,181372,3,12542867388384562037
derived_vectors,change_density,stateless_full,frame_total,4096,10,16,1,203,410,393216,4096,80591.133,79500,88300,92800,97800,12408.313,307563.714,0,0,0,98304,49152,0,147456,3,1787782954255230860
derived_vectors,change_density,stateful_event,frame_total,4096,10,16,1,203,410,39360,410,11166.995,11000,11100,18000,20500,89549.605,45351.576,0,0,0,147456,0,11480,158936,4,1787782954255230860
derived_vectors,change_density,tick_selective,frame_total,4096,10,16,1,203,410,39360,410,12724.138,12000,17200,19000,62900,78590.786,51259.685,0,0,0,180224,0,11480,191704,3,1787782954255230860
derived_vectors,change_density,stateless_full,tick_only,4096,10,16,1,203,410,393216,4096,80230.542,79200,87900,89900,93700,12464.081,307109.685,0,0,0,98304,49152,0,147456,3,1787782954255230860
derived_vectors,change_density,stateful_event,tick_only,4096,10,16,1,203,410,39360,410,24.138,0,100,100,100,41428571.429,45807.488,0,0,0,147456,0,11480,158936,4,1787782954255230860
derived_vectors,change_density,tick_selective,tick_only,4096,10,16,1,203,410,39360,410,11496.059,11400,11500,15000,20500,86986.331,49195.030,0,0,0,180224,0,11480,191704,3,1787782954255230860
derived_vectors,change_density,stateless_full,frame_total,4096,10,16,2,203,410,393216,4096,80528.571,79500,88700,93800,95500,12417.953,307483.379,0,0,0,98304,49152,0,147456,3,16930121337919153553
derived_vectors,change_density,stateful_event,frame_total,4096,10,16,2,203,410,39360,410,11197.044,11000,11100,20300,22700,89309.283,45443.128,0,0,0,147456,0,11480,158936,4,16930121337919153553
derived_vectors,change_density,tick_selective,frame_total,4096,10,16,2,203,410,39360,410,12218.719,12000,12100,21100,24400,81841.638,49204.365,0,0,0,180224,0,11480,191704,3,16930121337919153553
derived_vectors,change_density,stateless_full,tick_only,4096,10,16,2,203,410,393216,4096,81028.571,79200,90300,107800,120300,12341.326,310898.946,3,0,0,98304,49152,0,147456,3,16930121337919153553
derived_vectors,change_density,stateful_event,tick_only,4096,10,16,2,203,410,39360,410,17.241,0,100,100,100,58000000.000,45871.015,0,0,0,147456,0,11480,158936,4,16930121337919153553
derived_vectors,change_density,tick_selective,tick_only,4096,10,16,2,203,410,39360,410,12074.877,11400,16500,22600,46700,82816.580,51702.512,0,0,0,180224,0,11480,191704,3,16930121337919153553
derived_vectors,change_density,stateless_full,frame_total,4096,10,16,3,203,410,393216,4096,81513.300,79700,91600,101900,133000,12267.937,312064.882,3,0,0,98304,49152,0,147456,3,3407544320833768660
derived_vectors,change_density,stateful_event,frame_total,4096,10,16,3,203,410,39360,410,11245.813,11000,11100,21100,25000,88921.985,45478.631,0,0,0,147456,0,11480,158936,4,3407544320833768660
derived_vectors,change_density,tick_selective,frame_total,4096,10,16,3,203,410,39360,410,12532.512,12100,13000,23500,26500,79792.461,50579.562,0,0,0,180224,0,11480,191704,3,3407544320833768660
derived_vectors,change_density,stateless_full,tick_only,4096,10,16,3,203,410,393216,4096,80834.483,79300,89800,94200,99600,12370.958,311696.793,0,0,0,98304,49152,0,147456,3,3407544320833768660
derived_vectors,change_density,stateful_event,tick_only,4096,10,16,3,203,410,39360,410,20.690,0,100,100,100,48333333.333,46306.365,0,0,0,147456,0,11480,158936,4,3407544320833768660
derived_vectors,change_density,tick_selective,tick_only,4096,10,16,3,203,410,39360,410,11484.729,11400,11400,14800,24000,87072.145,49181.951,0,0,0,180224,0,11480,191704,3,3407544320833768660
derived_vectors,change_density,stateless_full,frame_total,4096,10,16,4,203,410,393216,4096,82109.852,79700,94100,102900,107000,12178.806,315235.670,5,0,0,98304,49152,0,147456,3,13859271867082801737
derived_vectors,change_density,stateful_event,frame_total,4096,10,16,4,203,410,39360,410,11291.626,11100,12400,14100,22000,88561.208,46270.867,0,0,0,147456,0,11480,158936,4,13859271867082801737
derived_vectors,change_density,tick_selective,frame_total,4096,10,16,4,203,410,39360,410,12464.039,12100,12600,23300,24100,80230.812,50536.591,0,0,0,180224,0,11480,191704,3,13859271867082801737
derived_vectors,change_density,stateless_full,tick_only,4096,10,16,4,203,410,393216,4096,86486.700,79700,104500,122500,128000,11562.472,336504.502,25,0,0,98304,49152,0,147456,3,13859271867082801737
derived_vectors,change_density,stateful_event,tick_only,4096,10,16,4,203,410,39360,410,26.108,0,100,100,100,38301886.792,46730.507,0,0,0,147456,0,11480,158936,4,13859271867082801737
derived_vectors,change_density,tick_selective,tick_only,4096,10,16,4,203,410,39360,410,11886.207,11400,12400,23100,28900,84131.129,51132.635,0,0,0,180224,0,11480,191704,3,13859271867082801737
derived_vectors,change_density,stateless_full,frame_total,4096,10,16,5,203,410,393216,4096,89750.739,87400,109000,127800,130700,11141.970,346287.808,24,0,0,98304,49152,0,147456,3,11394623748012723408
derived_vectors,change_density,stateful_event,frame_total,4096,10,16,5,203,410,39360,410,11789.655,11100,13900,21400,44600,84820.123,49295.921,0,0,0,147456,0,11480,158936,4,11394623748012723408
derived_vectors,change_density,tick_selective,frame_total,4096,10,16,5,203,410,39360,410,12243.350,12000,12300,22000,23200,81676.994,49721.931,0,0,0,180224,0,11480,191704,3,11394623748012723408
derived_vectors,change_density,stateless_full,tick_only,4096,10,16,5,203,410,393216,4096,82739.409,79500,96200,105900,145500,12086.139,319058.567,6,0,0,98304,49152,0,147456,3,11394623748012723408
derived_vectors,change_density,stateful_event,tick_only,4096,10,16,5,203,410,39360,410,27.094,0,100,100,200,36909090.909,45643.059,0,0,0,147456,0,11480,158936,4,11394623748012723408
derived_vectors,change_density,tick_selective,tick_only,4096,10,16,5,203,410,39360,410,14031.527,11600,17400,34300,46800,71268.080,61409.222,0,0,0,180224,0,11480,191704,3,11394623748012723408
derived_vectors,change_density,stateless_full,frame_total,4096,10,16,6,203,410,393216,4096,85005.419,79800,102100,116100,130100,11763.956,327793.665,15,0,0,98304,49152,0,147456,3,7324314433042245393
derived_vectors,change_density,stateful_event,frame_total,4096,10,16,6,203,410,39360,410,11178.818,11000,11200,15600,21400,89454.898,45594.478,0,0,0,147456,0,11480,158936,4,7324314433042245393
derived_vectors,change_density,tick_selective,frame_total,4096,10,16,6,203,410,39360,410,12682.266,12000,16800,22900,33200,78850.262,51089.650,0,0,0,180224,0,11480,191704,3,7324314433042245393
derived_vectors,change_density,stateless_full,tick_only,4096,10,16,6,203,410,393216,4096,81703.448,79300,92400,96800,102100,12239.385,315818.635,2,0,0,98304,49152,0,147456,3,7324314433042245393
derived_vectors,change_density,stateful_event,tick_only,4096,10,16,6,203,410,39360,410,20.197,0,100,100,100,49512195.122,45712.182,0,0,0,147456,0,11480,158936,4,7324314433042245393
derived_vectors,change_density,tick_selective,tick_only,4096,10,16,6,203,410,39360,410,13226.108,11600,17300,23000,38900,75608.030,57500.384,0,0,0,180224,0,11480,191704,3,7324314433042245393
derived_vectors,change_density,stateless_full,frame_total,4096,10,16,7,203,410,393216,4096,82179.803,79700,93300,100500,113800,12168.440,315444.931,3,0,0,98304,49152,0,147456,3,9944615322950574313
derived_vectors,change_density,stateful_event,frame_total,4096,10,16,7,203,410,39360,410,11173.399,11000,11200,11400,24200,89498.281,45615.030,0,0,0,147456,0,11480,158936,4,9944615322950574313
derived_vectors,change_density,tick_selective,frame_total,4096,10,16,7,203,410,39360,410,13037.438,12200,18500,26300,31100,76702.184,52638.621,0,0,0,180224,0,11480,191704,3,9944615322950574313
derived_vectors,change_density,stateless_full,tick_only,4096,10,16,7,203,410,393216,4096,82551.724,79300,95300,110900,132200,12113.617,318333.611,6,0,0,98304,49152,0,147456,3,9944615322950574313
derived_vectors,change_density,stateful_event,tick_only,4096,10,16,7,203,410,39360,410,26.108,0,100,100,100,38301886.792,46627.749,0,0,0,147456,0,11480,158936,4,9944615322950574313
derived_vectors,change_density,tick_selective,tick_only,4096,10,16,7,203,410,39360,410,14430.049,12300,19700,34200,47500,69299.833,61472.759,0,0,0,180224,0,11480,191704,3,9944615322950574313
derived_vectors,change_density,stateless_full,frame_total,4096,10,16,8,203,410,393216,4096,81502.463,79700,92500,97500,106600,12269.568,312418.005,1,0,0,98304,49152,0,147456,3,3191302678006811943
derived_vectors,change_density,stateful_event,frame_total,4096,10,16,8,203,410,39360,410,11168.966,11000,11300,13900,23100,89533.807,45955.099,0,0,0,147456,0,11480,158936,4,3191302678006811943
derived_vectors,change_density,tick_selective,frame_total,4096,10,16,8,203,410,39360,410,12719.212,12200,18400,22600,24700,78621.224,51536.227,0,0,0,180224,0,11480,191704,3,3191302678006811943
derived_vectors,change_density,stateless_full,tick_only,4096,10,16,8,203,410,393216,4096,80971.429,79200,89600,97500,124000,12350.035,312158.286,1,0,0,98304,49152,0,147456,3,3191302678006811943
derived_vectors,change_density,stateful_event,tick_only,4096,10,16,8,203,410,39360,410,26.601,0,100,100,100,37592592.593,46084.015,0,0,0,147456,0,11480,158936,4,3191302678006811943
derived_vectors,change_density,tick_selective,tick_only,4096,10,16,8,203,410,39360,410,12428.571,11400,18600,25600,27200,80459.770,52918.887,0,0,0,180224,0,11480,191704,3,3191302678006811943
derived_vectors,change_density,stateless_full,frame_total,4096,10,16,9,203,410,393216,4096,86270.443,80200,102200,118500,121400,11591.455,330544.064,15,0,0,98304,49152,0,147456,3,6652830344286987503
derived_vectors,change_density,stateful_event,frame_total,4096,10,16,9,203,410,39360,410,11899.015,11100,12800,34900,70400,84040.571,47149.049,0,0,0,147456,0,11480,158936,4,6652830344286987503
derived_vectors,change_density,tick_selective,frame_total,4096,10,16,9,203,410,39360,410,15268.966,12200,24400,27200,34500,65492.322,61588.606,0,0,0,180224,0,11480,191704,3,6652830344286987503
derived_vectors,change_density,stateless_full,tick_only,4096,10,16,9,203,410,393216,4096,86631.034,79300,106900,201200,251300,11543.207,332317.256,16,0,0,98304,49152,0,147456,3,6652830344286987503
derived_vectors,change_density,stateful_event,tick_only,4096,10,16,9,203,410,39360,410,19.212,0,100,100,100,52051282.051,45437.522,0,0,0,147456,0,11480,158936,4,6652830344286987503
derived_vectors,change_density,tick_selective,tick_only,4096,10,16,9,203,410,39360,410,11812.315,11400,15100,21200,25800,84657.409,50269.394,0,0,0,180224,0,11480,191704,3,6652830344286987503
derived_vectors,change_density,stateless_full,frame_total,4096,10,16,10,203,410,393216,4096,85319.212,79700,100600,199900,262300,11720.690,326410.995,11,0,0,98304,49152,0,147456,3,670601606090329594
derived_vectors,change_density,stateful_event,frame_total,4096,10,16,10,203,410,39360,410,11622.660,11100,12300,23000,52500,86038.823,47337.764,0,0,0,147456,0,11480,158936,4,670601606090329594
derived_vectors,change_density,tick_selective,frame_total,4096,10,16,10,203,410,39360,410,16646.305,16000,17700,33400,41100,60073.390,67810.616,0,0,0,180224,0,11480,191704,3,670601606090329594
derived_vectors,change_density,stateless_full,tick_only,4096,10,16,10,203,410,393216,4096,84963.054,79600,101300,119300,180500,11769.822,328548.532,13,0,0,98304,49152,0,147456,3,670601606090329594
derived_vectors,change_density,stateful_event,tick_only,4096,10,16,10,203,410,39360,410,27.586,0,100,100,100,36250000.000,49153.921,0,0,0,147456,0,11480,158936,4,670601606090329594
derived_vectors,change_density,tick_selective,tick_only,4096,10,16,10,203,410,39360,410,12833.990,11500,18400,23100,37800,77918.090,55602.015,0,0,0,180224,0,11480,191704,3,670601606090329594
derived_vectors,change_density,stateless_full,frame_total,4096,10,16,11,203,410,393216,4096,87187.685,80200,103600,117700,122900,11469.510,335622.576,16,0,0,98304,49152,0,147456,3,5176032641035790802
derived_vectors,change_density,stateful_event,frame_total,4096,10,16,11,203,410,39360,410,11464.039,11100,11900,22900,32100,87229.288,46571.690,0,0,0,147456,0,11480,158936,4,5176032641035790802
derived_vectors,change_density,tick_selective,frame_total,4096,10,16,11,203,410,39360,410,12611.823,12100,15500,23600,29800,79290.680,51143.842,0,0,0,180224,0,11480,191704,3,5176032641035790802
derived_vectors,change_density,stateless_full,tick_only,4096,10,16,11,203,410,393216,4096,92983.744,91500,124200,173900,227000,10754.568,356351.433,41,0,0,98304,49152,0,147456,3,5176032641035790802
derived_vectors,change_density,stateful_event,tick_only,4096,10,16,11,203,410,39360,410,26.601,0,100,100,100,37592592.593,47341.507,0,0,0,147456,0,11480,158936,4,5176032641035790802
derived_vectors,change_density,tick_selective,tick_only,4096,10,16,11,203,410,39360,410,12150.246,11500,14500,24100,34100,82302.858,53765.315,0,0,0,180224,0,11480,191704,3,5176032641035790802
derived_vectors,change_density,stateless_full,frame_total,4096,100,16,1,203,4096,393216,4096,88211.330,83100,109400,119700,141100,11336.412,372156.813,24,0,0,98304,49152,0,147456,3,13021915484726641632
derived_vectors,change_density,stateful_event,frame_total,4096,100,16,1,203,4096,393216,4096,116688.670,113700,135200,148300,154000,8569.812,492277.212,203,0,0,147456,0,114688,262144,4,13021915484726641632
derived_vectors,change_density,tick_selective,frame_total,4096,100,16,1,203,4096,393216,4096,110418.719,100300,138000,167900,1188100,9056.435,467306.961,102,1,0,180224,0,114688,294912,3,13021915484726641632
derived_vectors,change_density,stateless_full,tick_only,4096,100,16,1,203,4096,393216,4096,84453.202,79600,102500,128800,137100,11840.877,369684.852,12,0,0,98304,49152,0,147456,3,13021915484726641632
derived_vectors,change_density,stateful_event,tick_only,4096,100,16,1,203,4096,393216,4096,36.453,0,100,200,200,27432432.432,479005.453,0,0,0,147456,0,114688,262144,4,13021915484726641632
derived_vectors,change_density,tick_selective,tick_only,4096,100,16,1,203,4096,393216,4096,96119.704,90900,125000,140900,184400,10403.694,442390.847,79,0,0,180224,0,114688,294912,3,13021915484726641632
derived_vectors,change_density,stateless_full,frame_total,4096,100,16,2,203,4096,393216,4096,101951.724,101100,125300,135600,138500,9808.564,438080.296,125,0,0,98304,49152,0,147456,3,12352486090609578771
derived_vectors,change_density,stateful_event,frame_total,4096,100,16,2,203,4096,393216,4096,114857.143,111500,132100,138800,142700,8706.468,478870.951,203,0,0,147456,0,114688,262144,4,12352486090609578771
derived_vectors,change_density,tick_selective,frame_total,4096,100,16,2,203,4096,393216,4096,95811.823,89200,119700,139900,161600,10437.125,399087.138,49,0,0,180224,0,114688,294912,3,12352486090609578771
derived_vectors,change_density,stateless_full,tick_only,4096,100,16,2,203,4096,393216,4096,82694.089,79700,94900,110000,117900,12092.763,359761.399,5,0,0,98304,49152,0,147456,3,12352486090609578771
derived_vectors,change_density,stateful_event,tick_only,4096,100,16,2,203,4096,393216,4096,26.108,0,100,100,200,38301886.792,475730.034,0,0,0,147456,0,114688,262144,4,12352486090609578771
derived_vectors,change_density,tick_selective,tick_only,4096,100,16,2,203,4096,393216,4096,87836.453,82200,111600,132500,138700,11384.795,397325.153,26,0,0,180224,0,114688,294912,3,12352486090609578771
derived_vectors,change_density,stateless_full,frame_total,4096,100,16,3,203,4096,393216,4096,86112.808,82300,98900,113300,225100,11612.674,358728.113,7,0,0,98304,49152,0,147456,3,11291265605142667892
derived_vectors,change_density,stateful_event,frame_total,4096,100,16,3,203,4096,393216,4096,112921.675,110400,122000,137000,169700,8855.696,462529.266,203,0,0,147456,0,114688,262144,4,11291265605142667892
derived_vectors,change_density,tick_selective,frame_total,4096,100,16,3,203,4096,393216,4096,90986.207,88700,101800,106400,111400,10990.677,378190.128,17,0,0,180224,0,114688,294912,3,11291265605142667892
derived_vectors,change_density,stateless_full,tick_only,4096,100,16,3,203,4096,393216,4096,83076.355,79300,97900,117300,134000,12037.119,362242.700,7,0,0,98304,49152,0,147456,3,11291265605142667892
derived_vectors,change_density,stateful_event,tick_only,4096,100,16,3,203,4096,393216,4096,38.424,0,100,200,500,26025641.026,471124.232,0,0,0,147456,0,114688,262144,4,11291265605142667892
derived_vectors,change_density,tick_selective,tick_only,4096,100,16,3,203,4096,393216,4096,85478.818,81800,101800,109200,170900,11698.805,386379.660,14,0,0,180224,0,114688,294912,3,11291265605142667892
derived_vectors,change_density,stateless_full,frame_total,4096,100,16,4,203,4096,393216,4096,85545.813,82100,102500,134400,164100,11689.643,354600.640,12,0,0,98304,49152,0,147456,3,8612052056802935145
derived_vectors,change_density,stateful_event,frame_total,4096,100,16,4,203,4096,393216,4096,112974.384,110400,124800,132300,144800,8851.564,462736.655,203,0,0,147456,0,114688,262144,4,8612052056802935145
derived_vectors,change_density,tick_selective,frame_total,4096,100,16,4,203,4096,393216,4096,92471.921,88500,115500,133100,169900,10814.093,382536.207,21,0,0,180224,0,114688,294912,3,8612052056802935145
derived_vectors,change_density,stateless_full,tick_only,4096,100,16,4,203,4096,393216,4096,84605.419,79300,99300,198600,218900,11819.574,368122.773,9,0,0,98304,49152,0,147456,3,8612052056802935145
derived_vectors,change_density,stateful_event,tick_only,4096,100,16,4,203,4096,393216,4096,29.557,0,100,100,200,33833333.333,478835.399,0,0,0,147456,0,114688,262144,4,8612052056802935145
derived_vectors,change_density,tick_selective,tick_only,4096,100,16,4,203,4096,393216,4096,87565.025,81800,102900,233400,412500,11420.085,392134.532,16,0,0,180224,0,114688,294912,3,8612052056802935145
derived_vectors,change_density,stateless_full,frame_total,4096,100,16,5,203,4096,393216,4096,83401.970,81800,91300,99900,115300,11990.124,346093.498,2,0,0,98304,49152,0,147456,3,18424797389996123833
derived_vectors,change_density,stateful_event,frame_total,4096,100,16,5,203,4096,393216,4096,111636.946,110000,120400,125500,141100,8957.608,453114.005,203,0,0,147456,0,114688,262144,4,18424797389996123833
derived_vectors,change_density,tick_selective,frame_total,4096,100,16,5,203,4096,393216,4096,90286.700,88400,99900,108400,127000,11075.829,373360.138,10,0,0,180224,0,114688,294912,3,18424797389996123833
derived_vectors,change_density,stateless_full,tick_only,4096,100,16,5,203,4096,393216,4096,80478.818,79200,89400,95700,97000,12425.630,345897.320,0,0,0,98304,49152,0,147456,3,18424797389996123833
derived_vectors,change_density,stateful_event,tick_only,4096,100,16,5,203,4096,393216,4096,24.138,0,100,100,100,41428571.429,452772.099,0,0,0,147456,0,114688,262144,4,18424797389996123833
derived_vectors,change_density,tick_selective,tick_only,4096,100,16,5,203,4096,393216,4096,82995.074,81700,90900,94800,97900,12048.908,370559.291,0,0,0,180224,0,114688,294912,3,18424797389996123833
derived_vectors,change_density,stateless_full,frame_total,4096,100,16,6,203,4096,393216,4096,84001.970,82100,93900,100900,122300,11904.483,350312.532,4,0,0,98304,49152,0,147456,3,5475985322846478379
derived_vectors,change_density,stateful_event,frame_total,4096,100,16,6,203,4096,393216,4096,113634.483,111000,127300,135300,140800,8800.146,466361.517,203,0,0,147456,0,114688,262144,4,5475985322846478379
derived_vectors,change_density,tick_selective,frame_total,4096,100,16,6,203,4096,393216,4096,97026.108,90800,121400,137200,148800,10306.504,407788.611,60,0,0,180224,0,114688,294912,3,5475985322846478379
derived_vectors,change_density,stateless_full,tick_only,4096,100,16,6,203,4096,393216,4096,87885.222,79400,106000,121200,129700,11378.477,387454.020,41,0,0,98304,49152,0,147456,3,5475985322846478379
derived_vectors,change_density,stateful_event,tick_only,4096,100,16,6,203,4096,393216,4096,37.931,0,100,200,200,26363636.364,485048.103,0,0,0,147456,0,114688,262144,4,5475985322846478379
derived_vectors,change_density,tick_selective,tick_only,4096,100,16,6,203,4096,393216,4096,91118.227,82500,116600,138300,172900,10974.753,412095.458,44,0,0,180224,0,114688,294912,3,5475985322846478379
derived_vectors,change_density,stateless_full,frame_total,4096,100,16,7,203,4096,393216,4096,90738.424,86200,106500,120300,134900,11020.690,385733.133,31,0,0,98304,49152,0,147456,3,1712763779089868735
derived_vectors,change_density,stateful_event,frame_total,4096,100,16,7,203,4096,393216,4096,115594.581,112200,135700,143600,152400,8650.925,483491.635,203,0,0,147456,0,114688,262144,4,1712763779089868735
derived_vectors,change_density,tick_selective,frame_total,4096,100,16,7,203,4096,393216,4096,93932.020,89100,116500,122900,127300,10645.997,404916.768,37,0,0,180224,0,114688,294912,3,1712763779089868735
derived_vectors,change_density,stateless_full,tick_only,4096,100,16,7,203,4096,393216,4096,81761.576,79500,93000,100700,112700,12230.684,367272.655,3,0,0,98304,49152,0,147456,3,1712763779089868735
derived_vectors,change_density,stateful_event,tick_only,4096,100,16,7,203,4096,393216,4096,37.931,0,100,200,200,26363636.364,492764.887,0,0,0,147456,0,114688,262144,4,1712763779089868735
derived_vectors,change_density,tick_selective,tick_only,4096,100,16,7,203,4096,393216,4096,84261.084,81900,97600,103100,114400,11867.875,382078.409,6,0,0,180224,0,114688,294912,3,1712763779089868735
derived_vectors,change_density,stateless_full,frame_total,4096,100,16,8,203,4096,393216,4096,95478.818,97300,120800,129700,143900,10473.527,413629.448,93,0,0,98304,49152,0,147456,3,10556538368520166338
derived_vectors,change_density,stateful_event,frame_total,4096,100,16,8,203,4096,393216,4096,115125.123,111900,132500,139500,148000,8686.201,478887.724,203,0,0,147456,0,114688,262144,4,10556538368520166338
derived_vectors,change_density,tick_selective,frame_total,4096,100,16,8,203,4096,393216,4096,104735.468,96200,133500,188500,243400,9547.864,442058.266,92,0,0,180224,0,114688,294912,3,10556538368520166338
derived_vectors,change_density,stateless_full,tick_only,4096,100,16,8,203,4096,393216,4096,81656.650,79600,91800,97800,106100,12246.400,353414.177,2,0,0,98304,49152,0,147456,3,10556538368520166338
derived_vectors,change_density,stateful_event,tick_only,4096,100,16,8,203,4096,393216,4096,31.527,0,100,100,300,31718750.000,472585.389,0,0,0,147456,0,114688,262144,4,10556538368520166338
derived_vectors,change_density,tick_selective,tick_only,4096,100,16,8,203,4096,393216,4096,84966.010,82000,101200,112600,129000,11769.412,389273.897,14,0,0,180224,0,114688,294912,3,10556538368520166338
derived_vectors,change_density,stateless_full,frame_total,4096,100,16,9,203,4096,393216,4096,92725.616,89100,113500,130200,133500,10784.506,403354.744,48,0,0,98304,49152,0,147456,3,17857917452933997093
derived_vectors,change_density,stateful_event,frame_total,4096,100,16,9,203,4096,393216,4096,120499.507,114300,147400,181500,308500,8298.789,518172.399,203,0,0,147456,0,114688,262144,4,17857917452933997093
derived_vectors,change_density,tick_selective,frame_total,4096,100,16,9,203,4096,393216,4096,121013.793,117800,162400,241900,604000,8263.521,500281.749,156,0,0,180224,0,114688,294912,3,17857917452933997093
derived_vectors,change_density,stateless_full,tick_only,4096,100,16,9,203,4096,393216,4096,94316.256,94800,118700,129400,166000,10602.626,422314.128,57,0,0,98304,49152,0,147456,3,17857917452933997093
derived_vectors,change_density,stateful_event,tick_only,4096,100,16,9,203,4096,393216,4096,41.872,0,100,200,300,23882352.941,504095.315,0,0,0,147456,0,114688,262144,4,17857917452933997093
derived_vectors,change_density,tick_selective,tick_only,4096,100,16,9,203,4096,393216,4096,84667.980,81700,98600,107500,131500,11810.840,389460.759,10,0,0,180224,0,114688,294912,3,17857917452933997093
derived_vectors,change_density,stateless_full,frame_total,4096,100,16,10,203,4096,393216,4096,95427.094,95500,119500,138000,167500,10479.204,414840.217,51,0,0,98304,49152,0,147456,3,2162444378035231989
derived_vectors,change_density,stateful_event,frame_total,4096,100,16,10,203,4096,393216,4096,120043.842,116500,141400,156600,172800,8330.290,554930.872,203,0,0,147456,0,114688,262144,4,2162444378035231989
derived_vectors,change_density,tick_selective,frame_total,4096,100,16,10,203,4096,393216,4096,95967.488,89000,124000,142700,151900,10420.196,402185.054,48,0,0,180224,0,114688,294912,3,2162444378035231989
derived_vectors,change_density,stateless_full,tick_only,4096,100,16,10,203,4096,393216,4096,84731.527,79700,104100,129100,137300,11801.983,373576.862,16,0,0,98304,49152,0,147456,3,2162444378035231989
derived_vectors,change_density,stateful_event,tick_only,4096,100,16,10,203,4096,393216,4096,31.034,0,100,100,200,32222222.222,471638.064,0,0,0,147456,0,114688,262144,4,2162444378035231989
derived_vectors,change_density,tick_selective,tick_only,4096,100,16,10,203,4096,393216,4096,87799.507,81900,107300,124300,134300,11389.586,397687.645,37,0,0,180224,0,114688,294912,3,2162444378035231989
derived_vectors,change_density,stateless_full,frame_total,4096,100,16,11,203,4096,393216,4096,83979.310,82300,93500,100000,109500,11907.695,350471.335,2,0,0,98304,49152,0,147456,3,6544297696915693159
derived_vectors,change_density,stateful_event,frame_total,4096,100,16,11,203,4096,393216,4096,114386.700,111500,132500,143700,165300,8742.275,476795.044,203,0,0,147456,0,114688,262144,4,6544297696915693159
derived_vectors,change_density,tick_selective,frame_total,4096,100,16,11,203,4096,393216,4096,91487.192,88500,106700,113600,141700,10930.492,379938.995,27,0,0,180224,0,114688,294912,3,6544297696915693159
derived_vectors,change_density,stateless_full,tick_only,4096,100,16,11,203,4096,393216,4096,80983.744,79300,90600,96200,99700,12348.157,349047.562,0,0,0,98304,49152,0,147456,3,6544297696915693159
derived_vectors,change_density,stateful_event,tick_only,4096,100,16,11,203,4096,393216,4096,24.138,0,100,100,100,41428571.429,457353.601,0,0,0,147456,0,114688,262144,4,6544297696915693159
derived_vectors,change_density,tick_selective,tick_only,4096,100,16,11,203,4096,393216,4096,82908.867,81700,90900,97700,117700,12061.436,369436.315,1,0,0,180224,0,114688,294912,3,6544297696915693159
derived_vectors,arithmetic_calibration,stateless_full,frame_total,4096,100,1,1,1220,4096,24576,4096,12219.426,12000,12400,20800,27600,81836.903,77401.140,0,0,0,98304,49152,0,147456,3,9794959192477815774
derived_vectors,arithmetic_calibration,stateful_event,frame_total,4096,100,1,1,1220,4096,24576,4096,26567.541,25800,30300,39400,56500,37639.916,133511.112,0,0,0,147456,0,114688,262144,4,9794959192477815774
derived_vectors,arithmetic_calibration,tick_selective,frame_total,4096,100,1,1,1220,4096,24576,4096,24654.590,21200,35300,51900,119900,40560.398,131919.607,1,0,0,180224,0,114688,294912,3,9794959192477815774
derived_vectors,arithmetic_calibration,stateless_full,tick_only,4096,100,1,1,1220,4096,24576,4096,9693.279,9500,10200,16300,29300,103164.268,79981.312,0,0,0,98304,49152,0,147456,3,9794959192477815774
derived_vectors,arithmetic_calibration,stateful_event,tick_only,4096,100,1,1,1220,4096,24576,4096,26.803,0,100,100,300,37308868.502,142733.080,0,0,0,147456,0,114688,262144,4,9794959192477815774
derived_vectors,arithmetic_calibration,tick_selective,tick_only,4096,100,1,1,1220,4096,24576,4096,14747.787,14400,17300,23500,31000,67806.784,116451.317,0,0,0,180224,0,114688,294912,3,9794959192477815774
derived_vectors,arithmetic_calibration,stateless_full,frame_total,4096,100,1,2,1220,4096,24576,4096,12292.131,12000,12600,21300,31400,81352.858,77958.274,0,0,0,98304,49152,0,147456,3,11027514496313070079
derived_vectors,arithmetic_calibration,stateful_event,frame_total,4096,100,1,2,1220,4096,24576,4096,26282.787,25700,29100,36200,50900,38047.716,131210.127,0,0,0,147456,0,114688,262144,4,11027514496313070079
derived_vectors,arithmetic_calibration,tick_selective,frame_total,4096,100,1,2,1220,4096,24576,4096,22382.377,21000,30300,36400,211700,44678.007,117897.940,1,0,0,180224,0,114688,294912,3,11027514496313070079
derived_vectors,arithmetic_calibration,stateless_full,tick_only,4096,100,1,2,1220,4096,24576,4096,9765.164,9400,10500,18000,37700,102404.835,79638.700,0,0,0,98304,49152,0,147456,3,11027514496313070079
derived_vectors,arithmetic_calibration,stateful_event,tick_only,4096,100,1,2,1220,4096,24576,4096,29.426,0,100,100,400,33983286.908,135904.123,0,0,0,147456,0,114688,262144,4,11027514496313070079
derived_vectors,arithmetic_calibration,tick_selective,tick_only,4096,100,1,2,1220,4096,24576,4096,15705.328,14500,23000,32000,62100,63672.660,121611.974,0,0,0,180224,0,114688,294912,3,11027514496313070079
derived_vectors,arithmetic_calibration,stateless_full,frame_total,4096,100,1,3,1220,4096,24576,4096,13160.738,12100,19100,23600,30300,75983.583,85146.627,0,0,0,98304,49152,0,147456,3,14351896522715454127
derived_vectors,arithmetic_calibration,stateful_event,frame_total,4096,100,1,3,1220,4096,24576,4096,26713.689,26000,31100,39000,45100,37433.992,135774.793,0,0,0,147456,0,114688,262144,4,14351896522715454127
derived_vectors,arithmetic_calibration,tick_selective,frame_total,4096,100,1,3,1220,4096,24576,4096,22543.361,21600,30800,39000,51300,44358.959,119663.864,0,0,0,180224,0,114688,294912,3,14351896522715454127
derived_vectors,arithmetic_calibration,stateless_full,tick_only,4096,100,1,3,1220,4096,24576,4096,9722.459,9400,10400,18800,26100,102854.638,79153.693,0,0,0,98304,49152,0,147456,3,14351896522715454127
derived_vectors,arithmetic_calibration,stateful_event,tick_only,4096,100,1,3,1220,4096,24576,4096,27.213,0,100,100,300,36746987.952,134532.431,0,0,0,147456,0,114688,262144,4,14351896522715454127
derived_vectors,arithmetic_calibration,tick_selective,tick_only,4096,100,1,3,1220,4096,24576,4096,15114.262,14500,19000,27300,51100,66162.673,116533.397,0,0,0,180224,0,114688,294912,3,14351896522715454127
derived_vectors,arithmetic_calibration,stateless_full,frame_total,4096,100,1,4,1220,4096,24576,4096,13890.410,12400,19700,25400,46600,71992.116,90520.257,0,0,0,98304,49152,0,147456,3,18299273187425313825
derived_vectors,arithmetic_calibration,stateful_event,frame_total,4096,100,1,4,1220,4096,24576,4096,27797.623,26600,32500,48200,65400,35974.299,148601.334,0,0,0,147456,0,114688,262144,4,18299273187425313825
derived_vectors,arithmetic_calibration,tick_selective,frame_total,4096,100,1,4,1220,4096,24576,4096,24777.295,22200,35600,48300,82500,40359.531,134471.486,0,0,0,180224,0,114688,294912,3,18299273187425313825
derived_vectors,arithmetic_calibration,stateless_full,tick_only,4096,100,1,4,1220,4096,24576,4096,10583.525,9600,13700,20100,39800,94486.481,90284.593,0,0,0,98304,49152,0,147456,3,18299273187425313825
derived_vectors,arithmetic_calibration,stateful_event,tick_only,4096,100,1,4,1220,4096,24576,4096,29.508,0,100,200,200,33888888.889,146723.811,0,0,0,147456,0,114688,262144,4,18299273187425313825
derived_vectors,arithmetic_calibration,tick_selective,tick_only,4096,100,1,4,1220,4096,24576,4096,17837.131,14600,26900,35500,58700,56062.827,139227.043,0,0,0,180224,0,114688,294912,3,18299273187425313825
derived_vectors,arithmetic_calibration,stateless_full,frame_total,4096,100,1,5,1220,4096,24576,4096,14266.393,12600,22400,27100,54000,70094.800,92371.674,0,0,0,98304,49152,0,147456,3,4496580474946292967
derived_vectors,arithmetic_calibration,stateful_event,frame_total,4096,100,1,5,1220,4096,24576,4096,27299.672,26100,31400,44800,57500,36630.477,142601.879,0,0,0,147456,0,114688,262144,4,4496580474946292967
derived_vectors,arithmetic_calibration,tick_selective,frame_total,4096,100,1,5,1220,4096,24576,4096,23943.525,21500,35600,47500,65100,41764.946,127429.256,0,0,0,180224,0,114688,294912,3,4496580474946292967
derived_vectors,arithmetic_calibration,stateless_full,tick_only,4096,100,1,5,1220,4096,24576,4096,10503.770,9500,15800,25500,47000,95203.908,87385.432,0,0,0,98304,49152,0,147456,3,4496580474946292967
derived_vectors,arithmetic_calibration,stateful_event,tick_only,4096,100,1,5,1220,4096,24576,4096,29.098,0,100,100,200,34366197.183,140703.515,0,0,0,147456,0,114688,262144,4,4496580474946292967
derived_vectors,arithmetic_calibration,tick_selective,tick_only,4096,100,1,5,1220,4096,24576,4096,16652.951,14500,26100,30300,60800,60049.418,129644.429,0,0,0,180224,0,114688,294912,3,4496580474946292967
derived_vectors,arithmetic_calibration,stateless_full,frame_total,4096,100,1,6,1220,4096,24576,4096,15548.033,13700,24300,35900,62100,64316.818,100118.412,0,0,0,98304,49152,0,147456,3,13052125640474873123
derived_vectors,arithmetic_calibration,stateful_event,frame_total,4096,100,1,6,1220,4096,24576,4096,28810.738,27400,36300,49400,86800,34709.281,161521.798,0,0,0,147456,0,114688,262144,4,13052125640474873123
derived_vectors,arithmetic_calibration,tick_selective,frame_total,4096,100,1,6,1220,4096,24576,4096,22122.459,21000,30000,35700,60400,45202.932,116989.175,0,0,0,180224,0,114688,294912,3,13052125640474873123
derived_vectors,arithmetic_calibration,stateless_full,tick_only,4096,100,1,6,1220,4096,24576,4096,10792.295,9500,15400,19700,55300,92658.697,90447.813,0,0,0,98304,49152,0,147456,3,13052125640474873123
derived_vectors,arithmetic_calibration,stateful_event,tick_only,4096,100,1,6,1220,4096,24576,4096,25.984,0,100,100,300,38485804.416,134261.941,0,0,0,147456,0,114688,262144,4,13052125640474873123
derived_vectors,arithmetic_calibration,tick_selective,tick_only,4096,100,1,6,1220,4096,24576,4096,15393.115,14400,20800,26400,44900,64964.110,119961.396,0,0,0,180224,0,114688,294912,3,13052125640474873123
derived_vectors,arithmetic_calibration,stateless_full,frame_total,4096,100,1,7,1220,4096,24576,4096,13060.410,12100,19500,23800,49600,76567.276,83485.175,0,0,0,98304,49152,0,147456,3,6395499349649287869
derived_vectors,arithmetic_calibration,stateful_event,frame_total,4096,100,1,7,1220,4096,24576,4096,26726.230,25900,30100,40400,55700,37416.426,136695.985,0,0,0,147456,0,114688,262144,4,6395499349649287869
derived_vectors,arithmetic_calibration,tick_selective,frame_total,4096,100,1,7,1220,4096,24576,4096,23300.902,21400,32800,42600,117500,42916.794,124550.924,1,0,0,180224,0,114688,294912,3,6395499349649287869
derived_vectors,arithmetic_calibration,stateless_full,tick_only,4096,100,1,7,1220,4096,24576,4096,10164.590,9500,14800,18200,37100,98380.750,84476.639,0,0,0,98304,49152,0,147456,3,6395499349649287869
derived_vectors,arithmetic_calibration,stateful_event,tick_only,4096,100,1,7,1220,4096,24576,4096,24.672,0,100,100,200,40531561.462,138123.652,0,0,0,147456,0,114688,262144,4,6395499349649287869
derived_vectors,arithmetic_calibration,tick_selective,tick_only,4096,100,1,7,1220,4096,24576,4096,16015.164,14400,24500,28200,52000,62440.822,127084.152,0,0,0,180224,0,114688,294912,3,6395499349649287869
derived_vectors,arithmetic_calibration,stateless_full,frame_total,4096,100,1,8,1220,4096,24576,4096,12623.115,12100,14200,23500,31600,79219.750,80395.739,0,0,0,98304,49152,0,147456,3,9074850961713985840
derived_vectors,arithmetic_calibration,stateful_event,frame_total,4096,100,1,8,1220,4096,24576,4096,26375.246,25800,29300,37100,62100,37914.338,133212.025,0,0,0,147456,0,114688,262144,4,9074850961713985840
derived_vectors,arithmetic_calibration,tick_selective,frame_total,4096,100,1,8,1220,4096,24576,4096,21846.393,21100,28500,32600,55400,45774.146,115185.017,0,0,0,180224,0,114688,294912,3,9074850961713985840
derived_vectors,arithmetic_calibration,stateless_full,tick_only,4096,100,1,8,1220,4096,24576,4096,9637.787,9400,10100,17400,24900,103758.260,87707.842,0,0,0,98304,49152,0,147456,3,9074850961713985840
derived_vectors,arithmetic_calibration,stateful_event,tick_only,4096,100,1,8,1220,4096,24576,4096,24.918,0,100,100,100,40131578.947,130257.525,0,0,0,147456,0,114688,262144,4,9074850961713985840
derived_vectors,arithmetic_calibration,tick_selective,tick_only,4096,100,1,8,1220,4096,24576,4096,14749.918,14300,14700,25300,35600,67796.987,116599.302,0,0,0,180224,0,114688,294912,3,9074850961713985840
derived_vectors,arithmetic_calibration,stateless_full,frame_total,4096,100,1,9,1220,4096,24576,4096,12303.197,12000,13100,21500,28500,81279.689,81980.721,0,0,0,98304,49152,0,147456,3,18417941813945620688
derived_vectors,arithmetic_calibration,stateful_event,frame_total,4096,100,1,9,1220,4096,24576,4096,26275.574,25700,28500,37200,107800,38058.160,131111.261,1,0,0,147456,0,114688,262144,4,18417941813945620688
derived_vectors,arithmetic_calibration,tick_selective,frame_total,4096,100,1,9,1220,4096,24576,4096,21645.328,20900,27400,33900,75600,46199.346,114075.406,0,0,0,180224,0,114688,294912,3,18417941813945620688
derived_vectors,arithmetic_calibration,stateless_full,tick_only,4096,100,1,9,1220,4096,24576,4096,10363.525,9400,15300,16400,36900,96492.269,85345.610,0,0,0,98304,49152,0,147456,3,18417941813945620688
derived_vectors,arithmetic_calibration,stateful_event,tick_only,4096,100,1,9,1220,4096,24576,4096,26.148,0,100,100,200,38244514.107,134652.121,0,0,0,147456,0,114688,262144,4,18417941813945620688
derived_vectors,arithmetic_calibration,tick_selective,tick_only,4096,100,1,9,1220,4096,24576,4096,16373.689,14500,24300,31300,48500,61073.594,126533.238,0,0,0,180224,0,114688,294912,3,18417941813945620688
derived_vectors,arithmetic_calibration,stateless_full,frame_total,4096,100,1,10,1220,4096,24576,4096,13279.016,12200,20100,24600,42200,75306.783,85654.023,0,0,0,98304,49152,0,147456,3,1538542506885654374
derived_vectors,arithmetic_calibration,stateful_event,frame_total,4096,100,1,10,1220,4096,24576,4096,26456.230,25800,30400,36900,43100,37798.281,132943.407,0,0,0,147456,0,114688,262144,4,1538542506885654374
derived_vectors,arithmetic_calibration,tick_selective,frame_total,4096,100,1,10,1220,4096,24576,4096,21982.869,21000,29500,35400,50900,45489.968,116944.409,0,0,0,180224,0,114688,294912,3,1538542506885654374
derived_vectors,arithmetic_calibration,stateless_full,tick_only,4096,100,1,10,1220,4096,24576,4096,10383.934,9600,14400,21000,47500,96302.611,86997.116,0,0,0,98304,49152,0,147456,3,1538542506885654374
derived_vectors,arithmetic_calibration,stateful_event,tick_only,4096,100,1,10,1220,4096,24576,4096,23.770,0,100,100,200,42068965.517,138009.543,0,0,0,147456,0,114688,262144,4,1538542506885654374
derived_vectors,arithmetic_calibration,tick_selective,tick_only,4096,100,1,10,1220,4096,24576,4096,15451.885,14500,21900,28500,41000,64717.022,119477.639,0,0,0,180224,0,114688,294912,3,1538542506885654374
derived_vectors,arithmetic_calibration,stateless_full,frame_total,4096,100,1,11,1220,4096,24576,4096,13519.344,12400,18700,24700,53400,73968.085,87291.232,0,0,0,98304,49152,0,147456,3,6066739374362316544
derived_vectors,arithmetic_calibration,stateful_event,frame_total,4096,100,1,11,1220,4096,24576,4096,26828.197,26000,30000,39800,107500,37274.216,138215.674,1,0,0,147456,0,114688,262144,4,6066739374362316544
derived_vectors,arithmetic_calibration,tick_selective,frame_total,4096,100,1,11,1220,4096,24576,4096,23085.000,21200,33700,41100,63400,43318.172,122147.660,0,0,0,180224,0,114688,294912,3,6066739374362316544
derived_vectors,arithmetic_calibration,stateless_full,tick_only,4096,100,1,11,1220,4096,24576,4096,9922.705,9500,12700,18900,49300,100778.972,82446.454,0,0,0,98304,49152,0,147456,3,6066739374362316544
derived_vectors,arithmetic_calibration,stateful_event,tick_only,4096,100,1,11,1220,4096,24576,4096,27.049,0,100,100,500,36969696.970,135286.675,0,0,0,147456,0,114688,262144,4,6066739374362316544
derived_vectors,arithmetic_calibration,tick_selective,tick_only,4096,100,1,11,1220,4096,24576,4096,15519.344,14500,23000,29700,91700,64435.712,119199.378,0,0,0,180224,0,114688,294912,3,6066739374362316544
derived_vectors,arithmetic_calibration,stateless_full,frame_total,4096,100,4,1,305,4096,98304,4096,24814.426,23700,35200,40500,54000,40299.139,126898.849,0,0,0,98304,49152,0,147456,3,624069293854870385
derived_vectors,arithmetic_calibration,stateful_event,frame_total,4096,100,4,1,305,4096,98304,4096,44064.590,43100,49900,56200,61500,22693.959,200379.833,0,0,0,147456,0,114688,262144,4,624069293854870385
derived_vectors,arithmetic_calibration,tick_selective,frame_total,4096,100,4,1,305,4096,98304,4096,36125.902,31700,63200,92900,102800,27680.970,171933.574,1,0,0,180224,0,114688,294912,3,624069293854870385
derived_vectors,arithmetic_calibration,stateless_full,tick_only,4096,100,4,1,305,4096,98304,4096,21468.525,21000,24800,32400,45700,46579.819,123141.925,0,0,0,98304,49152,0,147456,3,624069293854870385
derived_vectors,arithmetic_calibration,stateful_event,tick_only,4096,100,4,1,305,4096,98304,4096,24.590,0,100,100,200,40666666.667,197361.600,0,0,0,147456,0,114688,262144,4,624069293854870385
derived_vectors,arithmetic_calibration,tick_selective,tick_only,4096,100,4,1,305,4096,98304,4096,30961.967,25300,49400,59900,69700,32297.689,185689.108,0,0,0,180224,0,114688,294912,3,624069293854870385
derived_vectors,arithmetic_calibration,stateless_full,frame_total,4096,100,4,2,305,4096,98304,4096,26094.754,23600,38600,42000,59500,38321.879,134604.239,0,0,0,98304,49152,0,147456,3,4197045044231247887
derived_vectors,arithmetic_calibration,stateful_event,frame_total,4096,100,4,2,305,4096,98304,4096,44074.098,42900,52400,59200,81300,22689.063,199197.157,0,0,0,147456,0,114688,262144,4,4197045044231247887
derived_vectors,arithmetic_calibration,tick_selective,frame_total,4096,100,4,2,305,4096,98304,4096,32515.082,31500,40900,49100,61700,30754.959,154473.348,0,0,0,180224,0,114688,294912,3,4197045044231247887
derived_vectors,arithmetic_calibration,stateless_full,tick_only,4096,100,4,2,305,4096,98304,4096,21801.639,20900,24800,33100,135500,45868.110,123415.508,1,0,0,98304,49152,0,147456,3,4197045044231247887
derived_vectors,arithmetic_calibration,stateful_event,tick_only,4096,100,4,2,305,4096,98304,4096,26.230,0,100,100,100,38125000.000,196442.587,0,0,0,147456,0,114688,262144,4,4197045044231247887
derived_vectors,arithmetic_calibration,tick_selective,tick_only,4096,100,4,2,305,4096,98304,4096,26332.131,25000,35100,42900,57000,37976.417,158036.259,0,0,0,180224,0,114688,294912,3,4197045044231247887
derived_vectors,arithmetic_calibration,stateless_full,frame_total,4096,100,4,3,305,4096,98304,4096,25307.869,23800,35000,42600,56400,39513.402,130323.754,0,0,0,98304,49152,0,147456,3,6409574860518723095
derived_vectors,arithmetic_calibration,stateful_event,frame_total,4096,100,4,3,305,4096,98304,4096,44271.475,43100,51900,60100,68300,22587.908,201710.502,0,0,0,147456,0,114688,262144,4,6409574860518723095
derived_vectors,arithmetic_calibration,tick_selective,frame_total,4096,100,4,3,305,4096,98304,4096,35300.984,32100,50200,65600,93300,28327.823,169522.236,0,0,0,180224,0,114688,294912,3,6409574860518723095
derived_vectors,arithmetic_calibration,stateless_full,tick_only,4096,100,4,3,305,4096,98304,4096,22008.525,20900,31100,40800,45700,45436.939,129102.528,0,0,0,98304,49152,0,147456,3,6409574860518723095
derived_vectors,arithmetic_calibration,stateful_event,tick_only,4096,100,4,3,305,4096,98304,4096,23.607,0,100,100,200,42361111.111,197765.774,0,0,0,147456,0,114688,262144,4,6409574860518723095
derived_vectors,arithmetic_calibration,tick_selective,tick_only,4096,100,4,3,305,4096,98304,4096,25848.525,25000,34700,40400,43000,38686.928,158281.266,0,0,0,180224,0,114688,294912,3,6409574860518723095
derived_vectors,arithmetic_calibration,stateless_full,frame_total,4096,100,4,4,305,4096,98304,4096,23863.934,23500,24200,33000,36800,41904.239,121735.400,0,0,0,98304,49152,0,147456,3,9766498402143703245
derived_vectors,arithmetic_calibration,stateful_event,frame_total,4096,100,4,4,305,4096,98304,4096,43920.984,42900,51100,56100,70900,22768.160,200648.452,0,0,0,147456,0,114688,262144,4,9766498402143703245
derived_vectors,arithmetic_calibration,tick_selective,frame_total,4096,100,4,4,305,4096,98304,4096,33940.328,31900,46500,63600,67800,29463.475,162968.416,0,0,0,180224,0,114688,294912,3,9766498402143703245
derived_vectors,arithmetic_calibration,stateless_full,tick_only,4096,100,4,4,305,4096,98304,4096,23426.885,21000,33900,49700,69900,42685.999,136653.705,0,0,0,98304,49152,0,147456,3,9766498402143703245
derived_vectors,arithmetic_calibration,stateful_event,tick_only,4096,100,4,4,305,4096,98304,4096,30.164,0,100,100,200,33152173.913,228971.587,0,0,0,147456,0,114688,262144,4,9766498402143703245
derived_vectors,arithmetic_calibration,tick_selective,tick_only,4096,100,4,4,305,4096,98304,4096,26782.623,25000,37500,44000,84700,37337.642,161024.669,0,0,0,180224,0,114688,294912,3,9766498402143703245
derived_vectors,arithmetic_calibration,stateless_full,frame_total,4096,100,4,5,305,4096,98304,4096,29542.951,31400,37200,55800,85800,33849.022,153086.718,0,0,0,98304,49152,0,147456,3,13690332278075272017
derived_vectors,arithmetic_calibration,stateful_event,frame_total,4096,100,4,5,305,4096,98304,4096,43602.623,42700,50900,54800,70000,22934.400,197040.754,0,0,0,147456,0,114688,262144,4,13690332278075272017
derived_vectors,arithmetic_calibration,tick_selective,frame_total,4096,100,4,5,305,4096,98304,4096,31994.098,31500,32700,42700,61100,31255.764,152193.813,0,0,0,180224,0,114688,294912,3,13690332278075272017
derived_vectors,arithmetic_calibration,stateless_full,tick_only,4096,100,4,5,305,4096,98304,4096,21282.623,20800,21100,31600,47500,46986.690,121858.511,0,0,0,98304,49152,0,147456,3,13690332278075272017
derived_vectors,arithmetic_calibration,stateful_event,tick_only,4096,100,4,5,305,4096,98304,4096,24.262,0,100,100,100,41216216.216,216621.331,0,0,0,147456,0,114688,262144,4,13690332278075272017
derived_vectors,arithmetic_calibration,tick_selective,tick_only,4096,100,4,5,305,4096,98304,4096,28448.525,25000,50400,62800,67000,35151.208,171094.148,0,0,0,180224,0,114688,294912,3,13690332278075272017
derived_vectors,arithmetic_calibration,stateless_full,frame_total,4096,100,4,6,305,4096,98304,4096,23978.033,23400,27200,37800,45100,41704.839,122862.115,0,0,0,98304,49152,0,147456,3,296519097567032929
derived_vectors,arithmetic_calibration,stateful_event,frame_total,4096,100,4,6,305,4096,98304,4096,43792.459,42800,50700,58300,84100,22834.982,198232.128,0,0,0,147456,0,114688,262144,4,296519097567032929
derived_vectors,arithmetic_calibration,tick_selective,frame_total,4096,100,4,6,305,4096,98304,4096,32255.410,31600,39900,46200,49300,31002.551,153717.230,0,0,0,180224,0,114688,294912,3,296519097567032929
derived_vectors,arithmetic_calibration,stateless_full,tick_only,4096,100,4,6,305,4096,98304,4096,21658.033,20900,29700,37700,38900,46172.245,123471.489,0,0,0,98304,49152,0,147456,3,296519097567032929
derived_vectors,arithmetic_calibration,stateful_event,tick_only,4096,100,4,6,305,4096,98304,4096,20.656,0,100,100,100,48412698.413,196370.452,0,0,0,147456,0,114688,262144,4,296519097567032929
derived_vectors,arithmetic_calibration,tick_selective,tick_only,4096,100,4,6,305,4096,98304,4096,25779.672,25000,33500,41000,63200,38790.253,153793.098,0,0,0,180224,0,114688,294912,3,296519097567032929
derived_vectors,arithmetic_calibration,stateless_full,frame_total,4096,100,4,7,305,4096,98304,4096,24144.918,23500,29600,36000,56000,41416.583,122905.639,0,0,0,98304,49152,0,147456,3,14060432241441436693
derived_vectors,arithmetic_calibration,stateful_event,frame_total,4096,100,4,7,305,4096,98304,4096,43996.066,42900,51800,58600,73100,22729.305,200568.862,0,0,0,147456,0,114688,262144,4,14060432241441436693
derived_vectors,arithmetic_calibration,tick_selective,frame_total,4096,100,4,7,305,4096,98304,4096,33484.590,31500,46600,48900,127900,29864.484,160181.492,1,0,0,180224,0,114688,294912,3,14060432241441436693
derived_vectors,arithmetic_calibration,stateless_full,tick_only,4096,100,4,7,305,4096,98304,4096,21286.557,20900,21300,30200,42800,46978.005,121812.498,0,0,0,98304,49152,0,147456,3,14060432241441436693
derived_vectors,arithmetic_calibration,stateful_event,tick_only,4096,100,4,7,305,4096,98304,4096,26.230,0,100,100,100,38125000.000,199341.430,0,0,0,147456,0,114688,262144,4,14060432241441436693
derived_vectors,arithmetic_calibration,tick_selective,tick_only,4096,100,4,7,305,4096,98304,4096,26024.590,25000,35700,41600,46600,38425.197,158470.289,0,0,0,180224,0,114688,294912,3,14060432241441436693
derived_vectors,arithmetic_calibration,stateless_full,frame_total,4096,100,4,8,305,4096,98304,4096,24182.623,23700,25100,36600,39500,41352.007,123835.849,0,0,0,98304,49152,0,147456,3,17456096828638717341
derived_vectors,arithmetic_calibration,stateful_event,frame_total,4096,100,4,8,305,4096,98304,4096,43856.721,42800,49100,59800,75600,22801.522,199813.990,0,0,0,147456,0,114688,262144,4,17456096828638717341
derived_vectors,arithmetic_calibration,tick_selective,frame_total,4096,100,4,8,305,4096,98304,4096,37336.721,32600,57600,70300,84300,26783.284,179681.256,0,0,0,180224,0,114688,294912,3,17456096828638717341
derived_vectors,arithmetic_calibration,stateless_full,tick_only,4096,100,4,8,305,4096,98304,4096,21655.410,20900,29400,32800,39200,46177.838,124552.174,0,0,0,98304,49152,0,147456,3,17456096828638717341
derived_vectors,arithmetic_calibration,stateful_event,tick_only,4096,100,4,8,305,4096,98304,4096,25.574,0,100,100,300,39102564.103,199261.833,0,0,0,147456,0,114688,262144,4,17456096828638717341
derived_vectors,arithmetic_calibration,tick_selective,tick_only,4096,100,4,8,305,4096,98304,4096,25678.689,25000,29100,38500,43800,38942.799,156327.577,0,0,0,180224,0,114688,294912,3,17456096828638717341
derived_vectors,arithmetic_calibration,stateless_full,frame_total,4096,100,4,9,305,4096,98304,4096,24266.885,23500,30600,37300,43000,41208.420,123844.557,0,0,0,98304,49152,0,147456,3,16322492111746491363
derived_vectors,arithmetic_calibration,stateful_event,frame_total,4096,100,4,9,305,4096,98304,4096,43955.738,43000,50900,57900,62500,22750.159,199725.711,0,0,0,147456,0,114688,262144,4,16322492111746491363
derived_vectors,arithmetic_calibration,tick_selective,frame_total,4096,100,4,9,305,4096,98304,4096,32020.984,31400,34500,42500,56200,31229.522,152636.534,0,0,0,180224,0,114688,294912,3,16322492111746491363
derived_vectors,arithmetic_calibration,stateless_full,tick_only,4096,100,4,9,305,4096,98304,4096,21336.721,20900,21600,31800,35100,46867.557,122684.275,0,0,0,98304,49152,0,147456,3,16322492111746491363
derived_vectors,arithmetic_calibration,stateful_event,tick_only,4096,100,4,9,305,4096,98304,4096,23.934,0,100,100,100,41780821.918,196632.852,0,0,0,147456,0,114688,262144,4,16322492111746491363
derived_vectors,arithmetic_calibration,tick_selective,tick_only,4096,100,4,9,305,4096,98304,4096,25457.705,24900,28100,34900,61600,39280.839,152838.000,0,0,0,180224,0,114688,294912,3,16322492111746491363
derived_vectors,arithmetic_calibration,stateless_full,frame_total,4096,100,4,10,305,4096,98304,4096,23837.705,23400,24100,33600,39700,41950.347,121990.344,0,0,0,98304,49152,0,147456,3,15747132627359421495
derived_vectors,arithmetic_calibration,stateful_event,frame_total,4096,100,4,10,305,4096,98304,4096,43533.443,42800,50100,53600,63800,22970.846,195784.721,0,0,0,147456,0,114688,262144,4,15747132627359421495
derived_vectors,arithmetic_calibration,tick_selective,frame_total,4096,100,4,10,305,4096,98304,4096,32397.377,31500,35200,49800,90800,30866.696,154065.439,0,0,0,180224,0,114688,294912,3,15747132627359421495
derived_vectors,arithmetic_calibration,stateless_full,tick_only,4096,100,4,10,305,4096,98304,4096,21222.295,20900,21200,30700,31400,47120.257,121242.934,0,0,0,98304,49152,0,147456,3,15747132627359421495
derived_vectors,arithmetic_calibration,stateful_event,tick_only,4096,100,4,10,305,4096,98304,4096,26.885,0,100,100,600,37195121.951,197170.092,0,0,0,147456,0,114688,262144,4,15747132627359421495
derived_vectors,arithmetic_calibration,tick_selective,tick_only,4096,100,4,10,305,4096,98304,4096,25365.902,25000,25400,35500,38000,39423.002,151997.325,0,0,0,180224,0,114688,294912,3,15747132627359421495
derived_vectors,arithmetic_calibration,stateless_full,frame_total,4096,100,4,11,305,4096,98304,4096,25622.295,23500,53800,58700,59400,39028.510,130042.708,0,0,0,98304,49152,0,147456,3,2360542292904235365
derived_vectors,arithmetic_calibration,stateful_event,frame_total,4096,100,4,11,305,4096,98304,4096,43509.180,42900,50900,54700,60100,22983.655,195412.872,0,0,0,147456,0,114688,262144,4,2360542292904235365
derived_vectors,arithmetic_calibration,tick_selective,frame_total,4096,100,4,11,305,4096,98304,4096,32347.869,31600,39100,45500,63600,30913.938,153577.948,0,0,0,180224,0,114688,294912,3,2360542292904235365
derived_vectors,arithmetic_calibration,stateless_full,tick_only,4096,100,4,11,305,4096,98304,4096,21254.426,20900,21100,31400,36400,47049.024,121560.056,0,0,0,98304,49152,0,147456,3,2360542292904235365
derived_vectors,arithmetic_calibration,stateful_event,tick_only,4096,100,4,11,305,4096,98304,4096,20.984,0,100,100,200,47656250.000,195575.784,0,0,0,147456,0,114688,262144,4,2360542292904235365
derived_vectors,arithmetic_calibration,tick_selective,tick_only,4096,100,4,11,305,4096,98304,4096,25464.918,25000,29400,34900,37900,39269.712,152229.882,0,0,0,180224,0,114688,294912,3,2360542292904235365
derived_vectors,arithmetic_calibration,stateless_full,frame_total,4096,100,16,1,76,4096,393216,4096,82861.842,81800,90800,97800,97800,12068.281,343615.868,0,0,0,98304,49152,0,147456,3,18172940425697962989
derived_vectors,arithmetic_calibration,stateful_event,frame_total,4096,100,16,1,76,4096,393216,4096,110943.421,110000,120000,123400,123400,9013.603,451451.842,76,0,0,147456,0,114688,262144,4,18172940425697962989
derived_vectors,arithmetic_calibration,tick_selective,frame_total,4096,100,16,1,76,4096,393216,4096,88880.263,88200,96400,99700,99700,11251.092,369353.382,0,0,0,180224,0,114688,294912,3,18172940425697962989
derived_vectors,arithmetic_calibration,stateless_full,tick_only,4096,100,16,1,76,4096,393216,4096,80948.684,79300,90400,97800,97800,12353.505,351915.553,0,0,0,98304,49152,0,147456,3,18172940425697962989
derived_vectors,arithmetic_calibration,stateful_event,tick_only,4096,100,16,1,76,4096,393216,4096,23.684,0,100,100,100,42222222.222,461158.947,0,0,0,147456,0,114688,262144,4,18172940425697962989
derived_vectors,arithmetic_calibration,tick_selective,tick_only,4096,100,16,1,76,4096,393216,4096,94339.474,92600,125200,154700,154700,10600.017,426497.895,30,0,0,180224,0,114688,294912,3,18172940425697962989
derived_vectors,arithmetic_calibration,stateless_full,frame_total,4096,100,16,2,76,4096,393216,4096,92164.474,84500,123300,153600,153600,10850.168,390449.421,18,0,0,98304,49152,0,147456,3,566796755043318349
derived_vectors,arithmetic_calibration,stateful_event,frame_total,4096,100,16,2,76,4096,393216,4096,114751.316,112100,135000,152600,152600,8714.497,486611.974,76,0,0,147456,0,114688,262144,4,566796755043318349
derived_vectors,arithmetic_calibration,tick_selective,frame_total,4096,100,16,2,76,4096,393216,4096,92605.263,88700,112900,139400,139400,10798.522,384455.461,8,0,0,180224,0,114688,294912,3,566796755043318349
derived_vectors,arithmetic_calibration,stateless_full,tick_only,4096,100,16,2,76,4096,393216,4096,85451.316,79300,106400,127600,127600,11702.570,377937.474,5,0,0,98304,49152,0,147456,3,566796755043318349
derived_vectors,arithmetic_calibration,stateful_event,tick_only,4096,100,16,2,76,4096,393216,4096,22.368,0,100,200,200,44705882.353,459372.211,0,0,0,147456,0,114688,262144,4,566796755043318349
derived_vectors,arithmetic_calibration,tick_selective,tick_only,4096,100,16,2,76,4096,393216,4096,88290.789,82000,108500,143600,143600,11326.210,403001.276,11,0,0,180224,0,114688,294912,3,566796755043318349
derived_vectors,arithmetic_calibration,stateless_full,frame_total,4096,100,16,3,76,4096,393216,4096,99185.526,97600,132600,144800,144800,10082.116,425220.250,31,0,0,98304,49152,0,147456,3,1395526390644983715
derived_vectors,arithmetic_calibration,stateful_event,frame_total,4096,100,16,3,76,4096,393216,4096,116532.895,113800,135100,154100,154100,8581.268,486597.000,76,0,0,147456,0,114688,262144,4,1395526390644983715
derived_vectors,arithmetic_calibration,tick_selective,frame_total,4096,100,16,3,76,4096,393216,4096,93655.263,89200,115300,137700,137700,10677.457,392455.711,10,0,0,180224,0,114688,294912,3,1395526390644983715
derived_vectors,arithmetic_calibration,stateless_full,tick_only,4096,100,16,3,76,4096,393216,4096,83122.368,79500,100200,107600,107600,12030.456,361552.750,4,0,0,98304,49152,0,147456,3,1395526390644983715
derived_vectors,arithmetic_calibration,stateful_event,tick_only,4096,100,16,3,76,4096,393216,4096,32.895,0,100,200,200,30400000.000,484765.342,0,0,0,147456,0,114688,262144,4,1395526390644983715
derived_vectors,arithmetic_calibration,tick_selective,tick_only,4096,100,16,3,76,4096,393216,4096,89361.842,82100,110600,137700,137700,11190.459,405641.355,14,0,0,180224,0,114688,294912,3,1395526390644983715
derived_vectors,arithmetic_calibration,stateless_full,frame_total,4096,100,16,4,76,4096,393216,4096,100278.947,96100,165400,197000,197000,9972.183,425265.145,19,0,0,98304,49152,0,147456,3,2498565575303353772
derived_vectors,arithmetic_calibration,stateful_event,frame_total,4096,100,16,4,76,4096,393216,4096,114613.158,111500,132400,148900,148900,8725.002,479639.829,76,0,0,147456,0,114688,262144,4,2498565575303353772
derived_vectors,arithmetic_calibration,tick_selective,frame_total,4096,100,16,4,76,4096,393216,4096,92921.053,88500,112200,124300,124300,10761.824,387439.974,14,0,0,180224,0,114688,294912,3,2498565575303353772
derived_vectors,arithmetic_calibration,stateless_full,tick_only,4096,100,16,4,76,4096,393216,4096,81260.526,79300,92000,97200,97200,12306.098,352998.500,0,0,0,98304,49152,0,147456,3,2498565575303353772
derived_vectors,arithmetic_calibration,stateful_event,tick_only,4096,100,16,4,76,4096,393216,4096,38.158,0,100,200,200,26206896.552,463499.592,0,0,0,147456,0,114688,262144,4,2498565575303353772
derived_vectors,arithmetic_calibration,tick_selective,tick_only,4096,100,16,4,76,4096,393216,4096,85640.789,81900,102000,141300,141300,11676.679,384535.329,5,0,0,180224,0,114688,294912,3,2498565575303353772
derived_vectors,arithmetic_calibration,stateless_full,frame_total,4096,100,16,5,76,4096,393216,4096,86155.263,82400,101400,122800,122800,11606.952,360938.868,4,0,0,98304,49152,0,147456,3,1118904174471477219
derived_vectors,arithmetic_calibration,stateful_event,frame_total,4096,100,16,5,76,4096,393216,4096,113547.368,110900,127500,142000,142000,8806.897,467881.553,76,0,0,147456,0,114688,262144,4,1118904174471477219
derived_vectors,arithmetic_calibration,tick_selective,frame_total,4096,100,16,5,76,4096,393216,4096,122326.316,120000,140300,142800,142800,8174.856,523898.145,76,0,0,180224,0,114688,294912,3,1118904174471477219
derived_vectors,arithmetic_calibration,stateless_full,tick_only,4096,100,16,5,76,4096,393216,4096,97500.000,100400,108400,118700,118700,10256.410,442703.000,48,0,0,98304,49152,0,147456,3,1118904174471477219
derived_vectors,arithmetic_calibration,stateful_event,tick_only,4096,100,16,5,76,4096,393216,4096,40.789,0,100,200,200,24516129.032,489047.434,0,0,0,147456,0,114688,262144,4,1118904174471477219
derived_vectors,arithmetic_calibration,tick_selective,tick_only,4096,100,16,5,76,4096,393216,4096,91310.526,83600,118300,156400,156400,10951.640,413776.355,19,0,0,180224,0,114688,294912,3,1118904174471477219
derived_vectors,arithmetic_calibration,stateless_full,frame_total,4096,100,16,6,76,4096,393216,4096,107672.368,105200,128900,136500,136500,9287.434,466239.566,68,0,0,98304,49152,0,147456,3,2208674742562358307
derived_vectors,arithmetic_calibration,stateful_event,frame_total,4096,100,16,6,76,4096,393216,4096,117890.789,114300,137000,153400,153400,8482.427,507099.105,76,0,0,147456,0,114688,262144,4,2208674742562358307
derived_vectors,arithmetic_calibration,tick_selective,frame_total,4096,100,16,6,76,4096,393216,4096,104663.158,94500,131600,148700,148700,9554.460,438929.987,35,0,0,180224,0,114688,294912,3,2208674742562358307
derived_vectors,arithmetic_calibration,stateless_full,tick_only,4096,100,16,6,76,4096,393216,4096,84568.421,80000,106600,126500,126500,11824.745,372492.566,5,0,0,98304,49152,0,147456,3,2208674742562358307
derived_vectors,arithmetic_calibration,stateful_event,tick_only,4096,100,16,6,76,4096,393216,4096,27.632,0,100,100,100,36190476.190,469029.395,0,0,0,147456,0,114688,262144,4,2208674742562358307
derived_vectors,arithmetic_calibration,tick_selective,tick_only,4096,100,16,6,76,4096,393216,4096,86140.789,81700,105000,135200,135200,11608.902,396153.908,8,0,0,180224,0,114688,294912,3,2208674742562358307
derived_vectors,arithmetic_calibration,stateless_full,frame_total,4096,100,16,7,76,4096,393216,4096,87051.316,82600,107000,154100,154100,11487.477,367471.789,7,0,0,98304,49152,0,147456,3,13777550640453521785
derived_vectors,arithmetic_calibration,stateful_event,frame_total,4096,100,16,7,76,4096,393216,4096,113575.000,111000,123600,142400,142400,8804.755,464153.395,76,0,0,147456,0,114688,262144,4,13777550640453521785
derived_vectors,arithmetic_calibration,tick_selective,frame_total,4096,100,16,7,76,4096,393216,4096,94965.789,89100,114200,144500,144500,10530.108,397476.461,19,0,0,180224,0,114688,294912,3,13777550640453521785
derived_vectors,arithmetic_calibration,stateless_full,tick_only,4096,100,16,7,76,4096,393216,4096,85110.526,80100,97200,122600,122600,11749.428,376310.539,2,0,0,98304,49152,0,147456,3,13777550640453521785
derived_vectors,arithmetic_calibration,stateful_event,tick_only,4096,100,16,7,76,4096,393216,4096,55.263,0,200,300,300,18095238.095,502856.947,0,0,0,147456,0,114688,262144,4,13777550640453521785
derived_vectors,arithmetic_calibration,tick_selective,tick_only,4096,100,16,7,76,4096,393216,4096,88406.579,82000,106500,132200,132200,11311.375,407298.342,15,0,0,180224,0,114688,294912,3,13777550640453521785
derived_vectors,arithmetic_calibration,stateless_full,frame_total,4096,100,16,8,76,4096,393216,4096,96182.895,97600,117800,127300,127300,10396.859,412279.105,23,0,0,98304,49152,0,147456,3,8031547833596390245
derived_vectors,arithmetic_calibration,stateful_event,frame_total,4096,100,16,8,76,4096,393216,4096,121052.632,114800,155200,220600,220600,8260.870,501499.474,76,0,0,147456,0,114688,262144,4,8031547833596390245
derived_vectors,arithmetic_calibration,tick_selective,frame_total,4096,100,16,8,76,4096,393216,4096,109271.053,109100,150000,169700,169700,9151.555,463275.026,50,0,0,180224,0,114688,294912,3,8031547833596390245
derived_vectors,arithmetic_calibration,stateless_full,tick_only,4096,100,16,8,76,4096,393216,4096,91698.684,80200,140800,220000,220000,10905.282,409114.974,13,0,0,98304,49152,0,147456,3,8031547833596390245
derived_vectors,arithmetic_calibration,stateful_event,tick_only,4096,100,16,8,76,4096,393216,4096,43.421,0,100,100,100,23030303.030,517729.553,0,0,0,147456,0,114688,262144,4,8031547833596390245
derived_vectors,arithmetic_calibration,tick_selective,tick_only,4096,100,16,8,76,4096,393216,4096,87668.421,81900,104400,131300,131300,11406.616,400046.776,7,0,0,180224,0,114688,294912,3,8031547833596390245
derived_vectors,arithmetic_calibration,stateless_full,frame_total,4096,100,16,9,76,4096,393216,4096,88527.632,83300,104900,130600,130600,11295.908,374354.118,7,0,0,98304,49152,0,147456,3,4557095142103750923
derived_vectors,arithmetic_calibration,stateful_event,frame_total,4096,100,16,9,76,4096,393216,4096,115959.211,112600,133200,140700,140700,8623.722,486896.447,76,0,0,147456,0,114688,262144,4,4557095142103750923
derived_vectors,arithmetic_calibration,tick_selective,frame_total,4096,100,16,9,76,4096,393216,4096,122402.632,121100,155800,171400,171400,8169.759,516282.237,68,0,0,180224,0,114688,294912,3,4557095142103750923
derived_vectors,arithmetic_calibration,stateless_full,tick_only,4096,100,16,9,76,4096,393216,4096,93625.000,90600,123600,155100,155100,10680.908,423678.092,23,0,0,98304,49152,0,147456,3,4557095142103750923
derived_vectors,arithmetic_calibration,stateful_event,tick_only,4096,100,16,9,76,4096,393216,4096,35.526,0,100,100,100,28148148.148,481995.513,0,0,0,147456,0,114688,262144,4,4557095142103750923
derived_vectors,arithmetic_calibration,tick_selective,tick_only,4096,100,16,9,76,4096,393216,4096,87211.842,82400,106500,132000,132000,11466.333,397172.000,10,0,0,180224,0,114688,294912,3,4557095142103750923
derived_vectors,arithmetic_calibration,stateless_full,frame_total,4096,100,16,10,76,4096,393216,4096,85230.263,82500,100400,107600,107600,11732.922,357999.316,5,0,0,98304,49152,0,147456,3,3053656032522287944
derived_vectors,arithmetic_calibration,stateful_event,frame_total,4096,100,16,10,76,4096,393216,4096,114209.211,111100,128100,140300,140300,8755.861,472468.092,76,0,0,147456,0,114688,262144,4,3053656032522287944
derived_vectors,arithmetic_calibration,tick_selective,frame_total,4096,100,16,10,76,4096,393216,4096,109668.421,110900,148100,182100,182100,9118.395,459422.105,45,0,0,180224,0,114688,294912,3,3053656032522287944
derived_vectors,arithmetic_calibration,stateless_full,tick_only,4096,100,16,10,76,4096,393216,4096,90752.632,89800,112700,128000,128000,11018.964,408695.750,20,0,0,98304,49152,0,147456,3,3053656032522287944
derived_vectors,arithmetic_calibration,stateful_event,tick_only,4096,100,16,10,76,4096,393216,4096,36.842,0,200,200,200,27142857.143,475637.211,0,0,0,147456,0,114688,262144,4,3053656032522287944
derived_vectors,arithmetic_calibration,tick_selective,tick_only,4096,100,16,10,76,4096,393216,4096,83825.000,81800,95400,113500,113500,11929.615,381945.132,1,0,0,180224,0,114688,294912,3,3053656032522287944
derived_vectors,arithmetic_calibration,stateless_full,frame_total,4096,100,16,11,76,4096,393216,4096,85244.737,82400,99500,104600,104600,11730.930,356736.645,3,0,0,98304,49152,0,147456,3,12083422176823785833
derived_vectors,arithmetic_calibration,stateful_event,frame_total,4096,100,16,11,76,4096,393216,4096,113894.737,111000,130100,138900,138900,8780.037,469388.724,76,0,0,147456,0,114688,262144,4,12083422176823785833
derived_vectors,arithmetic_calibration,tick_selective,frame_total,4096,100,16,11,76,4096,393216,4096,92598.684,89400,109300,123600,123600,10799.290,385518.526,13,0,0,180224,0,114688,294912,3,12083422176823785833
derived_vectors,arithmetic_calibration,stateless_full,tick_only,4096,100,16,11,76,4096,393216,4096,84269.737,79500,98700,158800,158800,11866.656,368210.500,2,0,0,98304,49152,0,147456,3,12083422176823785833
derived_vectors,arithmetic_calibration,stateful_event,tick_only,4096,100,16,11,76,4096,393216,4096,26.316,0,100,200,200,38000000.000,461638.092,0,0,0,147456,0,114688,262144,4,12083422176823785833
derived_vectors,arithmetic_calibration,tick_selective,tick_only,4096,100,16,11,76,4096,393216,4096,83884.211,81900,94200,99500,99500,11921.195,378671.158,0,0,0,180224,0,114688,294912,3,12083422176823785833
derived_vectors,arithmetic_calibration,stateless_full,frame_total,4096,100,64,1,31,4096,1572864,4096,379700.000,357200,566800,689300,689300,2633.658,1486354.258,31,0,0,98304,49152,0,147456,3,12951749783362563496
derived_vectors,arithmetic_calibration,stateful_event,frame_total,4096,100,64,1,31,4096,1572864,4096,482661.290,454200,630200,685700,685700,2071.846,1812295.355,31,0,0,147456,0,114688,262144,4,12951749783362563496
derived_vectors,arithmetic_calibration,tick_selective,frame_total,4096,100,64,1,31,4096,1572864,4096,398974.194,388600,533200,704300,704300,2506.428,1584568.516,31,0,0,180224,0,114688,294912,3,12951749783362563496
derived_vectors,arithmetic_calibration,stateless_full,tick_only,4096,100,64,1,31,4096,1572864,4096,345645.161,343400,357700,361900,361900,2893.140,1364476.710,31,0,0,98304,49152,0,147456,3,12951749783362563496
derived_vectors,arithmetic_calibration,stateful_event,tick_only,4096,100,64,1,31,4096,1572864,4096,58.065,100,100,100,100,17222222.222,1523880.677,0,0,0,147456,0,114688,262144,4,12951749783362563496
derived_vectors,arithmetic_calibration,tick_selective,tick_only,4096,100,64,1,31,4096,1572864,4096,356645.161,352000,393800,417600,417600,2803.907,1422423.968,31,0,0,180224,0,114688,294912,3,12951749783362563496
derived_vectors,arithmetic_calibration,stateless_full,frame_total,4096,100,64,2,31,4096,1572864,4096,354709.677,353400,377000,392000,392000,2819.207,1403153.129,31,0,0,98304,49152,0,147456,3,5202417875238444501
derived_vectors,arithmetic_calibration,stateful_event,frame_total,4096,100,64,2,31,4096,1572864,4096,389806.452,390400,402300,403500,403500,2565.376,1517273.484,31,0,0,147456,0,114688,262144,4,5202417875238444501
derived_vectors,arithmetic_calibration,tick_selective,frame_total,4096,100,64,2,31,4096,1572864,4096,364222.581,362800,389000,394200,394200,2745.574,1414850.161,31,0,0,180224,0,114688,294912,3,5202417875238444501
derived_vectors,arithmetic_calibration,stateless_full,tick_only,4096,100,64,2,31,4096,1572864,4096,346751.613,344300,358800,374700,374700,2883.909,1356523.677,31,0,0,98304,49152,0,147456,3,5202417875238444501
derived_vectors,arithmetic_calibration,stateful_event,tick_only,4096,100,64,2,31,4096,1572864,4096,25.806,0,100,200,200,38750000.000,1520491.387,0,0,0,147456,0,114688,262144,4,5202417875238444501
derived_vectors,arithmetic_calibration,tick_selective,tick_only,4096,100,64,2,31,4096,1572864,4096,352809.677,347800,376300,390900,390900,2834.389,1400045.258,31,0,0,180224,0,114688,294912,3,5202417875238444501
derived_vectors,arithmetic_calibration,stateless_full,frame_total,4096,100,64,3,31,4096,1572864,4096,370629.032,353100,382200,866400,866400,2698.116,1439210.935,31,0,0,98304,49152,0,147456,3,10907504910129479306
derived_vectors,arithmetic_calibration,stateful_event,frame_total,4096,100,64,3,31,4096,1572864,4096,388212.903,386200,401400,407700,407700,2575.906,1502774.387,31,0,0,147456,0,114688,262144,4,10907504910129479306
derived_vectors,arithmetic_calibration,tick_selective,frame_total,4096,100,64,3,31,4096,1572864,4096,363296.774,357200,402500,423500,423500,2752.571,1413712.290,31,0,0,180224,0,114688,294912,3,10907504910129479306
derived_vectors,arithmetic_calibration,stateless_full,tick_only,4096,100,64,3,31,4096,1572864,4096,348058.065,341100,368800,414600,414600,2873.084,1359019.742,31,0,0,98304,49152,0,147456,3,10907504910129479306
derived_vectors,arithmetic_calibration,stateful_event,tick_only,4096,100,64,3,31,4096,1572864,4096,16.129,0,100,100,100,62000000.000,1490098.323,0,0,0,147456,0,114688,262144,4,10907504910129479306
derived_vectors,arithmetic_calibration,tick_selective,tick_only,4096,100,64,3,31,4096,1572864,4096,356054.839,351000,392500,411400,411400,2808.556,1413773.387,31,0,0,180224,0,114688,294912,3,10907504910129479306
derived_vectors,arithmetic_calibration,stateless_full,frame_total,4096,100,64,4,31,4096,1572864,4096,349925.806,348700,364700,372500,372500,2857.749,1358163.161,31,0,0,98304,49152,0,147456,3,3110682149681728420
derived_vectors,arithmetic_calibration,stateful_event,frame_total,4096,100,64,4,31,4096,1572864,4096,388377.419,386900,400700,403000,403000,2574.815,1503887.774,31,0,0,147456,0,114688,262144,4,3110682149681728420
derived_vectors,arithmetic_calibration,tick_selective,frame_total,4096,100,64,4,31,4096,1572864,4096,362067.742,358700,377800,443400,443400,2761.914,1404266.484,31,0,0,180224,0,114688,294912,3,3110682149681728420
derived_vectors,arithmetic_calibration,stateless_full,tick_only,4096,100,64,4,31,4096,1572864,4096,347790.323,346700,358800,359600,359600,2875.296,1360989.452,31,0,0,98304,49152,0,147456,3,3110682149681728420
derived_vectors,arithmetic_calibration,stateful_event,tick_only,4096,100,64,4,31,4096,1572864,4096,41.935,0,200,200,200,23846153.846,1553979.806,0,0,0,147456,0,114688,262144,4,3110682149681728420
derived_vectors,arithmetic_calibration,tick_selective,tick_only,4096,100,64,4,31,4096,1572864,4096,378412.903,378700,405700,413800,413800,2642.616,1516576.065,31,0,0,180224,0,114688,294912,3,3110682149681728420
derived_vectors,arithmetic_calibration,stateless_full,frame_total,4096,100,64,5,31,4096,1572864,4096,379229.032,369600,454900,460600,460600,2636.929,1507117.903,31,0,0,98304,49152,0,147456,3,11953996596484340621
derived_vectors,arithmetic_calibration,stateful_event,frame_total,4096,100,64,5,31,4096,1572864,4096,396609.677,394800,420600,454900,454900,2521.371,1544876.677,31,0,0,147456,0,114688,262144,4,11953996596484340621
derived_vectors,arithmetic_calibration,tick_selective,frame_total,4096,100,64,5,31,4096,1572864,4096,359761.290,359400,376000,384500,384500,2779.621,1401684.774,31,0,0,180224,0,114688,294912,3,11953996596484340621
derived_vectors,arithmetic_calibration,stateless_full,tick_only,4096,100,64,5,31,4096,1572864,4096,360867.742,355600,401200,499200,499200,2771.098,1437375.710,31,0,0,98304,49152,0,147456,3,11953996596484340621
derived_vectors,arithmetic_calibration,stateful_event,tick_only,4096,100,64,5,31,4096,1572864,4096,41.935,0,100,200,200,23846153.846,1636239.032,0,0,0,147456,0,114688,262144,4,11953996596484340621
derived_vectors,arithmetic_calibration,tick_selective,tick_only,4096,100,64,5,31,4096,1572864,4096,369267.742,356900,415000,646700,646700,2708.062,1478132.097,31,0,0,180224,0,114688,294912,3,11953996596484340621
derived_vectors,arithmetic_calibration,stateless_full,frame_total,4096,100,64,6,31,4096,1572864,4096,352777.419,348700,376500,398800,398800,2834.649,1372601.129,31,0,0,98304,49152,0,147456,3,15681762970375272046
derived_vectors,arithmetic_calibration,stateful_event,frame_total,4096,100,64,6,31,4096,1572864,4096,396287.097,395600,410700,413100,413100,2523.423,1536446.387,31,0,0,147456,0,114688,262144,4,15681762970375272046
derived_vectors,arithmetic_calibration,tick_selective,frame_total,4096,100,64,6,31,4096,1572864,4096,396622.581,365800,674000,759100,759100,2521.289,1536360.806,31,0,0,180224,0,114688,294912,3,15681762970375272046
derived_vectors,arithmetic_calibration,stateless_full,tick_only,4096,100,64,6,31,4096,1572864,4096,348967.742,346400,366500,378900,378900,2865.594,1369738.000,31,0,0,98304,49152,0,147456,3,15681762970375272046
derived_vectors,arithmetic_calibration,stateful_event,tick_only,4096,100,64,6,31,4096,1572864,4096,32.258,0,100,100,100,31000000.000,1523929.548,0,0,0,147456,0,114688,262144,4,15681762970375272046
derived_vectors,arithmetic_calibration,tick_selective,tick_only,4096,100,64,6,31,4096,1572864,4096,352845.161,353000,364900,370700,370700,2834.104,1418606.484,31,0,0,180224,0,114688,294912,3,15681762970375272046
derived_vectors,arithmetic_calibration,stateless_full,frame_total,4096,100,64,7,31,4096,1572864,4096,359141.935,357300,395000,407500,407500,2784.414,1394893.935,31,0,0,98304,49152,0,147456,3,13659811924308257216
derived_vectors,arithmetic_calibration,stateful_event,frame_total,4096,100,64,7,31,4096,1572864,4096,396309.677,394600,417900,444400,444400,2523.279,1553698.452,31,0,0,147456,0,114688,262144,4,13659811924308257216
derived_vectors,arithmetic_calibration,tick_selective,frame_total,4096,100,64,7,31,4096,1572864,4096,362712.903,362100,388200,406000,406000,2757.001,1408707.968,31,0,0,180224,0,114688,294912,3,13659811924308257216
derived_vectors,arithmetic_calibration,stateless_full,tick_only,4096,100,64,7,31,4096,1572864,4096,360858.065,356900,402300,403300,403300,2771.173,1429251.290,31,0,0,98304,49152,0,147456,3,13659811924308257216
derived_vectors,arithmetic_calibration,stateful_event,tick_only,4096,100,64,7,31,4096,1572864,4096,64.516,0,200,500,500,15500000.000,1821312.968,0,0,0,147456,0,114688,262144,4,13659811924308257216
derived_vectors,arithmetic_calibration,tick_selective,tick_only,4096,100,64,7,31,4096,1572864,4096,367645.161,359600,418600,419700,419700,2720.014,1470521.710,31,0,0,180224,0,114688,294912,3,13659811924308257216
derived_vectors,arithmetic_calibration,stateless_full,frame_total,4096,100,64,8,31,4096,1572864,4096,384996.774,373000,410400,782200,782200,2597.424,1462177.065,31,0,0,98304,49152,0,147456,3,3087602427138473218
derived_vectors,arithmetic_calibration,stateful_event,frame_total,4096,100,64,8,31,4096,1572864,4096,401935.484,396300,423000,515800,515800,2487.961,1571647.774,31,0,0,147456,0,114688,262144,4,3087602427138473218
derived_vectors,arithmetic_calibration,tick_selective,frame_total,4096,100,64,8,31,4096,1572864,4096,361441.935,361800,376800,390600,390600,2766.696,1403104.065,31,0,0,180224,0,114688,294912,3,3087602427138473218
derived_vectors,arithmetic_calibration,stateless_full,tick_only,4096,100,64,8,31,4096,1572864,4096,354390.323,352500,376900,395700,395700,2821.747,1393217.742,31,0,0,98304,49152,0,147456,3,3087602427138473218
derived_vectors,arithmetic_calibration,stateful_event,tick_only,4096,100,64,8,31,4096,1572864,4096,67.742,100,200,200,200,14761904.762,1516759.484,0,0,0,147456,0,114688,262144,4,3087602427138473218
derived_vectors,arithmetic_calibration,tick_selective,tick_only,4096,100,64,8,31,4096,1572864,4096,350077.419,348700,363400,364000,364000,2856.511,1385081.290,31,0,0,180224,0,114688,294912,3,3087602427138473218
derived_vectors,arithmetic_calibration,stateless_full,frame_total,4096,100,64,9,31,4096,1572864,4096,353383.871,346600,382200,389000,389000,2829.784,1370349.677,31,0,0,98304,49152,0,147456,3,4058344237837237817
derived_vectors,arithmetic_calibration,stateful_event,frame_total,4096,100,64,9,31,4096,1572864,4096,397690.323,388600,457400,463000,463000,2514.519,1543445.065,31,0,0,147456,0,114688,262144,4,4058344237837237817
derived_vectors,arithmetic_calibration,tick_selective,frame_total,4096,100,64,9,31,4096,1572864,4096,354916.129,356000,367800,370100,370100,2817.567,1374436.290,31,0,0,180224,0,114688,294912,3,4058344237837237817
derived_vectors,arithmetic_calibration,stateless_full,tick_only,4096,100,64,9,31,4096,1572864,4096,345700.000,343100,357300,359900,359900,2892.682,1349953.226,31,0,0,98304,49152,0,147456,3,4058344237837237817
derived_vectors,arithmetic_calibration,stateful_event,tick_only,4096,100,64,9,31,4096,1572864,4096,58.065,0,100,400,400,17222222.222,1598700.484,0,0,0,147456,0,114688,262144,4,4058344237837237817
derived_vectors,arithmetic_calibration,tick_selective,tick_only,4096,100,64,9,31,4096,1572864,4096,359661.290,358800,383800,391800,391800,2780.394,1436017.452,31,0,0,180224,0,114688,294912,3,4058344237837237817
derived_vectors,arithmetic_calibration,stateless_full,frame_total,4096,100,64,10,31,4096,1572864,4096,380058.065,379300,433900,440400,440400,2631.177,1493964.839,31,0,0,98304,49152,0,147456,3,13897633136136327408
derived_vectors,arithmetic_calibration,stateful_event,frame_total,4096,100,64,10,31,4096,1572864,4096,396519.355,392900,416400,428100,428100,2521.945,1534109.387,31,0,0,147456,0,114688,262144,4,13897633136136327408
derived_vectors,arithmetic_calibration,tick_selective,frame_total,4096,100,64,10,31,4096,1572864,4096,363409.677,358800,378500,384600,384600,2751.715,1428872.065,31,0,0,180224,0,114688,294912,3,13897633136136327408
derived_vectors,arithmetic_calibration,stateless_full,tick_only,4096,100,64,10,31,4096,1572864,4096,351093.548,348100,380400,392700,392700,2848.244,1394796.194,31,0,0,98304,49152,0,147456,3,13897633136136327408
derived_vectors,arithmetic_calibration,stateful_event,tick_only,4096,100,64,10,31,4096,1572864,4096,48.387,0,100,200,200,20666666.667,1501024.613,0,0,0,147456,0,114688,262144,4,13897633136136327408
derived_vectors,arithmetic_calibration,tick_selective,tick_only,4096,100,64,10,31,4096,1572864,4096,356135.484,351800,397100,399300,399300,2807.920,1411106.161,31,0,0,180224,0,114688,294912,3,13897633136136327408
derived_vectors,arithmetic_calibration,stateless_full,frame_total,4096,100,64,11,31,4096,1572864,4096,351461.290,348100,379900,380100,380100,2845.264,1357710.419,31,0,0,98304,49152,0,147456,3,10093742675817693163
derived_vectors,arithmetic_calibration,stateful_event,frame_total,4096,100,64,11,31,4096,1572864,4096,386793.548,385600,394400,397800,397800,2585.359,1497145.935,31,0,0,147456,0,114688,262144,4,10093742675817693163
derived_vectors,arithmetic_calibration,tick_selective,frame_total,4096,100,64,11,31,4096,1572864,4096,363587.097,358800,408100,429300,429300,2750.373,1404841.516,31,0,0,180224,0,114688,294912,3,10093742675817693163
derived_vectors,arithmetic_calibration,stateless_full,tick_only,4096,100,64,11,31,4096,1572864,4096,346167.742,342400,356300,356600,356600,2888.773,1349659.419,31,0,0,98304,49152,0,147456,3,10093742675817693163
derived_vectors,arithmetic_calibration,stateful_event,tick_only,4096,100,64,11,31,4096,1572864,4096,35.484,0,100,100,100,28181818.182,1503031.290,0,0,0,147456,0,114688,262144,4,10093742675817693163
derived_vectors,arithmetic_calibration,tick_selective,tick_only,4096,100,64,11,31,4096,1572864,4096,349138.710,344300,374700,380600,380600,2864.191,1376198.323,31,0,0,180224,0,114688,294912,3,10093742675817693163
derived_vectors,arithmetic_calibration,stateless_full,frame_total,4096,100,96,1,31,4096,2359296,4096,531503.226,532100,543400,562200,562200,1881.456,2037452.806,31,0,0,98304,49152,0,147456,3,4339937912238025501
derived_vectors,arithmetic_calibration,stateful_event,frame_total,4096,100,96,1,31,4096,2359296,4096,578029.032,579600,593800,596400,596400,1730.017,2252638.258,31,0,0,147456,0,114688,262144,4,4339937912238025501
derived_vectors,arithmetic_calibration,tick_selective,frame_total,4096,100,96,1,31,4096,2359296,4096,538383.871,539300,548700,548900,548900,1857.411,2064529.710,31,0,0,180224,0,114688,294912,3,4339937912238025501
derived_vectors,arithmetic_calibration,stateless_full,tick_only,4096,100,96,1,31,4096,2359296,4096,533554.839,530700,562700,564300,564300,1874.222,2066536.387,31,0,0,98304,49152,0,147456,3,4339937912238025501
derived_vectors,arithmetic_calibration,stateful_event,tick_only,4096,100,96,1,31,4096,2359296,4096,41.935,0,100,200,200,23846153.846,2176508.935,0,0,0,147456,0,114688,262144,4,4339937912238025501
derived_vectors,arithmetic_calibration,tick_selective,tick_only,4096,100,96,1,31,4096,2359296,4096,557029.032,532900,565500,1255000,1255000,1795.239,2169204.419,31,1,0,180224,0,114688,294912,3,4339937912238025501
derived_vectors,arithmetic_calibration,stateless_full,frame_total,4096,100,96,2,31,4096,2359296,4096,529725.806,531600,535300,544500,544500,1887.769,2032362.806,31,0,0,98304,49152,0,147456,3,6097708075396876520
derived_vectors,arithmetic_calibration,stateful_event,frame_total,4096,100,96,2,31,4096,2359296,4096,567958.065,569300,575200,576000,576000,1760.693,2174318.871,31,0,0,147456,0,114688,262144,4,6097708075396876520
derived_vectors,arithmetic_calibration,tick_selective,frame_total,4096,100,96,2,31,4096,2359296,4096,539358.065,538800,550800,601600,601600,1854.056,2078441.613,31,0,0,180224,0,114688,294912,3,6097708075396876520
derived_vectors,arithmetic_calibration,stateless_full,tick_only,4096,100,96,2,31,4096,2359296,4096,547706.452,529300,541400,1150100,1150100,1825.796,2120445.968,31,1,0,98304,49152,0,147456,3,6097708075396876520
derived_vectors,arithmetic_calibration,stateful_event,tick_only,4096,100,96,2,31,4096,2359296,4096,32.258,0,100,100,100,31000000.000,2173425.677,0,0,0,147456,0,114688,262144,4,6097708075396876520
derived_vectors,arithmetic_calibration,tick_selective,tick_only,4096,100,96,2,31,4096,2359296,4096,534632.258,535400,549200,556100,556100,1870.445,2085880.839,31,0,0,180224,0,114688,294912,3,6097708075396876520
derived_vectors,arithmetic_calibration,stateless_full,frame_total,4096,100,96,3,31,4096,2359296,4096,554719.355,531900,640700,1112300,1112300,1802.713,2127346.806,31,1,0,98304,49152,0,147456,3,3454829922397858778
derived_vectors,arithmetic_calibration,stateful_event,frame_total,4096,100,96,3,31,4096,2359296,4096,570896.774,573200,577500,578600,578600,1751.630,2195816.677,31,0,0,147456,0,114688,262144,4,3454829922397858778
derived_vectors,arithmetic_calibration,tick_selective,frame_total,4096,100,96,3,31,4096,2359296,4096,541803.226,540300,567600,581800,581800,1845.689,2083519.323,31,0,0,180224,0,114688,294912,3,3454829922397858778
derived_vectors,arithmetic_calibration,stateless_full,tick_only,4096,100,96,3,31,4096,2359296,4096,561032.258,567300,591100,603600,603600,1782.429,2182859.290,31,0,0,98304,49152,0,147456,3,3454829922397858778
derived_vectors,arithmetic_calibration,stateful_event,tick_only,4096,100,96,3,31,4096,2359296,4096,45.161,0,100,200,200,22142857.143,2219810.548,0,0,0,147456,0,114688,262144,4,3454829922397858778
derived_vectors,arithmetic_calibration,tick_selective,tick_only,4096,100,96,3,31,4096,2359296,4096,537893.548,531700,562100,678900,678900,1859.104,2098948.290,31,0,0,180224,0,114688,294912,3,3454829922397858778
derived_vectors,arithmetic_calibration,stateless_full,frame_total,4096,100,96,4,31,4096,2359296,4096,551251.613,549900,582700,588200,588200,1814.054,2125585.032,31,0,0,98304,49152,0,147456,3,16090386064194880972
derived_vectors,arithmetic_calibration,stateful_event,frame_total,4096,100,96,4,31,4096,2359296,4096,593796.774,592900,621900,635000,635000,1684.078,2300136.484,31,0,0,147456,0,114688,262144,4,16090386064194880972
derived_vectors,arithmetic_calibration,tick_selective,frame_total,4096,100,96,4,31,4096,2359296,4096,595703.226,595200,618000,638200,638200,1678.688,2292281.226,31,0,0,180224,0,114688,294912,3,16090386064194880972
derived_vectors,arithmetic_calibration,stateless_full,tick_only,4096,100,96,4,31,4096,2359296,4096,553012.903,547000,597700,599700,599700,1808.276,2149076.968,31,0,0,98304,49152,0,147456,3,16090386064194880972
derived_vectors,arithmetic_calibration,stateful_event,tick_only,4096,100,96,4,31,4096,2359296,4096,22.581,0,100,100,100,44285714.286,2414795.097,0,0,0,147456,0,114688,262144,4,16090386064194880972
derived_vectors,arithmetic_calibration,tick_selective,tick_only,4096,100,96,4,31,4096,2359296,4096,589887.097,587500,610600,623200,623200,1695.240,2297995.194,31,0,0,180224,0,114688,294912,3,16090386064194880972
derived_vectors,arithmetic_calibration,stateless_full,frame_total,4096,100,96,5,31,4096,2359296,4096,590977.419,570700,595500,1165100,1165100,1692.112,2269278.387,31,1,0,98304,49152,0,147456,3,413698020346093923
derived_vectors,arithmetic_calibration,stateful_event,frame_total,4096,100,96,5,31,4096,2359296,4096,647190.323,646400,662300,690300,690300,1545.141,2497494.677,31,0,0,147456,0,114688,262144,4,413698020346093923
derived_vectors,arithmetic_calibration,tick_selective,frame_total,4096,100,96,5,31,4096,2359296,4096,612716.129,611200,635000,641400,641400,1632.077,2355979.000,31,0,0,180224,0,114688,294912,3,413698020346093923
derived_vectors,arithmetic_calibration,stateless_full,tick_only,4096,100,96,5,31,4096,2359296,4096,620493.548,618100,655300,679800,679800,1611.620,2415896.290,31,0,0,98304,49152,0,147456,3,413698020346093923
derived_vectors,arithmetic_calibration,stateful_event,tick_only,4096,100,96,5,31,4096,2359296,4096,64.516,100,200,300,300,15500000.000,2517805.677,0,0,0,147456,0,114688,262144,4,413698020346093923
derived_vectors,arithmetic_calibration,tick_selective,tick_only,4096,100,96,5,31,4096,2359296,4096,617938.710,610600,646500,800900,800900,1618.283,2412886.452,31,0,0,180224,0,114688,294912,3,413698020346093923
derived_vectors,arithmetic_calibration,stateless_full,frame_total,4096,100,96,6,31,4096,2359296,4096,623735.484,621200,676800,680100,680100,1603.244,2411552.677,31,0,0,98304,49152,0,147456,3,7980623180780505772
derived_vectors,arithmetic_calibration,stateful_event,frame_total,4096,100,96,6,31,4096,2359296,4096,618696.774,618600,649900,654300,654300,1616.301,2369499.323,31,0,0,147456,0,114688,262144,4,7980623180780505772
derived_vectors,arithmetic_calibration,tick_selective,frame_total,4096,100,96,6,31,4096,2359296,4096,604929.032,601800,637000,669500,669500,1653.086,2328914.258,31,0,0,180224,0,114688,294912,3,7980623180780505772
derived_vectors,arithmetic_calibration,stateless_full,tick_only,4096,100,96,6,31,4096,2359296,4096,602045.161,597700,640200,673600,673600,1661.005,2337931.806,31,0,0,98304,49152,0,147456,3,7980623180780505772
derived_vectors,arithmetic_calibration,stateful_event,tick_only,4096,100,96,6,31,4096,2359296,4096,67.742,100,200,400,400,14761904.762,2520081.419,0,0,0,147456,0,114688,262144,4,7980623180780505772
derived_vectors,arithmetic_calibration,tick_selective,tick_only,4096,100,96,6,31,4096,2359296,4096,538332.258,539100,558200,597100,597100,1857.589,2110755.548,31,0,0,180224,0,114688,294912,3,7980623180780505772
derived_vectors,arithmetic_calibration,stateless_full,frame_total,4096,100,96,7,31,4096,2359296,4096,583600.000,565200,756900,831700,831700,1713.502,2220985.194,31,0,0,98304,49152,0,147456,3,2657274204966465562
derived_vectors,arithmetic_calibration,stateful_event,frame_total,4096,100,96,7,31,4096,2359296,4096,574148.387,572600,597100,617500,617500,1741.710,2212126.516,31,0,0,147456,0,114688,262144,4,2657274204966465562
derived_vectors,arithmetic_calibration,tick_selective,frame_total,4096,100,96,7,31,4096,2359296,4096,539480.645,538800,548500,588700,588700,1853.635,2069766.677,31,0,0,180224,0,114688,294912,3,2657274204966465562
derived_vectors,arithmetic_calibration,stateless_full,tick_only,4096,100,96,7,31,4096,2359296,4096,531080.645,531700,546300,565000,565000,1882.953,2050691.452,31,0,0,98304,49152,0,147456,3,2657274204966465562
derived_vectors,arithmetic_calibration,stateful_event,tick_only,4096,100,96,7,31,4096,2359296,4096,32.258,0,100,100,100,31000000.000,2180962.871,0,0,0,147456,0,114688,262144,4,2657274204966465562
derived_vectors,arithmetic_calibration,tick_selective,tick_only,4096,100,96,7,31,4096,2359296,4096,557132.258,563100,593100,597000,597000,1794.906,2183055.000,31,0,0,180224,0,114688,294912,3,2657274204966465562
derived_vectors,arithmetic_calibration,stateless_full,frame_total,4096,100,96,8,31,4096,2359296,4096,528558.065,530400,540200,541300,541300,1891.940,2029340.677,31,0,0,98304,49152,0,147456,3,7384197700033068792
derived_vectors,arithmetic_calibration,stateful_event,frame_total,4096,100,96,8,31,4096,2359296,4096,569467.742,570000,578100,601800,601800,1756.026,2184657.968,31,0,0,147456,0,114688,262144,4,7384197700033068792
derived_vectors,arithmetic_calibration,tick_selective,frame_total,4096,100,96,8,31,4096,2359296,4096,538087.097,539100,548400,575800,575800,1858.435,2063183.871,31,0,0,180224,0,114688,294912,3,7384197700033068792
derived_vectors,arithmetic_calibration,stateless_full,tick_only,4096,100,96,8,31,4096,2359296,4096,528083.871,529600,535200,551300,551300,1893.639,2037832.129,31,0,0,98304,49152,0,147456,3,7384197700033068792
derived_vectors,arithmetic_calibration,stateful_event,tick_only,4096,100,96,8,31,4096,2359296,4096,38.710,0,100,100,100,25833333.333,2171333.516,0,0,0,147456,0,114688,262144,4,7384197700033068792
derived_vectors,arithmetic_calibration,tick_selective,tick_only,4096,100,96,8,31,4096,2359296,4096,533154.839,533000,568300,576400,576400,1875.628,2068579.968,31,0,0,180224,0,114688,294912,3,7384197700033068792
derived_vectors,arithmetic_calibration,stateless_full,frame_total,4096,100,96,9,31,4096,2359296,4096,530800.000,532100,540500,546300,546300,1883.949,2034198.129,31,0,0,98304,49152,0,147456,3,10325601800787979200
derived_vectors,arithmetic_calibration,stateful_event,frame_total,4096,100,96,9,31,4096,2359296,4096,569480.645,569700,581200,603600,603600,1755.986,2179421.161,31,0,0,147456,0,114688,262144,4,10325601800787979200
derived_vectors,arithmetic_calibration,tick_selective,frame_total,4096,100,96,9,31,4096,2359296,4096,540341.935,539100,564100,614300,614300,1850.680,2073975.677,31,0,0,180224,0,114688,294912,3,10325601800787979200
derived_vectors,arithmetic_calibration,stateless_full,tick_only,4096,100,96,9,31,4096,2359296,4096,527164.516,529400,534300,538300,538300,1896.941,2030172.774,31,0,0,98304,49152,0,147456,3,10325601800787979200
derived_vectors,arithmetic_calibration,stateful_event,tick_only,4096,100,96,9,31,4096,2359296,4096,25.806,0,100,100,100,38750000.000,2169840.677,0,0,0,147456,0,114688,262144,4,10325601800787979200
derived_vectors,arithmetic_calibration,tick_selective,tick_only,4096,100,96,9,31,4096,2359296,4096,531696.774,532600,543700,557700,557700,1880.771,2060051.677,31,0,0,180224,0,114688,294912,3,10325601800787979200
derived_vectors,arithmetic_calibration,stateless_full,frame_total,4096,100,96,10,31,4096,2359296,4096,530632.258,531900,537100,538600,538600,1884.544,2035690.871,31,0,0,98304,49152,0,147456,3,9317517302173131788
derived_vectors,arithmetic_calibration,stateful_event,frame_total,4096,100,96,10,31,4096,2359296,4096,567783.871,568700,574900,578000,578000,1761.234,2173278.839,31,0,0,147456,0,114688,262144,4,9317517302173131788
derived_vectors,arithmetic_calibration,tick_selective,frame_total,4096,100,96,10,31,4096,2359296,4096,538622.581,538500,547500,592600,592600,1856.588,2066499.742,31,0,0,180224,0,114688,294912,3,9317517302173131788
derived_vectors,arithmetic_calibration,stateless_full,tick_only,4096,100,96,10,31,4096,2359296,4096,531012.903,530100,556000,567800,567800,1883.193,2040560.742,31,0,0,98304,49152,0,147456,3,9317517302173131788
derived_vectors,arithmetic_calibration,stateful_event,tick_only,4096,100,96,10,31,4096,2359296,4096,35.484,0,100,200,200,28181818.182,2191252.806,0,0,0,147456,0,114688,262144,4,9317517302173131788
derived_vectors,arithmetic_calibration,tick_selective,tick_only,4096,100,96,10,31,4096,2359296,4096,532300.000,533100,540300,548900,548900,1878.640,2070892.387,31,0,0,180224,0,114688,294912,3,9317517302173131788
derived_vectors,arithmetic_calibration,stateless_full,frame_total,4096,100,96,11,31,4096,2359296,4096,536312.903,534700,549900,585300,585300,1864.583,2061605.548,31,0,0,98304,49152,0,147456,3,13230796313809307373
derived_vectors,arithmetic_calibration,stateful_event,frame_total,4096,100,96,11,31,4096,2359296,4096,574435.484,573700,597700,609200,609200,1740.840,2207342.548,31,0,0,147456,0,114688,262144,4,13230796313809307373
derived_vectors,arithmetic_calibration,tick_selective,frame_total,4096,100,96,11,31,4096,2359296,4096,544458.065,543100,558300,585300,585300,1836.689,2091056.387,31,0,0,180224,0,114688,294912,3,13230796313809307373
derived_vectors,arithmetic_calibration,stateless_full,tick_only,4096,100,96,11,31,4096,2359296,4096,531316.129,532400,543800,548900,548900,1882.119,2056540.258,31,0,0,98304,49152,0,147456,3,13230796313809307373
derived_vectors,arithmetic_calibration,stateful_event,tick_only,4096,100,96,11,31,4096,2359296,4096,32.258,0,100,100,100,31000000.000,2214854.935,0,0,0,147456,0,114688,262144,4,13230796313809307373
derived_vectors,arithmetic_calibration,tick_selective,tick_only,4096,100,96,11,31,4096,2359296,4096,534412.903,534400,544200,555800,555800,1871.212,2087814.065,31,0,0,180224,0,114688,294912,3,13230796313809307373
derived_vectors,arithmetic_calibration,stateless_full,frame_total,4096,100,128,1,31,4096,3145728,4096,720087.097,718400,730600,783800,783800,1388.721,2756054.903,31,0,0,98304,49152,0,147456,3,13971339932335545337
derived_vectors,arithmetic_calibration,stateful_event,frame_total,4096,100,128,1,31,4096,3145728,4096,757358.065,753300,801200,811400,811400,1320.379,2902770.710,31,0,0,147456,0,114688,262144,4,13971339932335545337
derived_vectors,arithmetic_calibration,tick_selective,frame_total,4096,100,128,1,31,4096,3145728,4096,731235.484,724900,772300,787600,787600,1367.549,2808178.161,31,0,0,180224,0,114688,294912,3,13971339932335545337
derived_vectors,arithmetic_calibration,stateless_full,tick_only,4096,100,128,1,31,4096,3145728,4096,723003.226,719000,755900,758200,758200,1383.120,2790583.516,31,0,0,98304,49152,0,147456,3,13971339932335545337
derived_vectors,arithmetic_calibration,stateful_event,tick_only,4096,100,128,1,31,4096,3145728,4096,48.387,0,100,200,200,20666666.667,2946170.000,0,0,0,147456,0,114688,262144,4,13971339932335545337
derived_vectors,arithmetic_calibration,tick_selective,tick_only,4096,100,128,1,31,4096,3145728,4096,768000.000,765500,818300,844800,844800,1302.083,2989275.613,31,0,0,180224,0,114688,294912,3,13971339932335545337
derived_vectors,arithmetic_calibration,stateless_full,frame_total,4096,100,128,2,31,4096,3145728,4096,719403.226,717400,737000,743400,743400,1390.041,2756923.645,31,0,0,98304,49152,0,147456,3,6041470421189851759
derived_vectors,arithmetic_calibration,stateful_event,frame_total,4096,100,128,2,31,4096,3145728,4096,758035.484,757500,772700,780900,780900,1319.199,2908191.161,31,0,0,147456,0,114688,262144,4,6041470421189851759
derived_vectors,arithmetic_calibration,tick_selective,frame_total,4096,100,128,2,31,4096,3145728,4096,729516.129,724100,753400,871300,871300,1370.772,2784563.645,31,0,0,180224,0,114688,294912,3,6041470421189851759
derived_vectors,arithmetic_calibration,stateless_full,tick_only,4096,100,128,2,31,4096,3145728,4096,719158.065,719300,737400,737800,737800,1390.515,2773967.774,31,0,0,98304,49152,0,147456,3,6041470421189851759
derived_vectors,arithmetic_calibration,stateful_event,tick_only,4096,100,128,2,31,4096,3145728,4096,61.290,100,200,200,200,16315789.474,2912008.452,0,0,0,147456,0,114688,262144,4,6041470421189851759
derived_vectors,arithmetic_calibration,tick_selective,tick_only,4096,100,128,2,31,4096,3145728,4096,749054.839,740900,818200,818900,818900,1335.016,2913537.742,31,0,0,180224,0,114688,294912,3,6041470421189851759
derived_vectors,arithmetic_calibration,stateless_full,frame_total,4096,100,128,3,31,4096,3145728,4096,720003.226,717000,743800,745300,745300,1388.883,2755235.226,31,0,0,98304,49152,0,147456,3,459523064955999422
derived_vectors,arithmetic_calibration,stateful_event,frame_total,4096,100,128,3,31,4096,3145728,4096,748770.968,749400,758000,788600,788600,1335.522,2858808.548,31,0,0,147456,0,114688,262144,4,459523064955999422
derived_vectors,arithmetic_calibration,tick_selective,frame_total,4096,100,128,3,31,4096,3145728,4096,722503.226,720900,747300,756100,756100,1384.077,2758098.290,31,0,0,180224,0,114688,294912,3,459523064955999422
derived_vectors,arithmetic_calibration,stateless_full,tick_only,4096,100,128,3,31,4096,3145728,4096,714864.516,714100,722200,751000,751000,1398.866,2739427.032,31,0,0,98304,49152,0,147456,3,459523064955999422
derived_vectors,arithmetic_calibration,stateful_event,tick_only,4096,100,128,3,31,4096,3145728,4096,29.032,0,100,300,300,34444444.444,2876170.645,0,0,0,147456,0,114688,262144,4,459523064955999422
derived_vectors,arithmetic_calibration,tick_selective,tick_only,4096,100,128,3,31,4096,3145728,4096,720080.645,717500,756400,764000,764000,1388.733,2793519.968,31,0,0,180224,0,114688,294912,3,459523064955999422
derived_vectors,arithmetic_calibration,stateless_full,frame_total,4096,100,128,4,31,4096,3145728,4096,720422.581,718900,738700,753200,753200,1388.074,2759273.000,31,0,0,98304,49152,0,147456,3,13909470858036117187
derived_vectors,arithmetic_calibration,stateful_event,frame_total,4096,100,128,4,31,4096,3145728,4096,749103.226,748800,766400,766500,766500,1334.930,2874347.710,31,0,0,147456,0,114688,262144,4,13909470858036117187
derived_vectors,arithmetic_calibration,tick_selective,frame_total,4096,100,128,4,31,4096,3145728,4096,724438.710,721500,759800,765200,765200,1380.379,2763702.161,31,0,0,180224,0,114688,294912,3,13909470858036117187
derived_vectors,arithmetic_calibration,stateless_full,tick_only,4096,100,128,4,31,4096,3145728,4096,717345.161,716200,746700,748900,748900,1394.029,2751515.484,31,0,0,98304,49152,0,147456,3,13909470858036117187
derived_vectors,arithmetic_calibration,stateful_event,tick_only,4096,100,128,4,31,4096,3145728,4096,12.903,0,100,100,100,77500000.000,2857927.677,0,0,0,147456,0,114688,262144,4,13909470858036117187
derived_vectors,arithmetic_calibration,tick_selective,tick_only,4096,100,128,4,31,4096,3145728,4096,717848.387,713400,750700,775500,775500,1393.052,2760312.903,31,0,0,180224,0,114688,294912,3,13909470858036117187
derived_vectors,arithmetic_calibration,stateless_full,frame_total,4096,100,128,5,31,4096,3145728,4096,717741.935,718700,725200,728000,728000,1393.258,2743366.806,31,0,0,98304,49152,0,147456,3,8702587102861770453
derived_vectors,arithmetic_calibration,stateful_event,frame_total,4096,100,128,5,31,4096,3145728,4096,749693.548,747600,768900,783800,783800,1333.878,2857841.968,31,0,0,147456,0,114688,262144,4,8702587102861770453
derived_vectors,arithmetic_calibration,tick_selective,frame_total,4096,100,128,5,31,4096,3145728,4096,717700.000,718600,725200,726800,726800,1393.340,2740907.548,31,0,0,180224,0,114688,294912,3,8702587102861770453
derived_vectors,arithmetic_calibration,stateless_full,tick_only,4096,100,128,5,31,4096,3145728,4096,712332.258,712800,717500,726300,726300,1403.839,2727803.452,31,0,0,98304,49152,0,147456,3,8702587102861770453
derived_vectors,arithmetic_calibration,stateful_event,tick_only,4096,100,128,5,31,4096,3145728,4096,38.710,0,100,200,200,25833333.333,2880881.387,0,0,0,147456,0,114688,262144,4,8702587102861770453
derived_vectors,arithmetic_calibration,tick_selective,tick_only,4096,100,128,5,31,4096,3145728,4096,718558.065,715300,753000,805800,805800,1391.676,2769758.677,31,0,0,180224,0,114688,294912,3,8702587102861770453
derived_vectors,arithmetic_calibration,stateless_full,frame_total,4096,100,128,6,31,4096,3145728,4096,724174.194,719900,771500,777100,777100,1380.883,2776757.452,31,0,0,98304,49152,0,147456,3,5011642242800006417
derived_vectors,arithmetic_calibration,stateful_event,frame_total,4096,100,128,6,31,4096,3145728,4096,756461.290,752100,814700,817100,817100,1321.945,2898635.129,31,0,0,147456,0,114688,262144,4,5011642242800006417
derived_vectors,arithmetic_calibration,tick_selective,frame_total,4096,100,128,6,31,4096,3145728,4096,721835.484,720800,736400,738700,738700,1385.357,2762001.452,31,0,0,180224,0,114688,294912,3,5011642242800006417
derived_vectors,arithmetic_calibration,stateless_full,tick_only,4096,100,128,6,31,4096,3145728,4096,716909.677,714900,733700,748600,748600,1394.876,2761903.548,31,0,0,98304,49152,0,147456,3,5011642242800006417
derived_vectors,arithmetic_calibration,stateful_event,tick_only,4096,100,128,6,31,4096,3145728,4096,38.710,0,100,200,200,25833333.333,2894988.742,0,0,0,147456,0,114688,262144,4,5011642242800006417
derived_vectors,arithmetic_calibration,tick_selective,tick_only,4096,100,128,6,31,4096,3145728,4096,718522.581,714500,745400,762400,762400,1391.745,2775521.613,31,0,0,180224,0,114688,294912,3,5011642242800006417
derived_vectors,arithmetic_calibration,stateless_full,frame_total,4096,100,128,7,31,4096,3145728,4096,725980.645,723500,753000,756800,756800,1377.447,2783817.290,31,0,0,98304,49152,0,147456,3,8318445690293382076
derived_vectors,arithmetic_calibration,stateful_event,frame_total,4096,100,128,7,31,4096,3145728,4096,758874.194,756400,774500,810000,810000,1317.741,2915642.516,31,0,0,147456,0,114688,262144,4,8318445690293382076
derived_vectors,arithmetic_calibration,tick_selective,frame_total,4096,100,128,7,31,4096,3145728,4096,735425.806,731600,771600,782800,782800,1359.756,2834875.935,31,0,0,180224,0,114688,294912,3,8318445690293382076
derived_vectors,arithmetic_calibration,stateless_full,tick_only,4096,100,128,7,31,4096,3145728,4096,739638.710,730100,777600,788100,788100,1352.011,2850011.226,31,0,0,98304,49152,0,147456,3,8318445690293382076
derived_vectors,arithmetic_calibration,stateful_event,tick_only,4096,100,128,7,31,4096,3145728,4096,70.968,100,100,200,200,14090909.091,2929541.968,0,0,0,147456,0,114688,262144,4,8318445690293382076
derived_vectors,arithmetic_calibration,tick_selective,tick_only,4096,100,128,7,31,4096,3145728,4096,720064.516,715300,751500,797800,797800,1388.764,2789653.613,31,0,0,180224,0,114688,294912,3,8318445690293382076
derived_vectors,arithmetic_calibration,stateless_full,frame_total,4096,100,128,8,31,4096,3145728,4096,720941.935,718600,747600,755000,755000,1387.074,2758110.581,31,0,0,98304,49152,0,147456,3,7395032094279732217
derived_vectors,arithmetic_calibration,stateful_event,frame_total,4096,100,128,8,31,4096,3145728,4096,765164.516,763700,799900,805600,805600,1306.908,2950366.613,31,0,0,147456,0,114688,262144,4,7395032094279732217
derived_vectors,arithmetic_calibration,tick_selective,frame_total,4096,100,128,8,31,4096,3145728,4096,738761.290,732900,776000,826000,826000,1353.617,2845190.290,31,0,0,180224,0,114688,294912,3,7395032094279732217
derived_vectors,arithmetic_calibration,stateless_full,tick_only,4096,100,128,8,31,4096,3145728,4096,752819.355,726500,839800,1307900,1307900,1328.340,2921282.968,31,1,0,98304,49152,0,147456,3,7395032094279732217
derived_vectors,arithmetic_calibration,stateful_event,tick_only,4096,100,128,8,31,4096,3145728,4096,48.387,0,100,100,100,20666666.667,2862601.613,0,0,0,147456,0,114688,262144,4,7395032094279732217
derived_vectors,arithmetic_calibration,tick_selective,tick_only,4096,100,128,8,31,4096,3145728,4096,713745.161,713400,728800,731300,731300,1401.060,2754794.871,31,0,0,180224,0,114688,294912,3,7395032094279732217
derived_vectors,arithmetic_calibration,stateless_full,frame_total,4096,100,128,9,31,4096,3145728,4096,716006.452,714800,734500,737900,737900,1396.635,2734728.548,31,0,0,98304,49152,0,147456,3,2615095054179006015
derived_vectors,arithmetic_calibration,stateful_event,frame_total,4096,100,128,9,31,4096,3145728,4096,749170.968,749100,762900,767500,767500,1334.809,2867813.935,31,0,0,147456,0,114688,262144,4,2615095054179006015
derived_vectors,arithmetic_calibration,tick_selective,frame_total,4096,100,128,9,31,4096,3145728,4096,723270.968,720100,736100,762400,762400,1382.608,2766504.129,31,0,0,180224,0,114688,294912,3,2615095054179006015
derived_vectors,arithmetic_calibration,stateless_full,tick_only,4096,100,128,9,31,4096,3145728,4096,709993.548,710600,716300,717900,717900,1408.464,2721624.387,31,0,0,98304,49152,0,147456,3,2615095054179006015
derived_vectors,arithmetic_calibration,stateful_event,tick_only,4096,100,128,9,31,4096,3145728,4096,35.484,0,100,200,200,28181818.182,2855884.290,0,0,0,147456,0,114688,262144,4,2615095054179006015
derived_vectors,arithmetic_calibration,tick_selective,tick_only,4096,100,128,9,31,4096,3145728,4096,710935.484,711900,716800,720600,720600,1406.597,2740699.484,31,0,0,180224,0,114688,294912,3,2615095054179006015
derived_vectors,arithmetic_calibration,stateless_full,frame_total,4096,100,128,10,31,4096,3145728,4096,714851.613,713500,733700,740800,740800,1398.892,2725086.935,31,0,0,98304,49152,0,147456,3,3751591920102241993
derived_vectors,arithmetic_calibration,stateful_event,frame_total,4096,100,128,10,31,4096,3145728,4096,747719.355,748000,760500,760900,760900,1337.400,2852911.097,31,0,0,147456,0,114688,262144,4,3751591920102241993
derived_vectors,arithmetic_calibration,tick_selective,frame_total,4096,100,128,10,31,4096,3145728,4096,720564.516,719500,734000,753900,753900,1387.801,2749350.000,31,0,0,180224,0,114688,294912,3,3751591920102241993
derived_vectors,arithmetic_calibration,stateless_full,tick_only,4096,100,128,10,31,4096,3145728,4096,710219.355,711400,714900,717900,717900,1408.016,2722982.484,31,0,0,98304,49152,0,147456,3,3751591920102241993
derived_vectors,arithmetic_calibration,stateful_event,tick_only,4096,100,128,10,31,4096,3145728,4096,29.032,0,100,100,100,34444444.444,2852678.548,0,0,0,147456,0,114688,262144,4,3751591920102241993
derived_vectors,arithmetic_calibration,tick_selective,tick_only,4096,100,128,10,31,4096,3145728,4096,711616.129,711700,716900,729300,729300,1405.252,2742412.323,31,0,0,180224,0,114688,294912,3,3751591920102241993
derived_vectors,arithmetic_calibration,stateless_full,frame_total,4096,100,128,11,31,4096,3145728,4096,712393.548,713200,719900,721200,721200,1403.718,2720180.677,31,0,0,98304,49152,0,147456,3,11948776064146472169
derived_vectors,arithmetic_calibration,stateful_event,frame_total,4096,100,128,11,31,4096,3145728,4096,745783.871,746800,750800,751500,751500,1340.871,2846474.968,31,0,0,147456,0,114688,262144,4,11948776064146472169
derived_vectors,arithmetic_calibration,tick_selective,frame_total,4096,100,128,11,31,4096,3145728,4096,726416.129,722000,752500,754500,754500,1376.621,2770468.355,31,0,0,180224,0,114688,294912,3,11948776064146472169
derived_vectors,arithmetic_calibration,stateless_full,tick_only,4096,100,128,11,31,4096,3145728,4096,715354.839,713200,740800,751300,751300,1397.908,2745593.581,31,0,0,98304,49152,0,147456,3,11948776064146472169
derived_vectors,arithmetic_calibration,stateful_event,tick_only,4096,100,128,11,31,4096,3145728,4096,25.806,0,100,100,100,38750000.000,2899320.194,0,0,0,147456,0,114688,262144,4,11948776064146472169
derived_vectors,arithmetic_calibration,tick_selective,tick_only,4096,100,128,11,31,4096,3145728,4096,715583.871,715400,725200,727700,727700,1397.460,2768975.613,31,0,0,180224,0,114688,294912,3,11948776064146472169
derived_vectors,arithmetic_calibration,stateless_full,frame_total,4096,100,160,1,31,4096,3932160,4096,908045.161,908900,919700,922400,922400,1101.267,3469897.645,31,0,0,98304,49152,0,147456,3,18120235778206616894
derived_vectors,arithmetic_calibration,stateful_event,frame_total,4096,100,160,1,31,4096,3932160,4096,939161.290,937900,949200,973300,973300,1064.780,3594405.935,31,0,0,147456,0,114688,262144,4,18120235778206616894
derived_vectors,arithmetic_calibration,tick_selective,frame_total,4096,100,160,1,31,4096,3932160,4096,912745.161,910600,927200,950000,950000,1095.596,3483466.806,31,0,0,180224,0,114688,294912,3,18120235778206616894
derived_vectors,arithmetic_calibration,stateless_full,tick_only,4096,100,160,1,31,4096,3932160,4096,913341.935,907800,936700,942100,942100,1094.880,3510286.839,31,0,0,98304,49152,0,147456,3,18120235778206616894
derived_vectors,arithmetic_calibration,stateful_event,tick_only,4096,100,160,1,31,4096,3932160,4096,61.290,0,200,200,200,16315789.474,3725129.774,0,0,0,147456,0,114688,262144,4,18120235778206616894
derived_vectors,arithmetic_calibration,tick_selective,tick_only,4096,100,160,1,31,4096,3932160,4096,906977.419,902900,928500,939200,939200,1102.563,3496619.742,31,0,0,180224,0,114688,294912,3,18120235778206616894
derived_vectors,arithmetic_calibration,stateless_full,frame_total,4096,100,160,2,31,4096,3932160,4096,938548.387,923300,1007100,1030200,1030200,1065.475,3622938.871,31,3,0,98304,49152,0,147456,3,13917920316082790573
derived_vectors,arithmetic_calibration,stateful_event,frame_total,4096,100,160,2,31,4096,3932160,4096,976154.839,950700,1058800,1529100,1529100,1024.428,3729338.806,31,3,0,147456,0,114688,262144,4,13917920316082790573
derived_vectors,arithmetic_calibration,tick_selective,frame_total,4096,100,160,2,31,4096,3932160,4096,940096.774,931400,980700,1008600,1008600,1063.720,3597379.032,31,1,0,180224,0,114688,294912,3,13917920316082790573
derived_vectors,arithmetic_calibration,stateless_full,tick_only,4096,100,160,2,31,4096,3932160,4096,927016.129,926700,971800,978800,978800,1078.730,3570669.000,31,0,0,98304,49152,0,147456,3,13917920316082790573
derived_vectors,arithmetic_calibration,stateful_event,tick_only,4096,100,160,2,31,4096,3932160,4096,38.710,0,200,200,200,25833333.333,3777803.484,0,0,0,147456,0,114688,262144,4,13917920316082790573
derived_vectors,arithmetic_calibration,tick_selective,tick_only,4096,100,160,2,31,4096,3932160,4096,902000.000,901900,911100,919000,919000,1108.647,3472601.581,31,0,0,180224,0,114688,294912,3,13917920316082790573
derived_vectors,arithmetic_calibration,stateless_full,frame_total,4096,100,160,3,31,4096,3932160,4096,928629.032,902600,935900,1652300,1652300,1076.856,3541279.355,31,1,0,98304,49152,0,147456,3,11040275686471490347
derived_vectors,arithmetic_calibration,stateful_event,frame_total,4096,100,160,3,31,4096,3932160,4096,944332.258,935300,1028000,1068500,1068500,1058.949,3578450.935,31,2,0,147456,0,114688,262144,4,11040275686471490347
derived_vectors,arithmetic_calibration,tick_selective,frame_total,4096,100,160,3,31,4096,3932160,4096,908138.710,903500,946300,1007900,1007900,1101.153,3459154.806,31,1,0,180224,0,114688,294912,3,11040275686471490347
derived_vectors,arithmetic_calibration,stateless_full,tick_only,4096,100,160,3,31,4096,3932160,4096,895280.645,896800,916200,935100,935100,1116.968,3431637.226,31,0,0,98304,49152,0,147456,3,11040275686471490347
derived_vectors,arithmetic_calibration,stateful_event,tick_only,4096,100,160,3,31,4096,3932160,4096,29.032,0,100,100,100,34444444.444,3596583.871,0,0,0,147456,0,114688,262144,4,11040275686471490347
derived_vectors,arithmetic_calibration,tick_selective,tick_only,4096,100,160,3,31,4096,3932160,4096,930390.323,900000,964400,1732100,1732100,1074.818,3526719.161,31,1,0,180224,0,114688,294912,3,11040275686471490347
derived_vectors,arithmetic_calibration,stateless_full,frame_total,4096,100,160,4,31,4096,3932160,4096,902125.806,900700,909200,910300,910300,1108.493,3438562.516,31,0,0,98304,49152,0,147456,3,2722735574704784654
derived_vectors,arithmetic_calibration,stateful_event,frame_total,4096,100,160,4,31,4096,3932160,4096,935587.097,933000,967000,967700,967700,1068.848,3559351.258,31,0,0,147456,0,114688,262144,4,2722735574704784654
derived_vectors,arithmetic_calibration,tick_selective,frame_total,4096,100,160,4,31,4096,3932160,4096,907267.742,907000,919600,936900,936900,1102.210,3453012.645,31,0,0,180224,0,114688,294912,3,2722735574704784654
derived_vectors,arithmetic_calibration,stateless_full,tick_only,4096,100,160,4,31,4096,3932160,4096,898522.581,898700,901100,905400,905400,1112.938,3432787.258,31,0,0,98304,49152,0,147456,3,2722735574704784654
derived_vectors,arithmetic_calibration,stateful_event,tick_only,4096,100,160,4,31,4096,3932160,4096,22.581,0,100,100,100,44285714.286,3552107.742,0,0,0,147456,0,114688,262144,4,2722735574704784654
derived_vectors,arithmetic_calibration,tick_selective,tick_only,4096,100,160,4,31,4096,3932160,4096,900706.452,898800,912400,937300,937300,1110.240,3452890.290,31,0,0,180224,0,114688,294912,3,2722735574704784654
derived_vectors,arithmetic_calibration,stateless_full,frame_total,4096,100,160,5,31,4096,3932160,4096,904877.419,905300,912800,913500,913500,1105.122,3446846.000,31,0,0,98304,49152,0,147456,3,9533823282381954866
derived_vectors,arithmetic_calibration,stateful_event,frame_total,4096,100,160,5,31,4096,3932160,4096,940861.290,939700,955700,964400,964400,1062.856,3590343.581,31,0,0,147456,0,114688,262144,4,9533823282381954866
derived_vectors,arithmetic_calibration,tick_selective,frame_total,4096,100,160,5,31,4096,3932160,4096,914274.194,912800,935600,939600,939600,1093.764,3489058.452,31,0,0,180224,0,114688,294912,3,9533823282381954866
derived_vectors,arithmetic_calibration,stateless_full,tick_only,4096,100,160,5,31,4096,3932160,4096,907309.677,906200,924100,930700,930700,1102.160,3476455.613,31,0,0,98304,49152,0,147456,3,9533823282381954866
derived_vectors,arithmetic_calibration,stateful_event,tick_only,4096,100,160,5,31,4096,3932160,4096,41.935,0,100,100,100,23846153.846,3597464.806,0,0,0,147456,0,114688,262144,4,9533823282381954866
derived_vectors,arithmetic_calibration,tick_selective,tick_only,4096,100,160,5,31,4096,3932160,4096,908858.065,904000,961700,964500,964500,1100.282,3494429.710,31,0,0,180224,0,114688,294912,3,9533823282381954866
derived_vectors,arithmetic_calibration,stateless_full,frame_total,4096,100,160,6,31,4096,3932160,4096,911832.258,908900,928700,937200,937200,1096.693,3479796.129,31,0,0,98304,49152,0,147456,3,10414455740892099132
derived_vectors,arithmetic_calibration,stateful_event,frame_total,4096,100,160,6,31,4096,3932160,4096,945583.871,940800,989500,992400,992400,1057.548,3621727.645,31,0,0,147456,0,114688,262144,4,10414455740892099132
derived_vectors,arithmetic_calibration,tick_selective,frame_total,4096,100,160,6,31,4096,3932160,4096,926932.258,920100,968200,973700,973700,1078.827,3545537.355,31,0,0,180224,0,114688,294912,3,10414455740892099132
derived_vectors,arithmetic_calibration,stateless_full,tick_only,4096,100,160,6,31,4096,3932160,4096,931638.710,934800,978200,978800,978800,1073.377,3582451.710,31,0,0,98304,49152,0,147456,3,10414455740892099132
derived_vectors,arithmetic_calibration,stateful_event,tick_only,4096,100,160,6,31,4096,3932160,4096,64.516,100,200,200,200,15500000.000,3756783.065,0,0,0,147456,0,114688,262144,4,10414455740892099132
derived_vectors,arithmetic_calibration,tick_selective,tick_only,4096,100,160,6,31,4096,3932160,4096,976561.290,978700,1021000,1046300,1046300,1024.001,3783994.710,31,6,0,180224,0,114688,294912,3,10414455740892099132
derived_vectors,arithmetic_calibration,stateless_full,frame_total,4096,100,160,7,31,4096,3932160,4096,914003.226,905900,963800,976500,976500,1094.088,3510727.484,31,0,0,98304,49152,0,147456,3,13959028569901237802
derived_vectors,arithmetic_calibration,stateful_event,frame_total,4096,100,160,7,31,4096,3932160,4096,976909.677,980200,1024700,1029600,1029600,1023.636,3769728.097,31,6,0,147456,0,114688,262144,4,13959028569901237802
derived_vectors,arithmetic_calibration,tick_selective,frame_total,4096,100,160,7,31,4096,3932160,4096,900154.839,898300,921700,956600,956600,1110.920,3440972.806,31,0,0,180224,0,114688,294912,3,13959028569901237802
derived_vectors,arithmetic_calibration,stateless_full,tick_only,4096,100,160,7,31,4096,3932160,4096,892322.581,896500,904400,923100,923100,1120.671,3421322.677,31,0,0,98304,49152,0,147456,3,13959028569901237802
derived_vectors,arithmetic_calibration,stateful_event,tick_only,4096,100,160,7,31,4096,3932160,4096,25.806,0,100,100,100,38750000.000,3572590.065,0,0,0,147456,0,114688,262144,4,13959028569901237802
derived_vectors,arithmetic_calibration,tick_selective,tick_only,4096,100,160,7,31,4096,3932160,4096,888254.839,886500,901800,923500,923500,1125.803,3411620.032,31,0,0,180224,0,114688,294912,3,13959028569901237802
derived_vectors,arithmetic_calibration,stateless_full,frame_total,4096,100,160,8,31,4096,3932160,4096,923138.710,901200,1218400,1261100,1261100,1083.261,3527257.581,31,2,0,98304,49152,0,147456,3,8891081028584269396
derived_vectors,arithmetic_calibration,stateful_event,frame_total,4096,100,160,8,31,4096,3932160,4096,941477.419,933700,994100,1011700,1011700,1062.160,3571293.065,31,1,0,147456,0,114688,262144,4,8891081028584269396
derived_vectors,arithmetic_calibration,tick_selective,frame_total,4096,100,160,8,31,4096,3932160,4096,892651.613,891300,902100,908300,908300,1120.258,3400767.032,31,0,0,180224,0,114688,294912,3,8891081028584269396
derived_vectors,arithmetic_calibration,stateless_full,tick_only,4096,100,160,8,31,4096,3932160,4096,898629.032,897800,920700,933500,933500,1112.806,3426669.710,31,0,0,98304,49152,0,147456,3,8891081028584269396
derived_vectors,arithmetic_calibration,stateful_event,tick_only,4096,100,160,8,31,4096,3932160,4096,19.355,0,100,100,100,51666666.667,3553037.581,0,0,0,147456,0,114688,262144,4,8891081028584269396
derived_vectors,arithmetic_calibration,tick_selective,tick_only,4096,100,160,8,31,4096,3932160,4096,897254.839,896900,901000,903600,903600,1114.511,3442025.129,31,0,0,180224,0,114688,294912,3,8891081028584269396
derived_vectors,arithmetic_calibration,stateless_full,frame_total,4096,100,160,9,31,4096,3932160,4096,899483.871,898900,907700,928900,928900,1111.749,3424381.484,31,0,0,98304,49152,0,147456,3,4234638538177128075
derived_vectors,arithmetic_calibration,stateful_event,frame_total,4096,100,160,9,31,4096,3932160,4096,933467.742,933700,937800,945500,945500,1071.274,3553674.097,31,0,0,147456,0,114688,262144,4,4234638538177128075
derived_vectors,arithmetic_calibration,tick_selective,frame_total,4096,100,160,9,31,4096,3932160,4096,908112.903,904900,936000,938800,938800,1101.185,3450712.258,31,0,0,180224,0,114688,294912,3,4234638538177128075
derived_vectors,arithmetic_calibration,stateless_full,tick_only,4096,100,160,9,31,4096,3932160,4096,910525.806,900600,928500,1168200,1168200,1098.267,3469481.387,31,1,0,98304,49152,0,147456,3,4234638538177128075
derived_vectors,arithmetic_calibration,stateful_event,tick_only,4096,100,160,9,31,4096,3932160,4096,51.613,0,100,300,300,19375000.000,3648805.000,0,0,0,147456,0,114688,262144,4,4234638538177128075
derived_vectors,arithmetic_calibration,tick_selective,tick_only,4096,100,160,9,31,4096,3932160,4096,906664.516,904300,935700,942400,942400,1102.944,3493989.194,31,0,0,180224,0,114688,294912,3,4234638538177128075
derived_vectors,arithmetic_calibration,stateless_full,frame_total,4096,100,160,10,31,4096,3932160,4096,907729.032,907400,929300,933300,933300,1101.650,3464832.032,31,0,0,98304,49152,0,147456,3,16023800908027783851
derived_vectors,arithmetic_calibration,stateful_event,frame_total,4096,100,160,10,31,4096,3932160,4096,941100.000,939200,959300,989400,989400,1062.586,3606176.226,31,0,0,147456,0,114688,262144,4,16023800908027783851
derived_vectors,arithmetic_calibration,tick_selective,frame_total,4096,100,160,10,31,4096,3932160,4096,911167.742,907300,950400,963500,963500,1097.493,3473201.129,31,0,0,180224,0,114688,294912,3,16023800908027783851
derived_vectors,arithmetic_calibration,stateless_full,tick_only,4096,100,160,10,31,4096,3932160,4096,905087.097,902100,926000,943500,943500,1104.866,3467377.065,31,0,0,98304,49152,0,147456,3,16023800908027783851
derived_vectors,arithmetic_calibration,stateful_event,tick_only,4096,100,160,10,31,4096,3932160,4096,74.194,100,200,200,200,13478260.870,3620088.065,0,0,0,147456,0,114688,262144,4,16023800908027783851
derived_vectors,arithmetic_calibration,tick_selective,tick_only,4096,100,160,10,31,4096,3932160,4096,940754.839,928300,1036800,1085700,1085700,1062.976,3647079.581,31,4,0,180224,0,114688,294912,3,16023800908027783851
derived_vectors,arithmetic_calibration,stateless_full,frame_total,4096,100,160,11,31,4096,3932160,4096,962129.032,962000,1016200,1017900,1017900,1039.362,3677472.452,31,3,0,98304,49152,0,147456,3,6898116487188990718
derived_vectors,arithmetic_calibration,stateful_event,frame_total,4096,100,160,11,31,4096,3932160,4096,1049222.581,1045200,1106700,1128100,1128100,953.087,4093112.032,31,31,0,147456,0,114688,262144,4,6898116487188990718
derived_vectors,arithmetic_calibration,tick_selective,frame_total,4096,100,160,11,31,4096,3932160,4096,947722.581,951300,991400,1011600,1011600,1055.161,3617322.968,31,1,0,180224,0,114688,294912,3,6898116487188990718
derived_vectors,arithmetic_calibration,stateless_full,tick_only,4096,100,160,11,31,4096,3932160,4096,909667.742,908300,931500,933000,933000,1099.302,3493536.452,31,0,0,98304,49152,0,147456,3,6898116487188990718
derived_vectors,arithmetic_calibration,stateful_event,tick_only,4096,100,160,11,31,4096,3932160,4096,54.839,0,200,200,200,18235294.118,3660269.484,0,0,0,147456,0,114688,262144,4,6898116487188990718
derived_vectors,arithmetic_calibration,tick_selective,tick_only,4096,100,160,11,31,4096,3932160,4096,914864.516,907700,964500,972600,972600,1093.058,3529875.774,31,0,0,180224,0,114688,294912,3,6898116487188990718
derived_vectors,arithmetic_calibration,stateless_full,frame_total,4096,100,192,1,31,4096,4718592,4096,1106148.387,1082400,1118400,1758300,1758300,904.038,4210890.645,31,31,0,98304,49152,0,147456,3,7599322717285490704
derived_vectors,arithmetic_calibration,stateful_event,frame_total,4096,100,192,1,31,4096,4718592,4096,1152351.613,1118100,1444000,1533300,1533300,867.791,4379997.194,31,31,0,147456,0,114688,262144,4,7599322717285490704
derived_vectors,arithmetic_calibration,tick_selective,frame_total,4096,100,192,1,31,4096,4718592,4096,1089167.742,1084400,1130000,1152400,1152400,918.132,4143448.774,31,31,0,180224,0,114688,294912,3,7599322717285490704
derived_vectors,arithmetic_calibration,stateless_full,tick_only,4096,100,192,1,31,4096,4718592,4096,1090970.968,1083800,1114700,1149100,1149100,916.615,4172324.548,31,31,0,98304,49152,0,147456,3,7599322717285490704
derived_vectors,arithmetic_calibration,stateful_event,tick_only,4096,100,192,1,31,4096,4718592,4096,35.484,0,100,200,200,28181818.182,4291706.097,0,0,0,147456,0,114688,262144,4,7599322717285490704
derived_vectors,arithmetic_calibration,tick_selective,tick_only,4096,100,192,1,31,4096,4718592,4096,1087467.742,1081300,1132600,1153800,1153800,919.568,4186566.581,31,31,0,180224,0,114688,294912,3,7599322717285490704
derived_vectors,arithmetic_calibration,stateless_full,frame_total,4096,100,192,2,31,4096,4718592,4096,1100387.097,1083800,1151900,1283400,1283400,908.771,4189087.194,31,31,0,98304,49152,0,147456,3,16014460151234186020
derived_vectors,arithmetic_calibration,stateful_event,frame_total,4096,100,192,2,31,4096,4718592,4096,1118445.161,1116700,1142900,1146100,1146100,894.098,4263417.452,31,31,0,147456,0,114688,262144,4,16014460151234186020
derived_vectors,arithmetic_calibration,tick_selective,frame_total,4096,100,192,2,31,4096,4718592,4096,1095261.290,1089400,1122800,1164300,1164300,913.024,4171724.968,31,31,0,180224,0,114688,294912,3,16014460151234186020
derived_vectors,arithmetic_calibration,stateless_full,tick_only,4096,100,192,2,31,4096,4718592,4096,1084970.968,1078600,1130900,1196900,1196900,921.684,4139007.258,31,31,0,98304,49152,0,147456,3,16014460151234186020
derived_vectors,arithmetic_calibration,stateful_event,tick_only,4096,100,192,2,31,4096,4718592,4096,25.806,0,100,100,100,38750000.000,4276142.581,0,0,0,147456,0,114688,262144,4,16014460151234186020
derived_vectors,arithmetic_calibration,tick_selective,tick_only,4096,100,192,2,31,4096,4718592,4096,1088777.419,1083300,1119000,1171000,1171000,918.461,4176044.000,31,31,0,180224,0,114688,294912,3,16014460151234186020
derived_vectors,arithmetic_calibration,stateless_full,frame_total,4096,100,192,3,31,4096,4718592,4096,1096064.516,1088700,1113900,1259600,1259600,912.355,4176141.903,31,31,0,98304,49152,0,147456,3,5184273224683046577
derived_vectors,arithmetic_calibration,stateful_event,frame_total,4096,100,192,3,31,4096,4718592,4096,1128490.323,1123900,1156500,1164600,1164600,886.140,4312787.935,31,31,0,147456,0,114688,262144,4,5184273224683046577
derived_vectors,arithmetic_calibration,tick_selective,frame_total,4096,100,192,3,31,4096,4718592,4096,1095645.161,1086800,1154600,1179200,1179200,912.704,4170660.516,31,31,0,180224,0,114688,294912,3,5184273224683046577
derived_vectors,arithmetic_calibration,stateless_full,tick_only,4096,100,192,3,31,4096,4718592,4096,1086267.742,1088200,1101300,1105300,1105300,920.583,4153396.097,31,31,0,98304,49152,0,147456,3,5184273224683046577
derived_vectors,arithmetic_calibration,stateful_event,tick_only,4096,100,192,3,31,4096,4718592,4096,58.065,0,200,200,200,17222222.222,4419909.226,0,0,0,147456,0,114688,262144,4,5184273224683046577
derived_vectors,arithmetic_calibration,tick_selective,tick_only,4096,100,192,3,31,4096,4718592,4096,1102774.194,1093500,1130600,1269000,1269000,906.804,4238445.065,31,31,0,180224,0,114688,294912,3,5184273224683046577
derived_vectors,arithmetic_calibration,stateless_full,frame_total,4096,100,192,4,31,4096,4718592,4096,1102122.581,1092000,1158500,1211300,1211300,907.340,4204797.355,31,31,0,98304,49152,0,147456,3,285694297227449148
derived_vectors,arithmetic_calibration,stateful_event,frame_total,4096,100,192,4,31,4096,4718592,4096,1147793.548,1125200,1157300,1756800,1756800,871.237,4403722.065,31,31,0,147456,0,114688,262144,4,285694297227449148
derived_vectors,arithmetic_calibration,tick_selective,frame_total,4096,100,192,4,31,4096,4718592,4096,1102890.323,1099300,1139400,1146200,1146200,906.708,4210560.387,31,31,0,180224,0,114688,294912,3,285694297227449148
derived_vectors,arithmetic_calibration,stateless_full,tick_only,4096,100,192,4,31,4096,4718592,4096,1101577.419,1087000,1162200,1283400,1283400,907.789,4216959.581,31,31,0,98304,49152,0,147456,3,285694297227449148
derived_vectors,arithmetic_calibration,stateful_event,tick_only,4096,100,192,4,31,4096,4718592,4096,41.935,0,200,200,200,23846153.846,4288145.710,0,0,0,147456,0,114688,262144,4,285694297227449148
derived_vectors,arithmetic_calibration,tick_selective,tick_only,4096,100,192,4,31,4096,4718592,4096,1080616.129,1080300,1090900,1095700,1095700,925.398,4141711.323,31,31,0,180224,0,114688,294912,3,285694297227449148
derived_vectors,arithmetic_calibration,stateless_full,frame_total,4096,100,192,5,31,4096,4718592,4096,1083583.871,1082800,1095200,1103000,1103000,922.863,4129157.742,31,31,0,98304,49152,0,147456,3,995142124753932388
derived_vectors,arithmetic_calibration,stateful_event,frame_total,4096,100,192,5,31,4096,4718592,4096,1117909.677,1116600,1127400,1140000,1140000,894.527,4257777.000,31,31,0,147456,0,114688,262144,4,995142124753932388
derived_vectors,arithmetic_calibration,tick_selective,frame_total,4096,100,192,5,31,4096,4718592,4096,1085638.710,1083900,1095300,1100900,1100900,921.117,4132228.613,31,31,0,180224,0,114688,294912,3,995142124753932388
derived_vectors,arithmetic_calibration,stateless_full,tick_only,4096,100,192,5,31,4096,4718592,4096,1079925.806,1078500,1091400,1094000,1094000,925.990,4115331.613,31,31,0,98304,49152,0,147456,3,995142124753932388
derived_vectors,arithmetic_calibration,stateful_event,tick_only,4096,100,192,5,31,4096,4718592,4096,35.484,0,100,100,100,28181818.182,4279201.613,0,0,0,147456,0,114688,262144,4,995142124753932388
derived_vectors,arithmetic_calibration,tick_selective,tick_only,4096,100,192,5,31,4096,4718592,4096,1075567.742,1072700,1084300,1131900,1131900,929.742,4109226.065,31,31,0,180224,0,114688,294912,3,995142124753932388
derived_vectors,arithmetic_calibration,stateless_full,frame_total,4096,100,192,6,31,4096,4718592,4096,1085461.290,1083600,1105700,1115100,1115100,921.267,4130283.355,31,31,0,98304,49152,0,147456,3,5650982766143685670
derived_vectors,arithmetic_calibration,stateful_event,frame_total,4096,100,192,6,31,4096,4718592,4096,1113641.935,1112700,1122200,1124800,1124800,897.955,4236291.742,31,31,0,147456,0,114688,262144,4,5650982766143685670
derived_vectors,arithmetic_calibration,tick_selective,frame_total,4096,100,192,6,31,4096,4718592,4096,1081145.161,1079900,1087300,1090700,1090700,924.945,4108846.871,31,31,0,180224,0,114688,294912,3,5650982766143685670
derived_vectors,arithmetic_calibration,stateless_full,tick_only,4096,100,192,6,31,4096,4718592,4096,1083564.516,1081500,1099200,1118600,1118600,922.880,4134749.452,31,31,0,98304,49152,0,147456,3,5650982766143685670
derived_vectors,arithmetic_calibration,stateful_event,tick_only,4096,100,192,6,31,4096,4718592,4096,54.839,0,200,200,200,18235294.118,4272875.677,0,0,0,147456,0,114688,262144,4,5650982766143685670
derived_vectors,arithmetic_calibration,tick_selective,tick_only,4096,100,192,6,31,4096,4718592,4096,1086041.935,1080500,1138100,1146700,1146700,920.775,4179176.516,31,31,0,180224,0,114688,294912,3,5650982766143685670
derived_vectors,arithmetic_calibration,stateless_full,frame_total,4096,100,192,7,31,4096,4718592,4096,1090358.065,1085600,1112400,1144900,1144900,917.130,4158070.065,31,31,0,98304,49152,0,147456,3,927593428198038348
derived_vectors,arithmetic_calibration,stateful_event,frame_total,4096,100,192,7,31,4096,4718592,4096,1123941.935,1118500,1142600,1189700,1189700,889.726,4285282.419,31,31,0,147456,0,114688,262144,4,927593428198038348
derived_vectors,arithmetic_calibration,tick_selective,frame_total,4096,100,192,7,31,4096,4718592,4096,1100735.484,1098000,1114800,1166900,1166900,908.483,4189919.161,31,31,0,180224,0,114688,294912,3,927593428198038348
derived_vectors,arithmetic_calibration,stateless_full,tick_only,4096,100,192,7,31,4096,4718592,4096,1107141.935,1102900,1146300,1154300,1154300,903.227,4270514.226,31,31,0,98304,49152,0,147456,3,927593428198038348
derived_vectors,arithmetic_calibration,stateful_event,tick_only,4096,100,192,7,31,4096,4718592,4096,74.194,100,200,200,200,13478260.870,4416544.613,0,0,0,147456,0,114688,262144,4,927593428198038348
derived_vectors,arithmetic_calibration,tick_selective,tick_only,4096,100,192,7,31,4096,4718592,4096,1092848.387,1085500,1137300,1138400,1138400,915.040,4226001.548,31,31,0,180224,0,114688,294912,3,927593428198038348
derived_vectors,arithmetic_calibration,stateless_full,frame_total,4096,100,192,8,31,4096,4718592,4096,1095358.065,1089500,1132000,1170900,1170900,912.943,4181941.516,31,31,0,98304,49152,0,147456,3,12246755358600746265
derived_vectors,arithmetic_calibration,stateful_event,frame_total,4096,100,192,8,31,4096,4718592,4096,1132700.000,1126300,1174400,1175400,1175400,882.846,4358597.581,31,31,0,147456,0,114688,262144,4,12246755358600746265
derived_vectors,arithmetic_calibration,tick_selective,frame_total,4096,100,192,8,31,4096,4718592,4096,1112193.548,1108600,1149600,1204100,1204100,899.124,4282712.968,31,31,0,180224,0,114688,294912,3,12246755358600746265
derived_vectors,arithmetic_calibration,stateless_full,tick_only,4096,100,192,8,31,4096,4718592,4096,1083764.516,1079600,1101300,1114200,1114200,922.710,4165056.774,31,31,0,98304,49152,0,147456,3,12246755358600746265
derived_vectors,arithmetic_calibration,stateful_event,tick_only,4096,100,192,8,31,4096,4718592,4096,48.387,0,100,100,100,20666666.667,4408812.065,0,0,0,147456,0,114688,262144,4,12246755358600746265
derived_vectors,arithmetic_calibration,tick_selective,tick_only,4096,100,192,8,31,4096,4718592,4096,1080761.290,1078700,1094100,1094600,1094600,925.274,4135740.387,31,31,0,180224,0,114688,294912,3,12246755358600746265
derived_vectors,arithmetic_calibration,stateless_full,frame_total,4096,100,192,9,31,4096,4718592,4096,1075583.871,1076200,1103800,1115900,1115900,929.728,4092940.774,31,31,0,98304,49152,0,147456,3,11569629484642848837
derived_vectors,arithmetic_calibration,stateful_event,frame_total,4096,100,192,9,31,4096,4718592,4096,1115377.419,1113900,1129000,1140500,1140500,896.558,4240280.323,31,31,0,147456,0,114688,262144,4,11569629484642848837
derived_vectors,arithmetic_calibration,tick_selective,frame_total,4096,100,192,9,31,4096,4718592,4096,1080754.839,1079700,1089700,1093200,1093200,925.279,4113936.839,31,31,0,180224,0,114688,294912,3,11569629484642848837
derived_vectors,arithmetic_calibration,stateless_full,tick_only,4096,100,192,9,31,4096,4718592,4096,1083990.323,1081500,1088400,1138500,1138500,922.517,4124802.032,31,31,0,98304,49152,0,147456,3,11569629484642848837
derived_vectors,arithmetic_calibration,stateful_event,tick_only,4096,100,192,9,31,4096,4718592,4096,48.387,0,100,200,200,20666666.667,4248918.581,0,0,0,147456,0,114688,262144,4,11569629484642848837
derived_vectors,arithmetic_calibration,tick_selective,tick_only,4096,100,192,9,31,4096,4718592,4096,1074338.710,1073000,1083700,1085600,1085600,930.805,4109801.000,31,31,0,180224,0,114688,294912,3,11569629484642848837
derived_vectors,arithmetic_calibration,stateless_full,frame_total,4096,100,192,10,31,4096,4718592,4096,1090735.484,1089600,1113100,1122900,1122900,916.813,4153518.419,31,31,0,98304,49152,0,147456,3,12166170622441042121
derived_vectors,arithmetic_calibration,stateful_event,frame_total,4096,100,192,10,31,4096,4718592,4096,1117800.000,1114200,1145800,1151200,1151200,894.614,4253702.935,31,31,0,147456,0,114688,262144,4,12166170622441042121
derived_vectors,arithmetic_calibration,tick_selective,frame_total,4096,100,192,10,31,4096,4718592,4096,1087929.032,1083700,1114100,1139700,1139700,919.178,4146666.742,31,31,0,180224,0,114688,294912,3,12166170622441042121
derived_vectors,arithmetic_calibration,stateless_full,tick_only,4096,100,192,10,31,4096,4718592,4096,1143974.194,1097500,1633700,1669700,1669700,874.146,4392452.935,31,31,0,98304,49152,0,147456,3,12166170622441042121
derived_vectors,arithmetic_calibration,stateful_event,tick_only,4096,100,192,10,31,4096,4718592,4096,70.968,100,200,300,300,14090909.091,4285747.548,0,0,0,147456,0,114688,262144,4,12166170622441042121
derived_vectors,arithmetic_calibration,tick_selective,tick_only,4096,100,192,10,31,4096,4718592,4096,1091745.161,1081000,1132000,1144300,1144300,915.965,4197933.387,31,31,0,180224,0,114688,294912,3,12166170622441042121
derived_vectors,arithmetic_calibration,stateless_full,frame_total,4096,100,192,11,31,4096,4718592,4096,1089306.452,1087100,1099700,1108300,1108300,918.015,4150288.419,31,31,0,98304,49152,0,147456,3,10270880275969631833
derived_vectors,arithmetic_calibration,stateful_event,frame_total,4096,100,192,11,31,4096,4718592,4096,1127090.323,1124600,1165700,1181100,1181100,887.240,4313864.548,31,31,0,147456,0,114688,262144,4,10270880275969631833
derived_vectors,arithmetic_calibration,tick_selective,frame_total,4096,100,192,11,31,4096,4718592,4096,1110493.548,1099400,1185100,1216300,1216300,900.501,4239888.806,31,31,0,180224,0,114688,294912,3,10270880275969631833
derived_vectors,arithmetic_calibration,stateless_full,tick_only,4096,100,192,11,31,4096,4718592,4096,1122551.613,1092300,1144200,1818000,1818000,890.828,4310585.419,31,31,0,98304,49152,0,147456,3,10270880275969631833
derived_vectors,arithmetic_calibration,stateful_event,tick_only,4096,100,192,11,31,4096,4718592,4096,87.097,100,200,300,300,11481481.481,4315112.484,0,0,0,147456,0,114688,262144,4,10270880275969631833
derived_vectors,arithmetic_calibration,tick_selective,tick_only,4096,100,192,11,31,4096,4718592,4096,1096709.677,1094100,1135000,1136000,1136000,911.818,4226283.161,31,31,0,180224,0,114688,294912,3,10270880275969631833
derived_vectors,arithmetic_calibration,stateless_full,frame_total,4096,100,256,1,31,4096,6291456,4096,1531209.677,1478100,2166000,2346500,2346500,653.078,5837427.032,31,31,0,98304,49152,0,147456,3,15367479504704438996
derived_vectors,arithmetic_calibration,stateful_event,frame_total,4096,100,256,1,31,4096,6291456,4096,1483887.097,1483900,1497900,1501000,1501000,673.906,5645758.129,31,31,0,147456,0,114688,262144,4,15367479504704438996
derived_vectors,arithmetic_calibration,tick_selective,frame_total,4096,100,256,1,31,4096,6291456,4096,1497593.548,1466300,1518800,2210300,2210300,667.738,5683149.968,31,31,0,180224,0,114688,294912,3,15367479504704438996
derived_vectors,arithmetic_calibration,stateless_full,tick_only,4096,100,256,1,31,4096,6291456,4096,1448551.613,1447600,1473900,1479800,1479800,690.345,5520417.871,31,31,0,98304,49152,0,147456,3,15367479504704438996
derived_vectors,arithmetic_calibration,stateful_event,tick_only,4096,100,256,1,31,4096,6291456,4096,29.032,0,200,200,200,34444444.444,5633730.710,0,0,0,147456,0,114688,262144,4,15367479504704438996
derived_vectors,arithmetic_calibration,tick_selective,tick_only,4096,100,256,1,31,4096,6291456,4096,1456035.484,1452500,1479400,1516400,1516400,686.796,5545561.806,31,31,0,180224,0,114688,294912,3,15367479504704438996
derived_vectors,arithmetic_calibration,stateless_full,frame_total,4096,100,256,2,31,4096,6291456,4096,1445358.065,1444600,1456100,1456100,1456100,691.870,5487553.484,31,31,0,98304,49152,0,147456,3,16453110194970636922
derived_vectors,arithmetic_calibration,stateful_event,frame_total,4096,100,256,2,31,4096,6291456,4096,1483867.742,1482300,1511100,1511600,1511600,673.915,5636373.419,31,31,0,147456,0,114688,262144,4,16453110194970636922
derived_vectors,arithmetic_calibration,tick_selective,frame_total,4096,100,256,2,31,4096,6291456,4096,1463787.097,1462700,1485800,1488300,1488300,683.159,5553514.806,31,31,0,180224,0,114688,294912,3,16453110194970636922
derived_vectors,arithmetic_calibration,stateless_full,tick_only,4096,100,256,2,31,4096,6291456,4096,1448764.516,1445000,1474800,1486200,1486200,690.243,5513969.516,31,31,0,98304,49152,0,147456,3,16453110194970636922
derived_vectors,arithmetic_calibration,stateful_event,tick_only,4096,100,256,2,31,4096,6291456,4096,35.484,0,100,200,200,28181818.182,5697049.226,0,0,0,147456,0,114688,262144,4,16453110194970636922
derived_vectors,arithmetic_calibration,tick_selective,tick_only,4096,100,256,2,31,4096,6291456,4096,1491883.871,1465600,1582400,2128800,2128800,670.293,5699484.194,31,31,0,180224,0,114688,294912,3,16453110194970636922
derived_vectors,arithmetic_calibration,stateless_full,frame_total,4096,100,256,3,31,4096,6291456,4096,1455712.903,1454300,1474900,1495300,1495300,686.949,5535186.097,31,31,0,98304,49152,0,147456,3,5121240935188844222
derived_vectors,arithmetic_calibration,stateful_event,frame_total,4096,100,256,3,31,4096,6291456,4096,1506606.452,1496100,1522200,1734400,1734400,663.743,5756807.323,31,31,0,147456,0,114688,262144,4,5121240935188844222
derived_vectors,arithmetic_calibration,tick_selective,frame_total,4096,100,256,3,31,4096,6291456,4096,1499480.645,1483700,1576700,1620600,1620600,666.898,5740546.645,31,31,0,180224,0,114688,294912,3,5121240935188844222
derived_vectors,arithmetic_calibration,stateless_full,tick_only,4096,100,256,3,31,4096,6291456,4096,1462706.452,1455500,1513000,1525700,1525700,683.664,5600242.161,31,31,0,98304,49152,0,147456,3,5121240935188844222
derived_vectors,arithmetic_calibration,stateful_event,tick_only,4096,100,256,3,31,4096,6291456,4096,54.839,0,200,300,300,18235294.118,5734318.484,0,0,0,147456,0,114688,262144,4,5121240935188844222
derived_vectors,arithmetic_calibration,tick_selective,tick_only,4096,100,256,3,31,4096,6291456,4096,1481151.613,1469300,1542600,1666000,1666000,675.150,5706923.452,31,31,0,180224,0,114688,294912,3,5121240935188844222
derived_vectors,arithmetic_calibration,stateless_full,frame_total,4096,100,256,4,31,4096,6291456,4096,1448796.774,1446800,1476500,1478500,1478500,690.228,5502382.742,31,31,0,98304,49152,0,147456,3,12006445113157694700
derived_vectors,arithmetic_calibration,stateful_event,frame_total,4096,100,256,4,31,4096,6291456,4096,1483570.968,1482600,1496100,1497200,1497200,674.049,5640668.097,31,31,0,147456,0,114688,262144,4,12006445113157694700
derived_vectors,arithmetic_calibration,tick_selective,frame_total,4096,100,256,4,31,4096,6291456,4096,1478258.065,1459800,1508200,2109700,2109700,676.472,5609418.839,31,31,0,180224,0,114688,294912,3,12006445113157694700
derived_vectors,arithmetic_calibration,stateless_full,tick_only,4096,100,256,4,31,4096,6291456,4096,1446748.387,1445900,1471500,1485500,1485500,691.205,5614349.387,31,31,0,98304,49152,0,147456,3,12006445113157694700
derived_vectors,arithmetic_calibration,stateful_event,tick_only,4096,100,256,4,31,4096,6291456,4096,29.032,0,100,100,100,34444444.444,5627845.258,0,0,0,147456,0,114688,262144,4,12006445113157694700
derived_vectors,arithmetic_calibration,tick_selective,tick_only,4096,100,256,4,31,4096,6291456,4096,1456251.613,1455800,1468900,1482500,1482500,686.695,5558714.871,31,31,0,180224,0,114688,294912,3,12006445113157694700
derived_vectors,arithmetic_calibration,stateless_full,frame_total,4096,100,256,5,31,4096,6291456,4096,1480809.677,1445500,1743000,2163600,2163600,675.306,5616943.613,31,31,0,98304,49152,0,147456,3,7324855490281928150
derived_vectors,arithmetic_calibration,stateful_event,frame_total,4096,100,256,5,31,4096,6291456,4096,1486529.032,1484200,1521100,1526700,1526700,672.708,5634648.290,31,31,0,147456,0,114688,262144,4,7324855490281928150
derived_vectors,arithmetic_calibration,tick_selective,frame_total,4096,100,256,5,31,4096,6291456,4096,1465158.065,1462100,1487800,1533700,1533700,682.520,5568429.935,31,31,0,180224,0,114688,294912,3,7324855490281928150
derived_vectors,arithmetic_calibration,stateless_full,tick_only,4096,100,256,5,31,4096,6291456,4096,1456854.839,1450600,1492000,1497100,1497100,686.410,5565199.742,31,31,0,98304,49152,0,147456,3,7324855490281928150
derived_vectors,arithmetic_calibration,stateful_event,tick_only,4096,100,256,5,31,4096,6291456,4096,51.613,0,200,200,200,19375000.000,5695262.839,0,0,0,147456,0,114688,262144,4,7324855490281928150
derived_vectors,arithmetic_calibration,tick_selective,tick_only,4096,100,256,5,31,4096,6291456,4096,1469316.129,1463700,1521300,1525500,1525500,680.589,5617836.806,31,31,0,180224,0,114688,294912,3,7324855490281928150
derived_vectors,arithmetic_calibration,stateless_full,frame_total,4096,100,256,6,31,4096,6291456,4096,1468248.387,1464700,1508300,1517500,1517500,681.084,5614900.355,31,31,0,98304,49152,0,147456,3,17980195469846560581
derived_vectors,arithmetic_calibration,stateful_event,frame_total,4096,100,256,6,31,4096,6291456,4096,1507641.935,1499000,1550800,1679500,1679500,663.287,5773313.194,31,31,0,147456,0,114688,262144,4,17980195469846560581
derived_vectors,arithmetic_calibration,tick_selective,frame_total,4096,100,256,6,31,4096,6291456,4096,1480125.806,1482800,1520300,1540700,1540700,675.618,5640851.613,31,31,0,180224,0,114688,294912,3,17980195469846560581
derived_vectors,arithmetic_calibration,stateless_full,tick_only,4096,100,256,6,31,4096,6291456,4096,1472048.387,1463300,1536600,1643400,1643400,679.325,5646736.968,31,31,0,98304,49152,0,147456,3,17980195469846560581
derived_vectors,arithmetic_calibration,stateful_event,tick_only,4096,100,256,6,31,4096,6291456,4096,54.839,100,100,200,200,18235294.118,5806471.419,0,0,0,147456,0,114688,262144,4,17980195469846560581
derived_vectors,arithmetic_calibration,tick_selective,tick_only,4096,100,256,6,31,4096,6291456,4096,1473277.419,1457600,1545900,1797100,1797100,678.759,5637511.581,31,31,0,180224,0,114688,294912,3,17980195469846560581
derived_vectors,arithmetic_calibration,stateless_full,frame_total,4096,100,256,7,31,4096,6291456,4096,1450406.452,1449100,1466000,1466700,1466700,689.462,5515645.871,31,31,0,98304,49152,0,147456,3,9076401176159229845
derived_vectors,arithmetic_calibration,stateful_event,frame_total,4096,100,256,7,31,4096,6291456,4096,1488941.935,1485100,1517600,1520800,1520800,671.618,5670277.968,31,31,0,147456,0,114688,262144,4,9076401176159229845
derived_vectors,arithmetic_calibration,tick_selective,frame_total,4096,100,256,7,31,4096,6291456,4096,1459832.258,1459800,1472300,1474400,1474400,685.010,5549256.710,31,31,0,180224,0,114688,294912,3,9076401176159229845
derived_vectors,arithmetic_calibration,stateless_full,tick_only,4096,100,256,7,31,4096,6291456,4096,1444641.935,1445100,1458300,1462300,1462300,692.213,5499079.194,31,31,0,98304,49152,0,147456,3,9076401176159229845
derived_vectors,arithmetic_calibration,stateful_event,tick_only,4096,100,256,7,31,4096,6291456,4096,32.258,0,100,100,100,31000000.000,5628444.903,0,0,0,147456,0,114688,262144,4,9076401176159229845
derived_vectors,arithmetic_calibration,tick_selective,tick_only,4096,100,256,7,31,4096,6291456,4096,1451590.323,1451000,1468300,1471400,1471400,688.900,5535369.645,31,31,0,180224,0,114688,294912,3,9076401176159229845
derived_vectors,arithmetic_calibration,stateless_full,frame_total,4096,100,256,8,31,4096,6291456,4096,1450232.258,1447600,1469600,1474200,1474200,689.545,5509540.677,31,31,0,98304,49152,0,147456,3,2595975892982647167
derived_vectors,arithmetic_calibration,stateful_event,frame_total,4096,100,256,8,31,4096,6291456,4096,1489764.516,1486000,1506600,1534300,1534300,671.247,5679601.613,31,31,0,147456,0,114688,262144,4,2595975892982647167
derived_vectors,arithmetic_calibration,tick_selective,frame_total,4096,100,256,8,31,4096,6291456,4096,1473132.258,1470300,1509300,1519000,1519000,678.826,5606543.290,31,31,0,180224,0,114688,294912,3,2595975892982647167
derived_vectors,arithmetic_calibration,stateless_full,tick_only,4096,100,256,8,31,4096,6291456,4096,1453577.419,1449500,1482700,1507300,1507300,687.958,5541658.774,31,31,0,98304,49152,0,147456,3,2595975892982647167
derived_vectors,arithmetic_calibration,stateful_event,tick_only,4096,100,256,8,31,4096,6291456,4096,45.161,0,200,200,200,22142857.143,5677288.968,0,0,0,147456,0,114688,262144,4,2595975892982647167
derived_vectors,arithmetic_calibration,tick_selective,tick_only,4096,100,256,8,31,4096,6291456,4096,1467383.871,1462900,1496800,1521500,1521500,681.485,5614569.968,31,31,0,180224,0,114688,294912,3,2595975892982647167
derived_vectors,arithmetic_calibration,stateless_full,frame_total,4096,100,256,9,31,4096,6291456,4096,1472754.839,1458500,1541600,1718500,1718500,679.000,5617017.000,31,31,0,98304,49152,0,147456,3,2904753832481192439
derived_vectors,arithmetic_calibration,stateful_event,frame_total,4096,100,256,9,31,4096,6291456,4096,1505283.871,1505300,1536900,1549700,1549700,664.327,5766094.323,31,31,0,147456,0,114688,262144,4,2904753832481192439
derived_vectors,arithmetic_calibration,tick_selective,frame_total,4096,100,256,9,31,4096,6291456,4096,1473919.355,1473600,1548700,1601500,1601500,678.463,5628738.645,31,31,0,180224,0,114688,294912,3,2904753832481192439
derived_vectors,arithmetic_calibration,stateless_full,tick_only,4096,100,256,9,31,4096,6291456,4096,1494206.452,1467400,1667800,1855400,1855400,669.252,5720896.258,31,31,0,98304,49152,0,147456,3,2904753832481192439
derived_vectors,arithmetic_calibration,stateful_event,tick_only,4096,100,256,9,31,4096,6291456,4096,29.032,0,100,100,100,34444444.444,5649722.548,0,0,0,147456,0,114688,262144,4,2904753832481192439
derived_vectors,arithmetic_calibration,tick_selective,tick_only,4096,100,256,9,31,4096,6291456,4096,1457996.774,1455900,1486200,1500700,1500700,685.873,5572491.903,31,31,0,180224,0,114688,294912,3,2904753832481192439
derived_vectors,arithmetic_calibration,stateless_full,frame_total,4096,100,256,10,31,4096,6291456,4096,1454596.774,1450900,1481800,1503700,1503700,687.476,5529655.871,31,31,0,98304,49152,0,147456,3,1246012978801468565
derived_vectors,arithmetic_calibration,stateful_event,frame_total,4096,100,256,10,31,4096,6291456,4096,1483777.419,1483200,1493400,1537300,1537300,673.956,5628579.516,31,31,0,147456,0,114688,262144,4,1246012978801468565
derived_vectors,arithmetic_calibration,tick_selective,frame_total,4096,100,256,10,31,4096,6291456,4096,1459070.968,1457300,1488200,1499600,1499600,685.368,5531894.516,31,31,0,180224,0,114688,294912,3,1246012978801468565
derived_vectors,arithmetic_calibration,stateless_full,tick_only,4096,100,256,10,31,4096,6291456,4096,1448990.323,1446200,1484800,1513700,1513700,690.136,5510653.742,31,31,0,98304,49152,0,147456,3,1246012978801468565
derived_vectors,arithmetic_calibration,stateful_event,tick_only,4096,100,256,10,31,4096,6291456,4096,35.484,0,100,100,100,28181818.182,5615389.645,0,0,0,147456,0,114688,262144,4,1246012978801468565
derived_vectors,arithmetic_calibration,tick_selective,tick_only,4096,100,256,10,31,4096,6291456,4096,1452693.548,1451500,1480900,1484500,1484500,688.376,5532102.806,31,31,0,180224,0,114688,294912,3,1246012978801468565
derived_vectors,arithmetic_calibration,stateless_full,frame_total,4096,100,256,11,31,4096,6291456,4096,1455225.806,1452500,1500600,1507100,1507100,687.179,5526364.323,31,31,0,98304,49152,0,147456,3,12143048968149375169
derived_vectors,arithmetic_calibration,stateful_event,frame_total,4096,100,256,11,31,4096,6291456,4096,1489858.065,1488800,1505700,1507300,1507300,671.205,5674597.129,31,31,0,147456,0,114688,262144,4,12143048968149375169
derived_vectors,arithmetic_calibration,tick_selective,frame_total,4096,100,256,11,31,4096,6291456,4096,1469003.226,1468900,1491000,1523800,1523800,680.734,5583234.839,31,31,0,180224,0,114688,294912,3,12143048968149375169
derived_vectors,arithmetic_calibration,stateless_full,tick_only,4096,100,256,11,31,4096,6291456,4096,1480400.000,1451300,1491100,2260700,2260700,675.493,5653931.484,31,31,0,98304,49152,0,147456,3,12143048968149375169
derived_vectors,arithmetic_calibration,stateful_event,tick_only,4096,100,256,11,31,4096,6291456,4096,87.097,100,200,200,200,11481481.481,5734587.968,0,0,0,147456,0,114688,262144,4,12143048968149375169
derived_vectors,arithmetic_calibration,tick_selective,tick_only,4096,100,256,11,31,4096,6291456,4096,1475670.968,1472800,1508900,1512200,1512200,677.658,5651423.419,31,31,0,180224,0,114688,294912,3,12143048968149375169
derived_vectors,arithmetic_calibration,stateless_full,frame_total,4096,100,1024,1,31,4096,25165824,4096,5993987.097,5980400,6100200,6104000,6104000,166.834,22699636.871,31,31,0,98304,49152,0,147456,3,5753886872568394236
derived_vectors,arithmetic_calibration,stateful_event,frame_total,4096,100,1024,1,31,4096,25165824,4096,5848422.581,5845600,5879800,5885700,5885700,170.986,22098972.742,31,31,0,147456,0,114688,262144,4,5753886872568394236
derived_vectors,arithmetic_calibration,tick_selective,frame_total,4096,100,1024,1,31,4096,25165824,4096,5809664.516,5784000,5871900,6390700,6390700,172.127,21952268.742,31,31,0,180224,0,114688,294912,3,5753886872568394236
derived_vectors,arithmetic_calibration,stateless_full,tick_only,4096,100,1024,1,31,4096,25165824,4096,5979400.000,5973500,6028700,6037400,6037400,167.241,22701312.774,31,31,0,98304,49152,0,147456,3,5753886872568394236
derived_vectors,arithmetic_calibration,stateful_event,tick_only,4096,100,1024,1,31,4096,25165824,4096,96.774,100,300,300,300,10333333.333,22409313.097,0,0,0,147456,0,114688,262144,4,5753886872568394236
derived_vectors,arithmetic_calibration,tick_selective,tick_only,4096,100,1024,1,31,4096,25165824,4096,5784222.581,5782500,5826800,5834600,5834600,172.884,21907217.806,31,31,0,180224,0,114688,294912,3,5753886872568394236
derived_vectors,arithmetic_calibration,stateless_full,frame_total,4096,100,1024,2,31,4096,25165824,4096,5951022.581,5948000,5986400,5988700,5988700,168.038,22495132.516,31,31,0,98304,49152,0,147456,3,16655228235110785112
derived_vectors,arithmetic_calibration,stateful_event,frame_total,4096,100,1024,2,31,4096,25165824,4096,5938925.806,5856600,6351900,6580300,6580300,168.381,22376338.516,31,31,0,147456,0,114688,262144,4,16655228235110785112
derived_vectors,arithmetic_calibration,tick_selective,frame_total,4096,100,1024,2,31,4096,25165824,4096,5844706.452,5838400,5895100,5938800,5938800,171.095,22064994.774,31,31,0,180224,0,114688,294912,3,16655228235110785112
derived_vectors,arithmetic_calibration,stateless_full,tick_only,4096,100,1024,2,31,4096,25165824,4096,6060870.968,6029600,6189700,6792500,6792500,164.993,22725918.645,31,31,0,98304,49152,0,147456,3,16655228235110785112
derived_vectors,arithmetic_calibration,stateful_event,tick_only,4096,100,1024,2,31,4096,25165824,4096,106.452,100,300,400,400,9393939.394,22443278.871,0,0,0,147456,0,114688,262144,4,16655228235110785112
derived_vectors,arithmetic_calibration,tick_selective,tick_only,4096,100,1024,2,31,4096,25165824,4096,5978187.097,5885200,6567200,6917700,6917700,167.275,22404210.581,31,31,0,180224,0,114688,294912,3,16655228235110785112
derived_vectors,arithmetic_calibration,stateless_full,frame_total,4096,100,1024,3,31,4096,25165824,4096,5997458.065,5974000,6361900,6470300,6470300,166.737,22621954.161,31,31,0,98304,49152,0,147456,3,5492167922376679979
derived_vectors,arithmetic_calibration,stateful_event,frame_total,4096,100,1024,3,31,4096,25165824,4096,6122754.839,5960700,7162000,7277900,7277900,163.325,22811602.935,31,31,0,147456,0,114688,262144,4,5492167922376679979
derived_vectors,arithmetic_calibration,tick_selective,frame_total,4096,100,1024,3,31,4096,25165824,4096,5912932.258,5861400,6442600,6508400,6508400,169.121,22291485.581,31,31,0,180224,0,114688,294912,3,5492167922376679979
derived_vectors,arithmetic_calibration,stateless_full,tick_only,4096,100,1024,3,31,4096,25165824,4096,6087341.935,5978600,7218400,7320200,7320200,164.275,22907419.387,31,31,0,98304,49152,0,147456,3,5492167922376679979
derived_vectors,arithmetic_calibration,stateful_event,tick_only,4096,100,1024,3,31,4096,25165824,4096,74.194,100,200,400,400,13478260.870,22245687.806,0,0,0,147456,0,114688,262144,4,5492167922376679979
derived_vectors,arithmetic_calibration,tick_selective,tick_only,4096,100,1024,3,31,4096,25165824,4096,5955677.419,5849900,6472200,7610900,7610900,167.907,22254460.968,31,31,0,180224,0,114688,294912,3,5492167922376679979
derived_vectors,arithmetic_calibration,stateless_full,frame_total,4096,100,1024,4,31,4096,25165824,4096,6000796.774,5968400,6724100,7138400,7138400,166.645,22594962.355,31,31,0,98304,49152,0,147456,3,15467144097382049529
derived_vectors,arithmetic_calibration,stateful_event,frame_total,4096,100,1024,4,31,4096,25165824,4096,5937222.581,5902900,6094800,6385500,6385500,168.429,22346105.161,31,31,0,147456,0,114688,262144,4,15467144097382049529
derived_vectors,arithmetic_calibration,tick_selective,frame_total,4096,100,1024,4,31,4096,25165824,4096,5927280.645,5882900,6433200,6691600,6691600,168.711,22222135.032,31,31,0,180224,0,114688,294912,3,15467144097382049529
derived_vectors,arithmetic_calibration,stateless_full,tick_only,4096,100,1024,4,31,4096,25165824,4096,6014100.000,6001700,6050100,6371200,6371200,166.276,22591266.968,31,31,0,98304,49152,0,147456,3,15467144097382049529
derived_vectors,arithmetic_calibration,stateful_event,tick_only,4096,100,1024,4,31,4096,25165824,4096,129.032,100,300,400,400,7750000.000,23058638.000,0,0,0,147456,0,114688,262144,4,15467144097382049529
derived_vectors,arithmetic_calibration,tick_selective,tick_only,4096,100,1024,4,31,4096,25165824,4096,6071364.516,5884000,7095100,7447200,7447200,164.708,22758317.613,31,31,0,180224,0,114688,294912,3,15467144097382049529
derived_vectors,arithmetic_calibration,stateless_full,frame_total,4096,100,1024,5,31,4096,25165824,4096,6036300.000,5987800,6354600,7287800,7287800,165.664,22663126.097,31,31,0,98304,49152,0,147456,3,8692990693737828471
derived_vectors,arithmetic_calibration,stateful_event,frame_total,4096,100,1024,5,31,4096,25165824,4096,5908480.645,5893600,6004400,6176400,6176400,169.248,22284731.710,31,31,0,147456,0,114688,262144,4,8692990693737828471
derived_vectors,arithmetic_calibration,tick_selective,frame_total,4096,100,1024,5,31,4096,25165824,4096,5847458.065,5844200,5888200,5987300,5987300,171.014,22071907.419,31,31,0,180224,0,114688,294912,3,8692990693737828471
derived_vectors,arithmetic_calibration,stateless_full,tick_only,4096,100,1024,5,31,4096,25165824,4096,6016045.161,5999400,6285700,6852900,6852900,166.222,22563896.484,31,31,0,98304,49152,0,147456,3,8692990693737828471
derived_vectors,arithmetic_calibration,stateful_event,tick_only,4096,100,1024,5,31,4096,25165824,4096,54.839,0,300,400,400,18235294.118,22394215.355,0,0,0,147456,0,114688,262144,4,8692990693737828471
derived_vectors,arithmetic_calibration,tick_selective,tick_only,4096,100,1024,5,31,4096,25165824,4096,5833758.065,5826000,5936500,5945200,5945200,171.416,22071736.710,31,31,0,180224,0,114688,294912,3,8692990693737828471
derived_vectors,arithmetic_calibration,stateless_full,frame_total,4096,100,1024,6,31,4096,25165824,4096,6015470.968,5976300,6011200,7111000,7111000,166.238,22714845.258,31,31,0,98304,49152,0,147456,3,18419316660706736506
derived_vectors,arithmetic_calibration,stateful_event,frame_total,4096,100,1024,6,31,4096,25165824,4096,5904658.065,5899200,5963500,5995200,5995200,169.358,22301677.097,31,31,0,147456,0,114688,262144,4,18419316660706736506
derived_vectors,arithmetic_calibration,tick_selective,frame_total,4096,100,1024,6,31,4096,25165824,4096,5883374.194,5829400,5994200,7256000,7256000,169.970,22162609.290,31,31,0,180224,0,114688,294912,3,18419316660706736506
derived_vectors,arithmetic_calibration,stateless_full,tick_only,4096,100,1024,6,31,4096,25165824,4096,6020009.677,5988500,6215300,7442700,7442700,166.113,22479361.355,31,31,0,98304,49152,0,147456,3,18419316660706736506
derived_vectors,arithmetic_calibration,stateful_event,tick_only,4096,100,1024,6,31,4096,25165824,4096,51.613,0,100,400,400,19375000.000,22405042.774,0,0,0,147456,0,114688,262144,4,18419316660706736506
derived_vectors,arithmetic_calibration,tick_selective,tick_only,4096,100,1024,6,31,4096,25165824,4096,5844829.032,5824300,5921100,6070500,6070500,171.091,21983065.452,31,31,0,180224,0,114688,294912,3,18419316660706736506
derived_vectors,arithmetic_calibration,stateless_full,frame_total,4096,100,1024,7,31,4096,25165824,4096,6005303.226,5975500,6514400,6934100,6934100,166.519,22474038.774,31,31,0,98304,49152,0,147456,3,10145940242472551747
derived_vectors,arithmetic_calibration,stateful_event,frame_total,4096,100,1024,7,31,4096,25165824,4096,5894116.129,5883200,5999500,6030600,6030600,169.661,22172935.742,31,31,0,147456,0,114688,262144,4,10145940242472551747
derived_vectors,arithmetic_calibration,tick_selective,frame_total,4096,100,1024,7,31,4096,25165824,4096,5841300.000,5825500,5921300,5959000,5959000,171.195,22027639.387,31,31,0,180224,0,114688,294912,3,10145940242472551747
derived_vectors,arithmetic_calibration,stateless_full,tick_only,4096,100,1024,7,31,4096,25165824,4096,5975332.258,5973500,6008600,6028100,6028100,167.355,22556652.839,31,31,0,98304,49152,0,147456,3,10145940242472551747
derived_vectors,arithmetic_calibration,stateful_event,tick_only,4096,100,1024,7,31,4096,25165824,4096,48.387,0,100,200,200,20666666.667,22715408.129,0,0,0,147456,0,114688,262144,4,10145940242472551747
derived_vectors,arithmetic_calibration,tick_selective,tick_only,4096,100,1024,7,31,4096,25165824,4096,5868900.000,5838800,6098700,6579500,6579500,170.390,21988400.935,31,31,0,180224,0,114688,294912,3,10145940242472551747
derived_vectors,arithmetic_calibration,stateless_full,frame_total,4096,100,1024,8,31,4096,25165824,4096,5981474.194,5964400,6051000,6825200,6825200,167.183,22542520.677,31,31,0,98304,49152,0,147456,3,10810110021123221136
derived_vectors,arithmetic_calibration,stateful_event,frame_total,4096,100,1024,8,31,4096,25165824,4096,5939629.032,5895000,6367800,6874500,6874500,168.361,22312200.387,31,31,0,147456,0,114688,262144,4,10810110021123221136
derived_vectors,arithmetic_calibration,tick_selective,frame_total,4096,100,1024,8,31,4096,25165824,4096,5960248.387,5879500,6683900,6830700,6830700,167.778,22256748.355,31,31,0,180224,0,114688,294912,3,10810110021123221136
derived_vectors,arithmetic_calibration,stateless_full,tick_only,4096,100,1024,8,31,4096,25165824,4096,6050848.387,5984200,7064800,7427300,7427300,165.266,22761511.323,31,31,0,98304,49152,0,147456,3,10810110021123221136
derived_vectors,arithmetic_calibration,stateful_event,tick_only,4096,100,1024,8,31,4096,25165824,4096,51.613,100,100,100,100,19375000.000,22365033.032,0,0,0,147456,0,114688,262144,4,10810110021123221136
derived_vectors,arithmetic_calibration,tick_selective,tick_only,4096,100,1024,8,31,4096,25165824,4096,5845061.290,5834900,5939500,5968200,5968200,171.085,21994371.516,31,31,0,180224,0,114688,294912,3,10810110021123221136
derived_vectors,arithmetic_calibration,stateless_full,frame_total,4096,100,1024,9,31,4096,25165824,4096,6043187.097,6000200,6583800,6761600,6761600,165.476,22698242.194,31,31,0,98304,49152,0,147456,3,11948579652840871466
derived_vectors,arithmetic_calibration,stateful_event,frame_total,4096,100,1024,9,31,4096,25165824,4096,5923861.290,5890600,5961200,6783500,6783500,168.809,22355660.419,31,31,0,147456,0,114688,262144,4,11948579652840871466
derived_vectors,arithmetic_calibration,tick_selective,frame_total,4096,100,1024,9,31,4096,25165824,4096,5865212.903,5838700,5975000,6637500,6637500,170.497,22110045.452,31,31,0,180224,0,114688,294912,3,11948579652840871466
derived_vectors,arithmetic_calibration,stateless_full,tick_only,4096,100,1024,9,31,4096,25165824,4096,6076812.903,5975300,7068400,7134300,7134300,164.560,22729772.742,31,31,0,98304,49152,0,147456,3,11948579652840871466
derived_vectors,arithmetic_calibration,stateful_event,tick_only,4096,100,1024,9,31,4096,25165824,4096,45.161,0,100,100,100,22142857.143,22303696.452,0,0,0,147456,0,114688,262144,4,11948579652840871466
derived_vectors,arithmetic_calibration,tick_selective,tick_only,4096,100,1024,9,31,4096,25165824,4096,5845235.484,5831600,5967400,5974700,5974700,171.080,21998922.677,31,31,0,180224,0,114688,294912,3,11948579652840871466
derived_vectors,arithmetic_calibration,stateless_full,frame_total,4096,100,1024,10,31,4096,25165824,4096,6028241.935,5993300,6160100,6778300,6778300,165.886,22627496.129,31,31,0,98304,49152,0,147456,3,7833882265795811381
derived_vectors,arithmetic_calibration,stateful_event,frame_total,4096,100,1024,10,31,4096,25165824,4096,5968277.419,5906000,6439900,6943400,6943400,167.553,22409888.129,31,31,0,147456,0,114688,262144,4,7833882265795811381
derived_vectors,arithmetic_calibration,tick_selective,frame_total,4096,100,1024,10,31,4096,25165824,4096,5843370.968,5833100,5901200,6026200,6026200,171.134,22029707.065,31,31,0,180224,0,114688,294912,3,7833882265795811381
derived_vectors,arithmetic_calibration,stateless_full,tick_only,4096,100,1024,10,31,4096,25165824,4096,6046432.258,5997400,6700200,6731300,6731300,165.387,22640968.000,31,31,0,98304,49152,0,147456,3,7833882265795811381
derived_vectors,arithmetic_calibration,stateful_event,tick_only,4096,100,1024,10,31,4096,25165824,4096,35.484,0,100,100,100,28181818.182,22238603.290,0,0,0,147456,0,114688,262144,4,7833882265795811381
derived_vectors,arithmetic_calibration,tick_selective,tick_only,4096,100,1024,10,31,4096,25165824,4096,5851396.774,5828200,5970700,5974600,5974600,170.899,22103218.065,31,31,0,180224,0,114688,294912,3,7833882265795811381
derived_vectors,arithmetic_calibration,stateless_full,frame_total,4096,100,1024,11,31,4096,25165824,4096,6017112.903,5977500,6620900,6642500,6642500,166.193,22638337.032,31,31,0,98304,49152,0,147456,3,3682865671065232245
derived_vectors,arithmetic_calibration,stateful_event,frame_total,4096,100,1024,11,31,4096,25165824,4096,6032590.323,5898000,7181100,8812400,8812400,165.766,22751233.968,31,31,0,147456,0,114688,262144,4,3682865671065232245
derived_vectors,arithmetic_calibration,tick_selective,frame_total,4096,100,1024,11,31,4096,25165824,4096,5874245.161,5841300,5980000,6757600,6757600,170.235,22073338.903,31,31,0,180224,0,114688,294912,3,3682865671065232245
derived_vectors,arithmetic_calibration,stateless_full,tick_only,4096,100,1024,11,31,4096,25165824,4096,6066000.000,5996000,6720200,7071200,7071200,164.853,22686838.645,31,31,0,98304,49152,0,147456,3,3682865671065232245
derived_vectors,arithmetic_calibration,stateful_event,tick_only,4096,100,1024,11,31,4096,25165824,4096,41.935,0,100,100,100,23846153.846,22173927.419,0,0,0,147456,0,114688,262144,4,3682865671065232245
derived_vectors,arithmetic_calibration,tick_selective,tick_only,4096,100,1024,11,31,4096,25165824,4096,5860558.065,5834900,5873600,6663800,6663800,170.632,22135067.097,31,31,0,180224,0,114688,294912,3,3682865671065232245
