platform,compiler,build_flags,algorithm,variant,workload,parameter,repetition,iterations,timer_overhead_ns,mean_ns,median_ns,p95_ns,p99_ns,max_ns,throughput_updates_s,cpu_utilization_pct,cycles_per_update,deadline_1us_misses,deadline_10us_misses,deadline_100us_misses,persistent_bytes,history_bytes,temporary_bytes,bytes_read_per_update,checksum
"Windows x86-64","Clang 21.1.0 ","-std=c11 -O3 -Wall -Wextra -Wpedantic","sliding_mean","hidden_incremental","continuous",4,1,100000,0,5.432,0,100,100,9700,184092472.556,0.000,20.571,1,0,0,40,32,0,8,4050725823050583179
"Windows x86-64","Clang 21.1.0 ","-std=c11 -O3 -Wall -Wextra -Wpedantic","sliding_mean","explicit_incremental","continuous",4,1,100000,0,5.470,0,100,100,7700,182824152.033,0.000,20.728,2,0,0,40,32,0,8,4050725823050583179
"Windows x86-64","Clang 21.1.0 ","-std=c11 -O3 -Wall -Wextra -Wpedantic","sliding_mean","full_recompute","continuous",4,1,100000,0,5.953,0,100,100,10800,167970649.339,138.134,22.529,2,1,0,0,32,0,32,4050725823050583179
"Windows x86-64","Clang 21.1.0 ","-std=c11 -O3 -Wall -Wextra -Wpedantic","rolling_max","hidden_incremental","continuous",4,1,100000,0,12.328,0,100,100,57600,81115335.868,158.428,46.503,5,5,0,96,0,0,8,1820439831759374474
"Windows x86-64","Clang 21.1.0 ","-std=c11 -O3 -Wall -Wextra -Wpedantic","rolling_max","explicit_incremental","continuous",4,1,100000,0,9.639,0,100,100,34500,103746098.714,135.086,36.235,6,3,0,96,0,0,8,1820439831759374474
"Windows x86-64","Clang 21.1.0 ","-std=c11 -O3 -Wall -Wextra -Wpedantic","rolling_max","full_recompute","continuous",4,1,100000,0,3.726,0,100,100,7800,268366940.894,144.594,14.118,1,0,0,0,16,0,16,1820439831759374474
"Windows x86-64","Clang 21.1.0 ","-std=c11 -O3 -Wall -Wextra -Wpedantic","sliding_mean","explicit_incremental","continuous",4,2,100000,0,5.464,0,100,100,15400,183000240.790,150.494,20.709,2,2,0,40,32,0,8,4050725823050583179
"Windows x86-64","Clang 21.1.0 ","-std=c11 -O3 -Wall -Wextra -Wpedantic","sliding_mean","full_recompute","continuous",4,2,100000,0,4.170,0,100,100,4900,239794735.706,124.893,15.765,1,0,0,0,32,0,32,4050725823050583179
"Windows x86-64","Clang 21.1.0 ","-std=c11 -O3 -Wall -Wextra -Wpedantic","rolling_max","hidden_incremental","continuous",4,2,100000,0,11.559,0,100,100,8300,86514171.021,0.000,43.773,3,0,0,96,0,0,8,1820439831759374474
"Windows x86-64","Clang 21.1.0 ","-std=c11 -O3 -Wall -Wextra -Wpedantic","rolling_max","explicit_incremental","continuous",4,2,100000,0,8.421,0,100,100,10000,118751917.349,154.625,31.883,2,0,0,96,0,0,8,1820439831759374474
"Windows x86-64","Clang 21.1.0 ","-std=c11 -O3 -Wall -Wextra -Wpedantic","rolling_max","full_recompute","continuous",4,2,100000,0,4.146,0,100,100,300,241190315.793,129.952,15.705,0,0,0,0,16,0,16,1820439831759374474
"Windows x86-64","Clang 21.1.0 ","-std=c11 -O3 -Wall -Wextra -Wpedantic","sliding_mean","hidden_incremental","continuous",4,2,100000,0,5.440,0,100,100,10900,183812859.161,151.162,20.608,1,1,0,40,32,0,8,4050725823050583179
"Windows x86-64","Clang 21.1.0 ","-std=c11 -O3 -Wall -Wextra -Wpedantic","sliding_mean","full_recompute","continuous",4,3,100000,0,4.105,0,100,100,6400,243623163.690,126.887,15.556,1,0,0,0,32,0,32,4050725823050583179
"Windows x86-64","Clang 21.1.0 ","-std=c11 -O3 -Wall -Wextra -Wpedantic","rolling_max","hidden_incremental","continuous",4,3,100000,0,11.495,0,100,100,29600,86997709.060,151.038,43.295,2,1,0,96,0,0,8,1820439831759374474
"Windows x86-64","Clang 21.1.0 ","-std=c11 -O3 -Wall -Wextra -Wpedantic","rolling_max","explicit_incremental","continuous",4,3,100000,0,8.640,0,100,100,6300,115734043.169,150.695,32.630,1,0,0,96,0,0,8,1820439831759374474
"Windows x86-64","Clang 21.1.0 ","-std=c11 -O3 -Wall -Wextra -Wpedantic","rolling_max","full_recompute","continuous",4,3,100000,0,4.071,0,100,100,12000,245631846.988,127.933,15.418,2,1,0,0,16,0,16,1820439831759374474
"Windows x86-64","Clang 21.1.0 ","-std=c11 -O3 -Wall -Wextra -Wpedantic","sliding_mean","hidden_incremental","continuous",4,3,100000,0,5.432,0,100,100,3700,184108527.132,0.000,20.577,1,0,0,40,32,0,8,4050725823050583179
"Windows x86-64","Clang 21.1.0 ","-std=c11 -O3 -Wall -Wextra -Wpedantic","sliding_mean","explicit_incremental","continuous",4,3,100000,0,5.484,0,100,100,4000,182360901.823,0.000,20.727,1,0,0,40,32,0,8,4050725823050583179
"Windows x86-64","Clang 21.1.0 ","-std=c11 -O3 -Wall -Wextra -Wpedantic","rolling_max","hidden_incremental","continuous",4,4,100000,0,11.592,0,100,100,9300,86265563.745,0.000,43.822,4,0,0,96,0,0,8,1820439831759374474
"Windows x86-64","Clang 21.1.0 ","-std=c11 -O3 -Wall -Wextra -Wpedantic","rolling_max","explicit_incremental","continuous",4,4,100000,0,8.476,0,100,100,7700,117974379.897,153.612,32.124,1,0,0,96,0,0,8,1820439831759374474
"Windows x86-64","Clang 21.1.0 ","-std=c11 -O3 -Wall -Wextra -Wpedantic","rolling_max","full_recompute","continuous",4,4,100000,0,3.415,0,100,100,500,292791473.912,152.496,12.939,0,0,0,0,16,0,16,1820439831759374474
"Windows x86-64","Clang 21.1.0 ","-std=c11 -O3 -Wall -Wextra -Wpedantic","sliding_mean","hidden_incremental","continuous",4,4,100000,0,5.473,0,100,100,10800,182715147.086,150.259,20.699,3,1,0,40,32,0,8,4050725823050583179
"Windows x86-64","Clang 21.1.0 ","-std=c11 -O3 -Wall -Wextra -Wpedantic","sliding_mean","explicit_incremental","continuous",4,4,100000,0,5.438,0,100,100,700,183889356.678,151.225,20.598,0,0,0,40,32,0,8,4050725823050583179
"Windows x86-64","Clang 21.1.0 ","-std=c11 -O3 -Wall -Wextra -Wpedantic","sliding_mean","full_recompute","continuous",4,4,100000,0,3.503,0,100,100,4200,285504527.286,159.322,13.234,3,0,0,0,32,0,32,4050725823050583179
"Windows x86-64","Clang 21.1.0 ","-std=c11 -O3 -Wall -Wextra -Wpedantic","rolling_max","explicit_incremental","continuous",4,5,100000,0,8.505,0,100,100,10800,117579047.414,153.098,32.204,2,1,0,96,0,0,8,1820439831759374474
"Windows x86-64","Clang 21.1.0 ","-std=c11 -O3 -Wall -Wextra -Wpedantic","rolling_max","full_recompute","continuous",4,5,100000,0,4.118,0,100,100,6000,242860355.296,140.544,15.597,2,0,0,0,16,0,16,1820439831759374474
"Windows x86-64","Clang 21.1.0 ","-std=c11 -O3 -Wall -Wextra -Wpedantic","sliding_mean","hidden_incremental","continuous",4,5,100000,0,5.475,0,100,100,7300,182632600.880,150.191,20.733,4,0,0,40,32,0,8,4050725823050583179
"Windows x86-64","Clang 21.1.0 ","-std=c11 -O3 -Wall -Wextra -Wpedantic","sliding_mean","explicit_incremental","continuous",4,5,100000,0,5.491,0,100,100,11800,182123172.777,149.772,20.733,3,1,0,40,32,0,8,4050725823050583179
"Windows x86-64","Clang 21.1.0 ","-std=c11 -O3 -Wall -Wextra -Wpedantic","sliding_mean","full_recompute","continuous",4,5,100000,0,4.092,0,100,100,16600,244381267.361,127.282,15.372,4,2,0,0,32,0,32,4050725823050583179
"Windows x86-64","Clang 21.1.0 ","-std=c11 -O3 -Wall -Wextra -Wpedantic","rolling_max","hidden_incremental","continuous",4,5,100000,0,11.467,0,100,100,28900,87210147.385,151.407,43.429,4,1,0,96,0,0,8,1820439831759374474
"Windows x86-64","Clang 21.1.0 ","-std=c11 -O3 -Wall -Wextra -Wpedantic","rolling_max","full_recompute","continuous",4,6,100000,0,3.797,0,100,100,11400,263372990.646,0.000,14.381,1,1,0,0,16,0,16,1820439831759374474
"Windows x86-64","Clang 21.1.0 ","-std=c11 -O3 -Wall -Wextra -Wpedantic","sliding_mean","hidden_incremental","continuous",4,6,100000,0,5.504,0,100,100,8200,181680834.584,0.000,20.837,2,0,0,40,32,0,8,4050725823050583179
"Windows x86-64","Clang 21.1.0 ","-std=c11 -O3 -Wall -Wextra -Wpedantic","sliding_mean","explicit_incremental","continuous",4,6,100000,0,5.481,0,100,100,9600,182439698.878,0.000,20.749,3,0,0,40,32,0,8,4050725823050583179
"Windows x86-64","Clang 21.1.0 ","-std=c11 -O3 -Wall -Wextra -Wpedantic","sliding_mean","full_recompute","continuous",4,6,100000,0,3.660,0,100,100,6000,273221555.359,142.303,13.854,2,0,0,0,32,0,32,4050725823050583179
"Windows x86-64","Clang 21.1.0 ","-std=c11 -O3 -Wall -Wextra -Wpedantic","rolling_max","hidden_incremental","continuous",4,6,100000,0,11.603,0,100,100,6400,86185350.214,134.665,43.815,1,0,0,96,0,0,8,1820439831759374474
"Windows x86-64","Clang 21.1.0 ","-std=c11 -O3 -Wall -Wextra -Wpedantic","rolling_max","explicit_incremental","continuous",4,6,100000,0,8.398,0,100,100,7600,119075970.469,155.047,31.825,4,0,0,96,0,0,8,1820439831759374474
"Windows x86-64","Clang 21.1.0 ","-std=c11 -O3 -Wall -Wextra -Wpedantic","sliding_mean","hidden_incremental","continuous",4,7,100000,0,5.442,0,100,100,28400,183739978.918,151.102,20.622,3,1,0,40,32,0,8,4050725823050583179
"Windows x86-64","Clang 21.1.0 ","-std=c11 -O3 -Wall -Wextra -Wpedantic","sliding_mean","explicit_incremental","continuous",4,7,100000,0,5.446,0,100,100,8800,183633429.016,151.014,20.637,2,0,0,40,32,0,8,4050725823050583179
"Windows x86-64","Clang 21.1.0 ","-std=c11 -O3 -Wall -Wextra -Wpedantic","sliding_mean","full_recompute","continuous",4,7,100000,0,3.395,0,100,100,3600,294540399.161,184.088,12.869,2,0,0,0,32,0,32,4050725823050583179
"Windows x86-64","Clang 21.1.0 ","-std=c11 -O3 -Wall -Wextra -Wpedantic","rolling_max","hidden_incremental","continuous",4,7,100000,0,11.441,0,100,100,3900,87404947.120,151.745,43.345,1,0,0,96,0,0,8,1820439831759374474
"Windows x86-64","Clang 21.1.0 ","-std=c11 -O3 -Wall -Wextra -Wpedantic","rolling_max","explicit_incremental","continuous",4,7,100000,0,8.517,0,100,100,4700,117418597.299,141.128,32.266,2,0,0,96,0,0,8,1820439831759374474
"Windows x86-64","Clang 21.1.0 ","-std=c11 -O3 -Wall -Wextra -Wpedantic","rolling_max","full_recompute","continuous",4,7,100000,0,3.448,0,100,100,3100,289998281.492,167.823,13.067,1,0,0,0,16,0,16,1820439831759374474
"Windows x86-64","Clang 21.1.0 ","-std=c11 -O3 -Wall -Wextra -Wpedantic","sliding_mean","explicit_incremental","continuous",4,8,100000,0,5.429,0,100,100,6600,184185270.995,151.468,20.571,1,0,0,40,32,0,8,4050725823050583179
"Windows x86-64","Clang 21.1.0 ","-std=c11 -O3 -Wall -Wextra -Wpedantic","sliding_mean","full_recompute","continuous",4,8,100000,0,3.629,0,100,100,1100,275547531.949,148.463,13.747,1,0,0,0,32,0,32,4050725823050583179
"Windows x86-64","Clang 21.1.0 ","-std=c11 -O3 -Wall -Wextra -Wpedantic","rolling_max","hidden_incremental","continuous",4,8,100000,0,11.642,0,100,100,4800,85898353.615,149.129,44.063,4,0,0,96,0,0,8,1820439831759374474
"Windows x86-64","Clang 21.1.0 ","-std=c11 -O3 -Wall -Wextra -Wpedantic","rolling_max","explicit_incremental","continuous",4,8,100000,0,8.539,0,100,100,4500,117106303.247,0.000,32.368,1,0,0,96,0,0,8,1820439831759374474
"Windows x86-64","Clang 21.1.0 ","-std=c11 -O3 -Wall -Wextra -Wpedantic","rolling_max","full_recompute","continuous",4,8,100000,0,4.081,0,100,100,27000,245029975.334,0.000,15.468,2,1,0,0,16,0,16,1820439831759374474
"Windows x86-64","Clang 21.1.0 ","-std=c11 -O3 -Wall -Wextra -Wpedantic","sliding_mean","hidden_incremental","continuous",4,8,100000,0,5.426,0,100,100,6400,184290674.892,0.000,20.565,2,0,0,40,32,0,8,4050725823050583179
"Windows x86-64","Clang 21.1.0 ","-std=c11 -O3 -Wall -Wextra -Wpedantic","sliding_mean","full_recompute","continuous",4,9,100000,0,4.111,0,100,100,4200,243231455.698,131.051,15.573,1,0,0,0,32,0,32,4050725823050583179
"Windows x86-64","Clang 21.1.0 ","-std=c11 -O3 -Wall -Wextra -Wpedantic","rolling_max","hidden_incremental","continuous",4,9,100000,0,11.469,0,100,100,9700,87191559.857,151.374,43.457,1,0,0,96,0,0,8,1820439831759374474
"Windows x86-64","Clang 21.1.0 ","-std=c11 -O3 -Wall -Wextra -Wpedantic","rolling_max","explicit_incremental","continuous",4,9,100000,0,8.756,0,100,100,3100,114208487.594,148.709,33.163,2,0,0,96,0,0,8,1820439831759374474
"Windows x86-64","Clang 21.1.0 ","-std=c11 -O3 -Wall -Wextra -Wpedantic","rolling_max","full_recompute","continuous",4,9,100000,0,3.465,0,100,100,5700,288603160.702,155.497,13.117,1,0,0,0,16,0,16,1820439831759374474
"Windows x86-64","Clang 21.1.0 ","-std=c11 -O3 -Wall -Wextra -Wpedantic","sliding_mean","hidden_incremental","continuous",4,9,100000,0,6.320,0,100,100,20700,158239708.173,130.131,23.804,2,1,0,40,32,0,8,4050725823050583179
"Windows x86-64","Clang 21.1.0 ","-std=c11 -O3 -Wall -Wextra -Wpedantic","sliding_mean","explicit_incremental","continuous",4,9,100000,0,5.446,0,100,100,10300,183608585.151,150.994,20.635,2,1,0,40,32,0,8,4050725823050583179
"Windows x86-64","Clang 21.1.0 ","-std=c11 -O3 -Wall -Wextra -Wpedantic","rolling_max","hidden_incremental","continuous",4,10,100000,0,11.576,0,100,100,6900,86388610.526,134.982,43.830,2,0,0,96,0,0,8,1820439831759374474
"Windows x86-64","Clang 21.1.0 ","-std=c11 -O3 -Wall -Wextra -Wpedantic","rolling_max","explicit_incremental","continuous",4,10,100000,0,8.472,0,100,100,9300,118037043.959,153.694,32.085,1,0,0,96,0,0,8,1820439831759374474
"Windows x86-64","Clang 21.1.0 ","-std=c11 -O3 -Wall -Wextra -Wpedantic","rolling_max","full_recompute","continuous",4,10,100000,0,4.109,0,100,100,6000,243366241.857,126.753,15.527,1,0,0,0,16,0,16,1820439831759374474
"Windows x86-64","Clang 21.1.0 ","-std=c11 -O3 -Wall -Wextra -Wpedantic","sliding_mean","hidden_incremental","continuous",4,10,100000,0,5.476,0,100,100,400,182615047.480,0.000,20.631,0,0,0,40,32,0,8,4050725823050583179
"Windows x86-64","Clang 21.1.0 ","-std=c11 -O3 -Wall -Wextra -Wpedantic","sliding_mean","explicit_incremental","continuous",4,10,100000,0,5.445,0,100,100,500,183638753.576,0.000,20.582,0,0,0,40,32,0,8,4050725823050583179
"Windows x86-64","Clang 21.1.0 ","-std=c11 -O3 -Wall -Wextra -Wpedantic","sliding_mean","full_recompute","continuous",4,10,100000,0,4.072,0,100,100,5800,245587609.286,127.910,15.426,2,0,0,0,32,0,32,4050725823050583179
"Windows x86-64","Clang 21.1.0 ","-std=c11 -O3 -Wall -Wextra -Wpedantic","rolling_max","explicit_incremental","continuous",4,11,100000,0,8.754,0,100,100,5000,114229143.662,148.736,33.179,3,0,0,96,0,0,8,1820439831759374474
"Windows x86-64","Clang 21.1.0 ","-std=c11 -O3 -Wall -Wextra -Wpedantic","rolling_max","full_recompute","continuous",4,11,100000,0,3.450,0,100,100,500,289893854.250,174.215,13.075,0,0,0,0,16,0,16,1820439831759374474
"Windows x86-64","Clang 21.1.0 ","-std=c11 -O3 -Wall -Wextra -Wpedantic","sliding_mean","hidden_incremental","continuous",4,11,100000,0,5.458,0,100,100,26400,183213762.246,150.669,20.677,4,1,0,40,32,0,8,4050725823050583179
"Windows x86-64","Clang 21.1.0 ","-std=c11 -O3 -Wall -Wextra -Wpedantic","sliding_mean","explicit_incremental","continuous",4,11,100000,0,5.445,0,100,100,4400,183647628.529,151.026,20.622,1,0,0,40,32,0,8,4050725823050583179
"Windows x86-64","Clang 21.1.0 ","-std=c11 -O3 -Wall -Wextra -Wpedantic","sliding_mean","full_recompute","continuous",4,11,100000,0,4.269,0,100,100,5800,234250680.539,126.213,16.164,3,0,0,0,32,0,32,4050725823050583179
"Windows x86-64","Clang 21.1.0 ","-std=c11 -O3 -Wall -Wextra -Wpedantic","rolling_max","hidden_incremental","continuous",4,11,100000,0,11.456,0,100,100,12700,87288809.575,151.543,43.303,3,1,0,96,0,0,8,1820439831759374474
"Windows x86-64","Clang 21.1.0 ","-std=c11 -O3 -Wall -Wextra -Wpedantic","sliding_mean","hidden_incremental","continuous",16,1,100000,0,5.486,0,100,100,8100,182276635.173,158.226,20.733,1,0,0,40,128,0,8,1775541455223697805
"Windows x86-64","Clang 21.1.0 ","-std=c11 -O3 -Wall -Wextra -Wpedantic","sliding_mean","explicit_incremental","continuous",16,1,100000,0,5.456,0,100,100,6100,183275617.591,150.720,20.662,1,0,0,40,128,0,8,1775541455223697805
"Windows x86-64","Clang 21.1.0 ","-std=c11 -O3 -Wall -Wextra -Wpedantic","sliding_mean","full_recompute","continuous",16,1,100000,0,5.133,0,100,100,13400,194811519.855,0.000,19.446,3,1,0,0,128,0,128,1775541455223697805
"Windows x86-64","Clang 21.1.0 ","-std=c11 -O3 -Wall -Wextra -Wpedantic","rolling_max","hidden_incremental","continuous",16,1,100000,0,12.607,0,100,100,28400,79323808.600,137.715,47.690,3,2,0,240,0,0,8,18439528701114761817
"Windows x86-64","Clang 21.1.0 ","-std=c11 -O3 -Wall -Wextra -Wpedantic","rolling_max","explicit_incremental","continuous",16,1,100000,0,10.377,0,100,100,4200,96363250.911,150.568,39.300,1,0,0,240,0,0,8,18439528701114761817
"Windows x86-64","Clang 21.1.0 ","-std=c11 -O3 -Wall -Wextra -Wpedantic","rolling_max","full_recompute","continuous",16,1,100000,0,10.124,0,100,100,14300,98779622.662,140.312,38.344,3,1,0,0,64,0,64,18439528701114761817
"Windows x86-64","Clang 21.1.0 ","-std=c11 -O3 -Wall -Wextra -Wpedantic","sliding_mean","explicit_incremental","continuous",16,2,100000,0,5.458,0,100,100,500,183224363.054,150.678,20.660,0,0,0,40,128,0,8,1775541455223697805
"Windows x86-64","Clang 21.1.0 ","-std=c11 -O3 -Wall -Wextra -Wpedantic","sliding_mean","full_recompute","continuous",16,2,100000,0,4.781,0,100,100,4000,209179493.437,136.185,18.072,1,0,0,0,128,0,128,1775541455223697805
"Windows x86-64","Clang 21.1.0 ","-std=c11 -O3 -Wall -Wextra -Wpedantic","rolling_max","hidden_incremental","continuous",16,2,100000,0,12.534,0,100,100,11000,79782194.609,155.825,47.397,1,1,0,240,0,0,8,18439528701114761817
"Windows x86-64","Clang 21.1.0 ","-std=c11 -O3 -Wall -Wextra -Wpedantic","rolling_max","explicit_incremental","continuous",16,2,100000,0,10.912,0,100,100,12100,91639709.319,0.000,41.316,4,2,0,240,0,0,8,18439528701114761817
"Windows x86-64","Clang 21.1.0 ","-std=c11 -O3 -Wall -Wextra -Wpedantic","rolling_max","full_recompute","continuous",16,2,100000,0,10.136,0,100,100,6200,98660902.478,0.000,38.375,1,0,0,0,64,0,64,18439528701114761817
"Windows x86-64","Clang 21.1.0 ","-std=c11 -O3 -Wall -Wextra -Wpedantic","sliding_mean","hidden_incremental","continuous",16,2,100000,0,5.869,0,100,100,8500,170373027.260,140.109,22.150,7,0,0,40,128,0,8,1775541455223697805
"Windows x86-64","Clang 21.1.0 ","-std=c11 -O3 -Wall -Wextra -Wpedantic","sliding_mean","full_recompute","continuous",16,3,100000,0,5.629,0,100,100,3400,177645959.327,120.683,21.314,1,0,0,0,128,0,128,1775541455223697805
"Windows x86-64","Clang 21.1.0 ","-std=c11 -O3 -Wall -Wextra -Wpedantic","rolling_max","hidden_incremental","continuous",16,3,100000,0,12.832,0,100,100,13000,77929415.432,152.206,48.589,2,1,0,240,0,0,8,18439528701114761817
"Windows x86-64","Clang 21.1.0 ","-std=c11 -O3 -Wall -Wextra -Wpedantic","rolling_max","explicit_incremental","continuous",16,3,100000,0,11.406,0,100,100,8400,87671617.191,136.987,42.920,1,0,0,240,0,0,8,18439528701114761817
"Windows x86-64","Clang 21.1.0 ","-std=c11 -O3 -Wall -Wextra -Wpedantic","rolling_max","full_recompute","continuous",16,3,100000,0,10.237,0,100,100,13000,97686603.614,138.759,38.669,2,1,0,0,64,0,64,18439528701114761817
"Windows x86-64","Clang 21.1.0 ","-std=c11 -O3 -Wall -Wextra -Wpedantic","sliding_mean","hidden_incremental","continuous",16,3,100000,0,5.559,0,100,100,7700,179886671.397,0.000,20.970,4,0,0,40,128,0,8,1775541455223697805
"Windows x86-64","Clang 21.1.0 ","-std=c11 -O3 -Wall -Wextra -Wpedantic","sliding_mean","explicit_incremental","continuous",16,3,100000,0,5.509,0,100,100,10000,181505642.690,0.000,20.851,12,0,0,40,128,0,8,1775541455223697805
"Windows x86-64","Clang 21.1.0 ","-std=c11 -O3 -Wall -Wextra -Wpedantic","rolling_max","hidden_incremental","continuous",16,4,100000,0,12.843,0,100,100,6900,77866122.181,135.184,48.643,11,0,0,240,0,0,8,18439528701114761817
"Windows x86-64","Clang 21.1.0 ","-std=c11 -O3 -Wall -Wextra -Wpedantic","rolling_max","explicit_incremental","continuous",16,4,100000,0,10.597,0,100,100,9300,94364549.126,147.445,40.121,3,0,0,240,0,0,8,18439528701114761817
"Windows x86-64","Clang 21.1.0 ","-std=c11 -O3 -Wall -Wextra -Wpedantic","rolling_max","full_recompute","continuous",16,4,100000,0,10.248,0,100,100,9300,97580015.613,138.608,38.670,5,0,0,0,64,0,64,18439528701114761817
"Windows x86-64","Clang 21.1.0 ","-std=c11 -O3 -Wall -Wextra -Wpedantic","sliding_mean","hidden_incremental","continuous",16,4,100000,0,5.535,0,100,100,17300,180658166.225,148.568,20.939,4,2,0,40,128,0,8,1775541455223697805
"Windows x86-64","Clang 21.1.0 ","-std=c11 -O3 -Wall -Wextra -Wpedantic","sliding_mean","explicit_incremental","continuous",16,4,100000,0,5.495,0,100,100,6600,181996501.623,157.983,20.782,5,0,0,40,128,0,8,1775541455223697805
"Windows x86-64","Clang 21.1.0 ","-std=c11 -O3 -Wall -Wextra -Wpedantic","sliding_mean","full_recompute","continuous",16,4,100000,0,5.037,0,100,100,19800,198525944.859,129.249,19.069,4,2,0,0,128,0,128,1775541455223697805
"Windows x86-64","Clang 21.1.0 ","-std=c11 -O3 -Wall -Wextra -Wpedantic","rolling_max","explicit_incremental","continuous",16,5,100000,0,11.325,0,100,100,9900,88303339.632,0.000,42.699,28,0,0,240,0,0,8,18439528701114761817
"Windows x86-64","Clang 21.1.0 ","-std=c11 -O3 -Wall -Wextra -Wpedantic","rolling_max","full_recompute","continuous",16,5,100000,0,10.213,0,100,100,21100,97917299.049,152.996,38.629,8,2,0,0,64,0,64,18439528701114761817
"Windows x86-64","Clang 21.1.0 ","-std=c11 -O3 -Wall -Wextra -Wpedantic","sliding_mean","hidden_incremental","continuous",16,5,100000,0,5.520,0,100,100,8900,181168057.211,148.987,20.897,5,0,0,40,128,0,8,1775541455223697805
"Windows x86-64","Clang 21.1.0 ","-std=c11 -O3 -Wall -Wextra -Wpedantic","sliding_mean","explicit_incremental","continuous",16,5,100000,0,5.484,0,100,100,4200,182362652.129,149.969,20.756,3,0,0,40,128,0,8,1775541455223697805
"Windows x86-64","Clang 21.1.0 ","-std=c11 -O3 -Wall -Wextra -Wpedantic","sliding_mean","full_recompute","continuous",16,5,100000,0,4.994,0,100,100,25200,200243152.399,223.486,18.899,14,2,0,0,128,0,128,1775541455223697805
"Windows x86-64","Clang 21.1.0 ","-std=c11 -O3 -Wall -Wextra -Wpedantic","rolling_max","hidden_incremental","continuous",16,5,100000,0,12.823,0,100,100,5700,77985631.147,152.316,48.553,5,0,0,240,0,0,8,18439528701114761817
"Windows x86-64","Clang 21.1.0 ","-std=c11 -O3 -Wall -Wextra -Wpedantic","rolling_max","full_recompute","continuous",16,6,100000,0,10.217,0,100,100,8900,97874347.134,139.026,38.689,16,0,0,0,64,0,64,18439528701114761817
"Windows x86-64","Clang 21.1.0 ","-std=c11 -O3 -Wall -Wextra -Wpedantic","sliding_mean","hidden_incremental","continuous",16,6,100000,0,5.600,0,100,100,16400,178576463.622,146.856,21.061,15,4,0,40,128,0,8,1775541455223697805
"Windows x86-64","Clang 21.1.0 ","-std=c11 -O3 -Wall -Wextra -Wpedantic","sliding_mean","explicit_incremental","continuous",16,6,100000,0,5.520,0,100,100,17100,181150784.192,148.973,20.892,4,2,0,40,128,0,8,1775541455223697805
"Windows x86-64","Clang 21.1.0 ","-std=c11 -O3 -Wall -Wextra -Wpedantic","sliding_mean","full_recompute","continuous",16,6,100000,0,10.236,0,100,100,6200,97698786.500,63.606,27.677,3,0,0,0,128,0,128,1775541455223697805
"Windows x86-64","Clang 21.1.0 ","-std=c11 -O3 -Wall -Wextra -Wpedantic","rolling_max","hidden_incremental","continuous",16,6,100000,0,26.025,0,100,100,40800,38424802.661,85.770,52.307,5,1,0,240,0,0,8,18439528701114761817
"Windows x86-64","Clang 21.1.0 ","-std=c11 -O3 -Wall -Wextra -Wpedantic","rolling_max","explicit_incremental","continuous",16,6,100000,0,11.025,0,100,100,165800,90700891.136,177.150,41.678,7,7,1,240,0,0,8,18439528701114761817
"Windows x86-64","Clang 21.1.0 ","-std=c11 -O3 -Wall -Wextra -Wpedantic","sliding_mean","hidden_incremental","continuous",16,7,100000,0,6.703,0,100,100,8000,149189274.076,122.689,25.319,2,0,0,40,128,0,8,1775541455223697805
"Windows x86-64","Clang 21.1.0 ","-std=c11 -O3 -Wall -Wextra -Wpedantic","sliding_mean","explicit_incremental","continuous",16,7,100000,0,5.539,0,100,100,11300,180531141.622,148.463,20.861,2,1,0,40,128,0,8,1775541455223697805
"Windows x86-64","Clang 21.1.0 ","-std=c11 -O3 -Wall -Wextra -Wpedantic","sliding_mean","full_recompute","continuous",16,7,100000,0,5.758,0,100,100,10700,173663873.573,0.000,20.941,2,1,0,0,128,0,128,1775541455223697805
"Windows x86-64","Clang 21.1.0 ","-std=c11 -O3 -Wall -Wextra -Wpedantic","rolling_max","hidden_incremental","continuous",16,7,100000,0,13.001,0,100,100,18500,76920118.457,0.000,48.747,7,1,0,240,0,0,8,18439528701114761817
"Windows x86-64","Clang 21.1.0 ","-std=c11 -O3 -Wall -Wextra -Wpedantic","rolling_max","explicit_incremental","continuous",16,7,100000,0,10.737,0,100,100,3300,93133957.676,0.000,40.682,1,0,0,240,0,0,8,18439528701114761817
"Windows x86-64","Clang 21.1.0 ","-std=c11 -O3 -Wall -Wextra -Wpedantic","rolling_max","full_recompute","continuous",16,7,100000,0,10.102,0,100,100,11600,98992080.634,140.614,38.269,6,1,0,0,64,0,64,18439528701114761817
"Windows x86-64","Clang 21.1.0 ","-std=c11 -O3 -Wall -Wextra -Wpedantic","sliding_mean","explicit_incremental","continuous",16,8,100000,0,5.500,0,100,100,8700,181821854.987,157.831,20.768,7,0,0,40,128,0,8,1775541455223697805
"Windows x86-64","Clang 21.1.0 ","-std=c11 -O3 -Wall -Wextra -Wpedantic","sliding_mean","full_recompute","continuous",16,8,100000,0,5.355,0,100,100,29800,186734098.424,121.572,20.261,6,3,0,0,128,0,128,1775541455223697805
"Windows x86-64","Clang 21.1.0 ","-std=c11 -O3 -Wall -Wextra -Wpedantic","rolling_max","hidden_incremental","continuous",16,8,100000,0,12.524,0,100,100,9300,79843506.727,155.944,47.387,3,0,0,240,0,0,8,18439528701114761817
"Windows x86-64","Clang 21.1.0 ","-std=c11 -O3 -Wall -Wextra -Wpedantic","rolling_max","explicit_incremental","continuous",16,8,100000,0,10.449,0,100,100,11600,95703853.994,149.537,39.542,3,1,0,240,0,0,8,18439528701114761817
"Windows x86-64","Clang 21.1.0 ","-std=c11 -O3 -Wall -Wextra -Wpedantic","rolling_max","full_recompute","continuous",16,8,100000,0,10.218,0,100,100,8800,97867380.802,139.016,38.598,4,0,0,0,64,0,64,18439528701114761817
"Windows x86-64","Clang 21.1.0 ","-std=c11 -O3 -Wall -Wextra -Wpedantic","sliding_mean","hidden_incremental","continuous",16,8,100000,0,5.995,0,100,100,7000,166810064.793,0.000,21.770,9,0,0,40,128,0,8,1775541455223697805
"Windows x86-64","Clang 21.1.0 ","-std=c11 -O3 -Wall -Wextra -Wpedantic","sliding_mean","full_recompute","continuous",16,9,100000,0,7.843,0,100,100,258600,127494728.583,0.000,29.000,16,7,3,0,128,0,128,1775541455223697805
"Windows x86-64","Clang 21.1.0 ","-std=c11 -O3 -Wall -Wextra -Wpedantic","rolling_max","hidden_incremental","continuous",16,9,100000,0,17.547,0,100,100,9700,56990881.459,148.414,57.686,9,0,0,240,0,0,8,18439528701114761817
"Windows x86-64","Clang 21.1.0 ","-std=c11 -O3 -Wall -Wextra -Wpedantic","rolling_max","explicit_incremental","continuous",16,9,100000,0,16.655,0,100,100,39400,60040677.559,117.267,54.790,6,5,0,240,0,0,8,18439528701114761817
"Windows x86-64","Clang 21.1.0 ","-std=c11 -O3 -Wall -Wextra -Wpedantic","rolling_max","full_recompute","continuous",16,9,100000,0,12.615,0,100,100,224000,79272804.143,137.626,42.904,18,9,2,0,64,0,64,18439528701114761817
"Windows x86-64","Clang 21.1.0 ","-std=c11 -O3 -Wall -Wextra -Wpedantic","sliding_mean","hidden_incremental","continuous",16,9,100000,0,6.343,0,100,100,65300,157642411.373,144.892,22.846,24,13,0,40,128,0,8,1775541455223697805
"Windows x86-64","Clang 21.1.0 ","-std=c11 -O3 -Wall -Wextra -Wpedantic","sliding_mean","explicit_incremental","continuous",16,9,100000,0,6.023,0,100,100,282600,166042278.515,162.151,22.158,19,11,2,40,128,0,8,1775541455223697805
"Windows x86-64","Clang 21.1.0 ","-std=c11 -O3 -Wall -Wextra -Wpedantic","rolling_max","hidden_incremental","continuous",16,10,100000,0,15.601,0,100,100,57800,64100509.599,125.196,56.317,18,9,0,240,0,0,8,18439528701114761817
"Windows x86-64","Clang 21.1.0 ","-std=c11 -O3 -Wall -Wextra -Wpedantic","rolling_max","explicit_incremental","continuous",16,10,100000,0,15.153,0,100,100,240400,65993532.634,0.000,51.309,37,10,2,240,0,0,8,18439528701114761817
"Windows x86-64","Clang 21.1.0 ","-std=c11 -O3 -Wall -Wextra -Wpedantic","rolling_max","full_recompute","continuous",16,10,100000,0,12.226,0,100,100,465300,81796245.552,159.758,40.871,37,25,2,0,64,0,64,18439528701114761817
"Windows x86-64","Clang 21.1.0 ","-std=c11 -O3 -Wall -Wextra -Wpedantic","sliding_mean","hidden_incremental","continuous",16,10,100000,0,7.564,0,100,100,118700,132202685.603,147.548,21.980,23,11,1,40,128,0,8,1775541455223697805
"Windows x86-64","Clang 21.1.0 ","-std=c11 -O3 -Wall -Wextra -Wpedantic","sliding_mean","explicit_incremental","continuous",16,10,100000,0,6.275,0,100,100,12100,159353480.166,177.850,21.632,11,1,0,40,128,0,8,1775541455223697805
"Windows x86-64","Clang 21.1.0 ","-std=c11 -O3 -Wall -Wextra -Wpedantic","sliding_mean","full_recompute","continuous",16,10,100000,0,12.490,0,100,100,89000,80061380.392,104.247,31.368,18,11,0,0,128,0,128,1775541455223697805
"Windows x86-64","Clang 21.1.0 ","-std=c11 -O3 -Wall -Wextra -Wpedantic","rolling_max","explicit_incremental","continuous",16,11,100000,0,16.121,0,100,100,822800,62030891.384,0.000,49.705,15,12,2,240,0,0,8,18439528701114761817
"Windows x86-64","Clang 21.1.0 ","-std=c11 -O3 -Wall -Wextra -Wpedantic","rolling_max","full_recompute","continuous",16,11,100000,0,11.589,0,100,100,6081300,86288722.064,0.000,40.024,26,13,1,0,64,0,64,18439528701114761817
"Windows x86-64","Clang 21.1.0 ","-std=c11 -O3 -Wall -Wextra -Wpedantic","sliding_mean","hidden_incremental","continuous",16,11,100000,0,10.937,0,100,100,52200,91430893.483,0.000,22.295,23,13,0,40,128,0,8,1775541455223697805
"Windows x86-64","Clang 21.1.0 ","-std=c11 -O3 -Wall -Wextra -Wpedantic","sliding_mean","explicit_incremental","continuous",16,11,100000,0,6.677,0,100,100,46100,149774869.649,0.000,22.939,16,6,0,40,128,0,8,1775541455223697805
"Windows x86-64","Clang 21.1.0 ","-std=c11 -O3 -Wall -Wextra -Wpedantic","sliding_mean","full_recompute","continuous",16,11,100000,0,11.011,0,100,100,760600,90818907.099,109.157,31.932,15,10,2,0,128,0,128,1775541455223697805
"Windows x86-64","Clang 21.1.0 ","-std=c11 -O3 -Wall -Wextra -Wpedantic","rolling_max","hidden_incremental","continuous",16,11,100000,0,19.781,0,100,100,72600,50554413.400,0.000,57.030,26,15,0,240,0,0,8,18439528701114761817
"Windows x86-64","Clang 21.1.0 ","-std=c11 -O3 -Wall -Wextra -Wpedantic","sliding_mean","hidden_incremental","continuous",64,1,100000,0,7.479,0,100,100,434900,133705728.548,116.064,22.245,21,15,1,40,512,0,8,16408031962924447079
"Windows x86-64","Clang 21.1.0 ","-std=c11 -O3 -Wall -Wextra -Wpedantic","sliding_mean","explicit_incremental","continuous",64,1,100000,0,6.105,0,100,100,151500,163791220.791,170.616,21.915,17,13,2,40,512,0,8,16408031962924447079
"Windows x86-64","Clang 21.1.0 ","-std=c11 -O3 -Wall -Wextra -Wpedantic","sliding_mean","full_recompute","continuous",64,1,100000,0,34.501,100,100,100,441200,28984877.140,113.222,109.350,62,34,4,0,512,0,512,16408031962924447079
"Windows x86-64","Clang 21.1.0 ","-std=c11 -O3 -Wall -Wextra -Wpedantic","rolling_max","hidden_incremental","continuous",64,1,100000,0,19.296,0,100,100,86400,51824595.953,115.680,55.009,12,7,0,816,0,0,8,192850313541761477
"Windows x86-64","Clang 21.1.0 ","-std=c11 -O3 -Wall -Wextra -Wpedantic","rolling_max","explicit_incremental","continuous",64,1,100000,0,21.105,0,100,100,126200,47383259.494,0.000,48.133,23,6,1,816,0,0,8,192850313541761477
"Windows x86-64","Clang 21.1.0 ","-std=c11 -O3 -Wall -Wextra -Wpedantic","rolling_max","full_recompute","continuous",64,1,100000,0,16.816,0,100,100,46800,59465759.616,185.830,56.603,16,10,0,0,256,0,256,192850313541761477
"Windows x86-64","Clang 21.1.0 ","-std=c11 -O3 -Wall -Wextra -Wpedantic","sliding_mean","explicit_incremental","continuous",64,2,100000,0,5.887,0,100,100,32800,169870615.215,147.457,21.727,12,6,0,40,512,0,8,16408031962924447079
"Windows x86-64","Clang 21.1.0 ","-std=c11 -O3 -Wall -Wextra -Wpedantic","sliding_mean","full_recompute","continuous",64,2,100000,0,33.397,100,100,100,539000,29943257.527,116.966,107.404,57,33,4,0,512,0,512,16408031962924447079
"Windows x86-64","Clang 21.1.0 ","-std=c11 -O3 -Wall -Wextra -Wpedantic","rolling_max","hidden_incremental","continuous",64,2,100000,0,15.652,0,100,100,91400,63887557.898,0.000,55.493,24,12,0,816,0,0,8,192850313541761477
"Windows x86-64","Clang 21.1.0 ","-std=c11 -O3 -Wall -Wextra -Wpedantic","rolling_max","explicit_incremental","continuous",64,2,100000,0,18.659,0,100,100,270200,53592209.224,0.000,46.043,42,25,7,816,0,0,8,192850313541761477
"Windows x86-64","Clang 21.1.0 ","-std=c11 -O3 -Wall -Wextra -Wpedantic","rolling_max","full_recompute","continuous",64,2,100000,0,22.527,0,100,100,486600,44390189.768,173.399,58.298,38,16,3,0,256,0,256,192850313541761477
"Windows x86-64","Clang 21.1.0 ","-std=c11 -O3 -Wall -Wextra -Wpedantic","sliding_mean","hidden_incremental","continuous",64,2,100000,0,7.577,0,100,100,442500,131983000.590,0.000,21.587,53,10,2,40,512,0,8,16408031962924447079
"Windows x86-64","Clang 21.1.0 ","-std=c11 -O3 -Wall -Wextra -Wpedantic","sliding_mean","full_recompute","continuous",64,3,100000,0,40.502,100,100,100,10773900,24690138.759,128.594,106.711,45,17,7,0,512,0,512,16408031962924447079
"Windows x86-64","Clang 21.1.0 ","-std=c11 -O3 -Wall -Wextra -Wpedantic","rolling_max","hidden_incremental","continuous",64,3,100000,0,16.651,0,100,100,196100,60055851.942,0.000,53.933,43,22,3,816,0,0,8,192850313541761477
"Windows x86-64","Clang 21.1.0 ","-std=c11 -O3 -Wall -Wextra -Wpedantic","rolling_max","explicit_incremental","continuous",64,3,100000,0,33.368,0,100,100,6402100,29968533.040,52.029,50.218,35,24,2,816,0,0,8,192850313541761477
"Windows x86-64","Clang 21.1.0 ","-std=c11 -O3 -Wall -Wextra -Wpedantic","rolling_max","full_recompute","continuous",64,3,100000,0,33.847,0,100,100,5052900,29544861.410,76.940,57.230,51,31,3,0,256,0,256,192850313541761477
"Windows x86-64","Clang 21.1.0 ","-std=c11 -O3 -Wall -Wextra -Wpedantic","sliding_mean","hidden_incremental","continuous",64,3,100000,0,8.345,0,100,100,65600,119825534.022,0.000,21.883,19,11,0,40,512,0,8,16408031962924447079
"Windows x86-64","Clang 21.1.0 ","-std=c11 -O3 -Wall -Wextra -Wpedantic","sliding_mean","explicit_incremental","continuous",64,3,100000,0,9.368,0,100,100,381100,106740673.534,0.000,23.812,65,13,1,40,512,0,8,16408031962924447079
"Windows x86-64","Clang 21.1.0 ","-std=c11 -O3 -Wall -Wextra -Wpedantic","rolling_max","hidden_incremental","continuous",64,4,100000,0,20.576,0,100,100,64300,48599523.725,126.561,56.899,86,12,0,816,0,0,8,192850313541761477
"Windows x86-64","Clang 21.1.0 ","-std=c11 -O3 -Wall -Wextra -Wpedantic","rolling_max","explicit_incremental","continuous",64,4,100000,0,16.905,0,100,100,171700,59154971.236,0.000,50.294,64,29,3,816,0,0,8,192850313541761477
"Windows x86-64","Clang 21.1.0 ","-std=c11 -O3 -Wall -Wextra -Wpedantic","rolling_max","full_recompute","continuous",64,4,100000,0,16.936,0,100,100,145700,59045238.494,153.764,57.078,24,19,2,0,256,0,256,192850313541761477
"Windows x86-64","Clang 21.1.0 ","-std=c11 -O3 -Wall -Wextra -Wpedantic","sliding_mean","hidden_incremental","continuous",64,4,100000,0,6.732,0,100,100,45500,148538750.046,193.410,22.091,8,4,0,40,512,0,8,16408031962924447079
"Windows x86-64","Clang 21.1.0 ","-std=c11 -O3 -Wall -Wextra -Wpedantic","sliding_mean","explicit_incremental","continuous",64,4,100000,0,5.625,0,100,100,29300,177764471.431,146.188,21.112,13,7,0,40,512,0,8,16408031962924447079
"Windows x86-64","Clang 21.1.0 ","-std=c11 -O3 -Wall -Wextra -Wpedantic","sliding_mean","full_recompute","continuous",64,4,100000,0,22.067,100,100,100,106500,45316946.725,141.615,82.984,19,12,1,0,512,0,512,16408031962924447079
"Windows x86-64","Clang 21.1.0 ","-std=c11 -O3 -Wall -Wextra -Wpedantic","rolling_max","explicit_incremental","continuous",64,5,100000,0,10.081,0,100,100,10700,99193556.387,0.000,38.172,2,1,0,816,0,0,8,192850313541761477
"Windows x86-64","Clang 21.1.0 ","-std=c11 -O3 -Wall -Wextra -Wpedantic","rolling_max","full_recompute","continuous",64,5,100000,0,12.458,0,100,100,8400,80271854.012,139.361,47.200,2,0,0,0,256,0,256,192850313541761477
"Windows x86-64","Clang 21.1.0 ","-std=c11 -O3 -Wall -Wextra -Wpedantic","sliding_mean","hidden_incremental","continuous",64,5,100000,0,5.675,0,100,100,5500,176216356.588,144.915,21.248,2,0,0,40,512,0,8,16408031962924447079
"Windows x86-64","Clang 21.1.0 ","-std=c11 -O3 -Wall -Wextra -Wpedantic","sliding_mean","explicit_incremental","continuous",64,5,100000,0,5.591,0,100,100,9800,178864212.252,155.264,21.171,2,0,0,40,512,0,8,16408031962924447079
"Windows x86-64","Clang 21.1.0 ","-std=c11 -O3 -Wall -Wextra -Wpedantic","sliding_mean","full_recompute","continuous",64,5,100000,0,17.901,100,100,100,22800,55861760.763,145.473,67.787,15,2,0,0,512,0,512,16408031962924447079
"Windows x86-64","Clang 21.1.0 ","-std=c11 -O3 -Wall -Wextra -Wpedantic","rolling_max","hidden_incremental","continuous",64,5,100000,0,11.985,0,100,100,5200,83434536.336,0.000,45.417,6,0,0,816,0,0,8,192850313541761477
"Windows x86-64","Clang 21.1.0 ","-std=c11 -O3 -Wall -Wextra -Wpedantic","rolling_max","full_recompute","continuous",64,6,100000,0,12.359,0,100,100,10000,80911240.369,140.471,46.820,4,0,0,0,256,0,256,192850313541761477
"Windows x86-64","Clang 21.1.0 ","-std=c11 -O3 -Wall -Wextra -Wpedantic","sliding_mean","hidden_incremental","continuous",64,6,100000,0,5.428,0,100,100,5800,184244210.853,151.517,20.559,1,0,0,40,512,0,8,16408031962924447079
"Windows x86-64","Clang 21.1.0 ","-std=c11 -O3 -Wall -Wextra -Wpedantic","sliding_mean","explicit_incremental","continuous",64,6,100000,0,5.462,0,100,100,700,183086648.165,150.565,20.643,0,0,0,40,512,0,8,16408031962924447079
"Windows x86-64","Clang 21.1.0 ","-std=c11 -O3 -Wall -Wextra -Wpedantic","sliding_mean","full_recompute","continuous",64,6,100000,0,21.068,100,100,100,169600,47466101.293,0.000,79.641,17,7,1,0,512,0,512,16408031962924447079
"Windows x86-64","Clang 21.1.0 ","-std=c11 -O3 -Wall -Wextra -Wpedantic","rolling_max","hidden_incremental","continuous",64,6,100000,0,12.202,0,100,100,10800,81956763.254,0.000,46.120,3,1,0,816,0,0,8,192850313541761477
"Windows x86-64","Clang 21.1.0 ","-std=c11 -O3 -Wall -Wextra -Wpedantic","rolling_max","explicit_incremental","continuous",64,6,100000,0,9.948,0,100,100,9600,100519043.790,0.000,37.651,5,0,0,816,0,0,8,192850313541761477
"Windows x86-64","Clang 21.1.0 ","-std=c11 -O3 -Wall -Wextra -Wpedantic","sliding_mean","hidden_incremental","continuous",64,7,100000,0,5.532,0,100,100,9500,180752692.264,148.645,20.944,3,0,0,40,512,0,8,16408031962924447079
"Windows x86-64","Clang 21.1.0 ","-std=c11 -O3 -Wall -Wextra -Wpedantic","sliding_mean","explicit_incremental","continuous",64,7,100000,0,5.510,0,100,100,15300,181476069.037,149.240,20.856,2,1,0,40,512,0,8,16408031962924447079
"Windows x86-64","Clang 21.1.0 ","-std=c11 -O3 -Wall -Wextra -Wpedantic","sliding_mean","full_recompute","continuous",64,7,100000,0,19.515,100,100,100,110500,51242633.871,133.444,71.411,9,5,1,0,512,0,512,16408031962924447079
"Windows x86-64","Clang 21.1.0 ","-std=c11 -O3 -Wall -Wextra -Wpedantic","rolling_max","hidden_incremental","continuous",64,7,100000,0,12.313,0,100,100,7200,81216441.817,0.000,46.475,3,0,0,816,0,0,8,192850313541761477
"Windows x86-64","Clang 21.1.0 ","-std=c11 -O3 -Wall -Wextra -Wpedantic","rolling_max","explicit_incremental","continuous",64,7,100000,0,11.694,0,100,100,12000,85517262.826,121.473,44.187,1,1,0,816,0,0,8,192850313541761477
"Windows x86-64","Clang 21.1.0 ","-std=c11 -O3 -Wall -Wextra -Wpedantic","rolling_max","full_recompute","continuous",64,7,100000,0,12.936,0,100,100,8400,77302320.787,134.205,48.476,4,0,0,0,256,0,256,192850313541761477
"Windows x86-64","Clang 21.1.0 ","-std=c11 -O3 -Wall -Wextra -Wpedantic","sliding_mean","explicit_incremental","continuous",64,8,100000,0,5.468,0,100,100,20000,182892786.323,150.405,20.698,4,1,0,40,512,0,8,16408031962924447079
"Windows x86-64","Clang 21.1.0 ","-std=c11 -O3 -Wall -Wextra -Wpedantic","sliding_mean","full_recompute","continuous",64,8,100000,0,18.908,100,100,100,39900,52887200.416,137.727,71.604,10,6,0,0,512,0,512,16408031962924447079
"Windows x86-64","Clang 21.1.0 ","-std=c11 -O3 -Wall -Wextra -Wpedantic","rolling_max","hidden_incremental","continuous",64,8,100000,0,15.073,0,100,100,65700,66341907.235,0.000,53.118,24,10,0,816,0,0,8,192850313541761477
"Windows x86-64","Clang 21.1.0 ","-std=c11 -O3 -Wall -Wextra -Wpedantic","rolling_max","explicit_incremental","continuous",64,8,100000,0,12.314,0,100,100,49100,81209699.687,126.890,44.559,20,9,0,816,0,0,8,192850313541761477
"Windows x86-64","Clang 21.1.0 ","-std=c11 -O3 -Wall -Wextra -Wpedantic","rolling_max","full_recompute","continuous",64,8,100000,0,15.286,0,100,100,24300,65420942.879,127.775,54.503,12,3,0,0,256,0,256,192850313541761477
"Windows x86-64","Clang 21.1.0 ","-std=c11 -O3 -Wall -Wextra -Wpedantic","sliding_mean","hidden_incremental","continuous",64,8,100000,0,6.947,0,100,100,497500,143957388.613,0.000,22.983,7,7,2,40,512,0,8,16408031962924447079
"Windows x86-64","Clang 21.1.0 ","-std=c11 -O3 -Wall -Wextra -Wpedantic","sliding_mean","full_recompute","continuous",64,9,100000,0,34.872,100,100,100,256600,28676576.017,149.357,112.555,41,27,2,0,512,0,512,16408031962924447079
"Windows x86-64","Clang 21.1.0 ","-std=c11 -O3 -Wall -Wextra -Wpedantic","rolling_max","hidden_incremental","continuous",64,9,100000,0,20.753,0,100,100,135500,48185030.517,0.000,64.664,41,22,2,816,0,0,8,192850313541761477
"Windows x86-64","Clang 21.1.0 ","-std=c11 -O3 -Wall -Wextra -Wpedantic","rolling_max","explicit_incremental","continuous",64,9,100000,0,15.201,0,100,100,166000,65785763.961,146.843,50.499,33,20,4,816,0,0,8,192850313541761477
"Windows x86-64","Clang 21.1.0 ","-std=c11 -O3 -Wall -Wextra -Wpedantic","rolling_max","full_recompute","continuous",64,9,100000,0,19.408,0,100,100,1664900,51525586.748,0.000,56.587,54,26,3,0,256,0,256,192850313541761477
"Windows x86-64","Clang 21.1.0 ","-std=c11 -O3 -Wall -Wextra -Wpedantic","sliding_mean","hidden_incremental","continuous",64,9,100000,0,7.160,0,100,100,326800,139666430.010,0.000,23.187,36,23,2,40,512,0,8,16408031962924447079
"Windows x86-64","Clang 21.1.0 ","-std=c11 -O3 -Wall -Wextra -Wpedantic","sliding_mean","explicit_incremental","continuous",64,9,100000,0,7.729,0,100,100,60700,129382843.835,0.000,23.040,19,11,0,40,512,0,8,16408031962924447079
"Windows x86-64","Clang 21.1.0 ","-std=c11 -O3 -Wall -Wextra -Wpedantic","rolling_max","hidden_incremental","continuous",64,10,100000,0,17.822,0,100,100,582000,56111055.000,175.347,54.282,51,30,5,816,0,0,8,192850313541761477
"Windows x86-64","Clang 21.1.0 ","-std=c11 -O3 -Wall -Wextra -Wpedantic","rolling_max","explicit_incremental","continuous",64,10,100000,0,16.927,0,100,100,183200,59078959.029,115.389,46.335,27,15,1,816,0,0,8,192850313541761477
"Windows x86-64","Clang 21.1.0 ","-std=c11 -O3 -Wall -Wextra -Wpedantic","rolling_max","full_recompute","continuous",64,10,100000,0,21.583,0,100,100,166900,46333375.254,103.423,54.393,35,24,5,0,256,0,256,192850313541761477
"Windows x86-64","Clang 21.1.0 ","-std=c11 -O3 -Wall -Wextra -Wpedantic","sliding_mean","hidden_incremental","continuous",64,10,100000,0,8.164,0,100,100,283100,122490643.076,106.329,21.832,21,15,2,40,512,0,8,16408031962924447079
"Windows x86-64","Clang 21.1.0 ","-std=c11 -O3 -Wall -Wextra -Wpedantic","sliding_mean","explicit_incremental","continuous",64,10,100000,0,20.254,0,100,100,3711400,49372963.365,0.000,22.490,35,15,5,40,512,0,8,16408031962924447079
"Windows x86-64","Clang 21.1.0 ","-std=c11 -O3 -Wall -Wextra -Wpedantic","sliding_mean","full_recompute","continuous",64,10,100000,0,37.323,100,100,100,328900,26793369.534,0.000,109.113,67,15,5,0,512,0,512,16408031962924447079
"Windows x86-64","Clang 21.1.0 ","-std=c11 -O3 -Wall -Wextra -Wpedantic","rolling_max","explicit_incremental","continuous",64,11,100000,0,26.037,0,100,100,140600,38407303.972,0.000,52.045,22,11,1,816,0,0,8,192850313541761477
"Windows x86-64","Clang 21.1.0 ","-std=c11 -O3 -Wall -Wextra -Wpedantic","rolling_max","full_recompute","continuous",64,11,100000,0,18.228,0,100,100,525700,54860152.328,142.865,59.867,17,7,2,0,256,0,256,192850313541761477
"Windows x86-64","Clang 21.1.0 ","-std=c11 -O3 -Wall -Wextra -Wpedantic","sliding_mean","hidden_incremental","continuous",64,11,100000,0,6.219,0,100,100,164600,160788937.721,139.574,22.534,3,3,1,40,512,0,8,16408031962924447079
"Windows x86-64","Clang 21.1.0 ","-std=c11 -O3 -Wall -Wextra -Wpedantic","sliding_mean","explicit_incremental","continuous",64,11,100000,0,6.373,0,100,100,1545700,156902124.455,163.440,22.618,18,12,3,40,512,0,8,16408031962924447079
"Windows x86-64","Clang 21.1.0 ","-std=c11 -O3 -Wall -Wextra -Wpedantic","sliding_mean","full_recompute","continuous",64,11,100000,0,26.877,100,100,100,242500,37206187.389,145.337,99.177,29,19,2,0,512,0,512,16408031962924447079
"Windows x86-64","Clang 21.1.0 ","-std=c11 -O3 -Wall -Wextra -Wpedantic","rolling_max","hidden_incremental","continuous",64,11,100000,0,13.971,0,100,100,18100,71576197.336,139.797,51.809,8,5,0,816,0,0,8,192850313541761477
"Windows x86-64","Clang 21.1.0 ","-std=c11 -O3 -Wall -Wextra -Wpedantic","sliding_mean","hidden_incremental","continuous",256,1,100000,0,6.323,0,100,100,200200,158145419.364,145.354,21.917,30,6,1,40,2048,0,8,7229013445563576458
"Windows x86-64","Clang 21.1.0 ","-std=c11 -O3 -Wall -Wextra -Wpedantic","sliding_mean","explicit_incremental","continuous",256,1,100000,0,6.738,0,100,100,38200,148421061.822,136.416,22.539,31,3,0,40,2048,0,8,7229013445563576458
"Windows x86-64","Clang 21.1.0 ","-std=c11 -O3 -Wall -Wextra -Wpedantic","sliding_mean","full_recompute","continuous",256,1,100000,0,215.539,200,200,300,525000,4639531.593,72.493,560.355,294,64,3,0,2048,0,2048,7229013445563576458
"Windows x86-64","Clang 21.1.0 ","-std=c11 -O3 -Wall -Wextra -Wpedantic","rolling_max","hidden_incremental","continuous",256,1,100000,0,20.507,0,100,100,1233300,48764176.443,108.849,52.957,12,5,2,3120,0,0,8,5381080079370116239
"Windows x86-64","Clang 21.1.0 ","-std=c11 -O3 -Wall -Wextra -Wpedantic","rolling_max","explicit_incremental","continuous",256,1,100000,0,12.773,0,100,100,462000,78291018.902,174.757,46.135,13,5,1,3120,0,0,8,5381080079370116239
"Windows x86-64","Clang 21.1.0 ","-std=c11 -O3 -Wall -Wextra -Wpedantic","rolling_max","full_recompute","continuous",256,1,100000,0,67.158,100,100,100,307900,14890258.793,0.000,148.356,56,21,2,0,1024,0,1024,5381080079370116239
"Windows x86-64","Clang 21.1.0 ","-std=c11 -O3 -Wall -Wextra -Wpedantic","sliding_mean","explicit_incremental","continuous",256,2,100000,0,7.991,0,100,100,100900,125146003.671,108.634,22.298,47,14,1,40,2048,0,8,7229013445563576458
"Windows x86-64","Clang 21.1.0 ","-std=c11 -O3 -Wall -Wextra -Wpedantic","sliding_mean","full_recompute","continuous",256,2,100000,0,184.307,200,200,300,2089900,5425729.896,169.554,553.384,243,104,16,0,2048,0,2048,7229013445563576458
"Windows x86-64","Clang 21.1.0 ","-std=c11 -O3 -Wall -Wextra -Wpedantic","rolling_max","hidden_incremental","continuous",256,2,100000,0,17.855,0,100,100,590900,56005544.549,109.386,53.948,11,6,3,3120,0,0,8,5381080079370116239
"Windows x86-64","Clang 21.1.0 ","-std=c11 -O3 -Wall -Wextra -Wpedantic","rolling_max","explicit_incremental","continuous",256,2,100000,0,20.433,0,100,100,933500,48940439.485,254.898,50.954,37,16,2,3120,0,0,8,5381080079370116239
"Windows x86-64","Clang 21.1.0 ","-std=c11 -O3 -Wall -Wextra -Wpedantic","rolling_max","full_recompute","continuous",256,2,100000,0,50.506,100,100,100,605800,19799758.443,103.124,145.974,29,24,3,0,1024,0,1024,5381080079370116239
"Windows x86-64","Clang 21.1.0 ","-std=c11 -O3 -Wall -Wextra -Wpedantic","sliding_mean","hidden_incremental","continuous",256,2,100000,0,6.892,0,100,100,131500,145087342.580,453.398,22.111,11,9,2,40,2048,0,8,7229013445563576458
"Windows x86-64","Clang 21.1.0 ","-std=c11 -O3 -Wall -Wextra -Wpedantic","sliding_mean","full_recompute","continuous",256,3,100000,0,145.133,200,200,200,1588300,6890231.718,107.660,538.105,131,71,11,0,2048,0,2048,7229013445563576458
"Windows x86-64","Clang 21.1.0 ","-std=c11 -O3 -Wall -Wextra -Wpedantic","rolling_max","hidden_incremental","continuous",256,3,100000,0,13.548,0,100,100,41000,73813675.829,144.167,50.625,9,8,0,3120,0,0,8,5381080079370116239
"Windows x86-64","Clang 21.1.0 ","-std=c11 -O3 -Wall -Wextra -Wpedantic","rolling_max","explicit_incremental","continuous",256,3,100000,0,12.295,0,100,100,27200,81335345.630,141.207,45.133,4,2,0,3120,0,0,8,5381080079370116239
"Windows x86-64","Clang 21.1.0 ","-std=c11 -O3 -Wall -Wextra -Wpedantic","rolling_max","full_recompute","continuous",256,3,100000,0,39.322,100,100,100,167200,25431271.987,132.455,142.571,19,10,1,0,1024,0,1024,5381080079370116239
"Windows x86-64","Clang 21.1.0 ","-std=c11 -O3 -Wall -Wextra -Wpedantic","sliding_mean","hidden_incremental","continuous",256,3,100000,0,5.834,0,100,100,223600,171395924.586,148.781,21.798,24,11,1,40,2048,0,8,7229013445563576458
"Windows x86-64","Clang 21.1.0 ","-std=c11 -O3 -Wall -Wextra -Wpedantic","sliding_mean","explicit_incremental","continuous",256,3,100000,0,6.616,0,100,100,67000,151148730.351,131.205,23.643,20,8,0,40,2048,0,8,7229013445563576458
"Windows x86-64","Clang 21.1.0 ","-std=c11 -O3 -Wall -Wextra -Wpedantic","rolling_max","hidden_incremental","continuous",256,4,100000,0,14.371,0,100,100,169700,69584580.057,0.000,51.932,4,4,1,3120,0,0,8,5381080079370116239
"Windows x86-64","Clang 21.1.0 ","-std=c11 -O3 -Wall -Wextra -Wpedantic","rolling_max","explicit_incremental","continuous",256,4,100000,0,11.509,0,100,100,18800,86889360.880,0.000,42.181,3,3,0,3120,0,0,8,5381080079370116239
"Windows x86-64","Clang 21.1.0 ","-std=c11 -O3 -Wall -Wextra -Wpedantic","rolling_max","full_recompute","continuous",256,4,100000,0,35.303,100,100,100,44900,28325937.116,147.531,133.625,13,4,0,0,1024,0,1024,5381080079370116239
"Windows x86-64","Clang 21.1.0 ","-std=c11 -O3 -Wall -Wextra -Wpedantic","sliding_mean","hidden_incremental","continuous",256,4,100000,0,6.021,0,100,100,58900,166089723.417,136.587,21.299,4,3,0,40,2048,0,8,7229013445563576458
"Windows x86-64","Clang 21.1.0 ","-std=c11 -O3 -Wall -Wextra -Wpedantic","sliding_mean","explicit_incremental","continuous",256,4,100000,0,5.589,0,100,100,8500,178911090.604,147.131,21.146,2,0,0,40,2048,0,8,7229013445563576458
"Windows x86-64","Clang 21.1.0 ","-std=c11 -O3 -Wall -Wextra -Wpedantic","sliding_mean","full_recompute","continuous",256,4,100000,0,140.244,200,200,300,36800,7130429.822,111.413,530.720,42,9,0,0,2048,0,2048,7229013445563576458
"Windows x86-64","Clang 21.1.0 ","-std=c11 -O3 -Wall -Wextra -Wpedantic","rolling_max","explicit_incremental","continuous",256,5,100000,0,12.217,0,100,100,9500,81851815.473,127.893,42.523,3,0,0,3120,0,0,8,5381080079370116239
"Windows x86-64","Clang 21.1.0 ","-std=c11 -O3 -Wall -Wextra -Wpedantic","rolling_max","full_recompute","continuous",256,5,100000,0,37.583,100,100,100,118200,26608010.785,138.583,140.225,14,6,1,0,1024,0,1024,5381080079370116239
"Windows x86-64","Clang 21.1.0 ","-std=c11 -O3 -Wall -Wextra -Wpedantic","sliding_mean","hidden_incremental","continuous",256,5,100000,0,5.847,0,100,100,145800,171026338.056,0.000,21.442,5,3,1,40,2048,0,8,7229013445563576458
"Windows x86-64","Clang 21.1.0 ","-std=c11 -O3 -Wall -Wextra -Wpedantic","sliding_mean","explicit_incremental","continuous",256,5,100000,0,6.672,0,100,100,117300,149881343.936,130.105,22.672,32,18,2,40,2048,0,8,7229013445563576458
"Windows x86-64","Clang 21.1.0 ","-std=c11 -O3 -Wall -Wextra -Wpedantic","sliding_mean","full_recompute","continuous",256,5,100000,0,150.293,200,200,300,187200,6653669.832,103.964,547.755,67,48,2,0,2048,0,2048,7229013445563576458
"Windows x86-64","Clang 21.1.0 ","-std=c11 -O3 -Wall -Wextra -Wpedantic","rolling_max","hidden_incremental","continuous",256,5,100000,0,14.103,0,100,100,40200,70909054.073,0.000,50.655,8,6,0,3120,0,0,8,5381080079370116239
"Windows x86-64","Clang 21.1.0 ","-std=c11 -O3 -Wall -Wextra -Wpedantic","rolling_max","full_recompute","continuous",256,6,100000,0,33.234,100,100,100,26800,30089893.557,117.539,125.351,6,4,0,0,1024,0,1024,5381080079370116239
"Windows x86-64","Clang 21.1.0 ","-std=c11 -O3 -Wall -Wextra -Wpedantic","sliding_mean","hidden_incremental","continuous",256,6,100000,0,5.716,0,100,100,11500,174949216.130,151.866,21.375,5,1,0,40,2048,0,8,7229013445563576458
"Windows x86-64","Clang 21.1.0 ","-std=c11 -O3 -Wall -Wextra -Wpedantic","sliding_mean","explicit_incremental","continuous",256,6,100000,0,5.667,0,100,100,25900,176463668.091,153.180,21.350,9,4,0,40,2048,0,8,7229013445563576458
"Windows x86-64","Clang 21.1.0 ","-std=c11 -O3 -Wall -Wextra -Wpedantic","sliding_mean","full_recompute","continuous",256,6,100000,0,152.950,200,200,300,72200,6538084.341,102.158,556.498,56,15,0,0,2048,0,2048,7229013445563576458
"Windows x86-64","Clang 21.1.0 ","-std=c11 -O3 -Wall -Wextra -Wpedantic","rolling_max","hidden_incremental","continuous",256,6,100000,0,16.200,0,100,100,25100,61728395.062,0.000,55.284,10,5,0,3120,0,0,8,5381080079370116239
"Windows x86-64","Clang 21.1.0 ","-std=c11 -O3 -Wall -Wextra -Wpedantic","rolling_max","explicit_incremental","continuous",256,6,100000,0,15.998,0,100,100,27300,62509767.151,122.089,53.594,12,10,0,3120,0,0,8,5381080079370116239
"Windows x86-64","Clang 21.1.0 ","-std=c11 -O3 -Wall -Wextra -Wpedantic","sliding_mean","hidden_incremental","continuous",256,7,100000,0,6.622,0,100,100,52300,151020071.940,0.000,23.259,43,16,0,40,2048,0,8,7229013445563576458
"Windows x86-64","Clang 21.1.0 ","-std=c11 -O3 -Wall -Wextra -Wpedantic","sliding_mean","explicit_incremental","continuous",256,7,100000,0,8.150,0,100,100,470300,122701393.888,0.000,23.183,10,8,1,40,2048,0,8,7229013445563576458
"Windows x86-64","Clang 21.1.0 ","-std=c11 -O3 -Wall -Wextra -Wpedantic","sliding_mean","full_recompute","continuous",256,7,100000,0,174.432,200,200,300,112100,5732893.047,89.576,565.373,222,58,1,0,2048,0,2048,7229013445563576458
"Windows x86-64","Clang 21.1.0 ","-std=c11 -O3 -Wall -Wextra -Wpedantic","rolling_max","hidden_incremental","continuous",256,7,100000,0,25.835,0,100,100,885000,38706538.087,86.399,54.704,49,21,2,3120,0,0,8,5381080079370116239
"Windows x86-64","Clang 21.1.0 ","-std=c11 -O3 -Wall -Wextra -Wpedantic","rolling_max","explicit_incremental","continuous",256,7,100000,0,18.833,0,100,100,1828500,53098284.925,0.000,47.512,41,22,1,3120,0,0,8,5381080079370116239
"Windows x86-64","Clang 21.1.0 ","-std=c11 -O3 -Wall -Wextra -Wpedantic","rolling_max","full_recompute","continuous",256,7,100000,0,115.445,100,100,100,923300,8662171.000,0.000,149.702,82,34,6,0,1024,0,1024,5381080079370116239
"Windows x86-64","Clang 21.1.0 ","-std=c11 -O3 -Wall -Wextra -Wpedantic","sliding_mean","explicit_incremental","continuous",256,8,100000,0,8.483,0,100,100,893300,117889000.956,0.000,22.479,30,17,4,40,2048,0,8,7229013445563576458
"Windows x86-64","Clang 21.1.0 ","-std=c11 -O3 -Wall -Wextra -Wpedantic","sliding_mean","full_recompute","continuous",256,8,100000,0,351.294,200,200,300,819800,2846618.502,0.000,552.818,253,121,18,0,2048,0,2048,7229013445563576458
"Windows x86-64","Clang 21.1.0 ","-std=c11 -O3 -Wall -Wextra -Wpedantic","rolling_max","hidden_incremental","continuous",256,8,100000,0,24.232,0,100,100,483500,41267745.130,0.000,57.162,29,11,1,3120,0,0,8,5381080079370116239
"Windows x86-64","Clang 21.1.0 ","-std=c11 -O3 -Wall -Wextra -Wpedantic","rolling_max","explicit_incremental","continuous",256,8,100000,0,63.564,0,100,100,1810400,15732175.445,35.116,49.013,23,12,3,3120,0,0,8,5381080079370116239
"Windows x86-64","Clang 21.1.0 ","-std=c11 -O3 -Wall -Wextra -Wpedantic","rolling_max","full_recompute","continuous",256,8,100000,0,41.504,100,100,100,6087200,24094063.223,0.000,146.626,39,28,8,0,1024,0,1024,5381080079370116239
"Windows x86-64","Clang 21.1.0 ","-std=c11 -O3 -Wall -Wextra -Wpedantic","sliding_mean","hidden_incremental","continuous",256,8,100000,0,8.628,0,100,100,411100,115905073.745,0.000,21.786,17,7,3,40,2048,0,8,7229013445563576458
"Windows x86-64","Clang 21.1.0 ","-std=c11 -O3 -Wall -Wextra -Wpedantic","sliding_mean","full_recompute","continuous",256,9,100000,0,233.733,200,200,300,3103100,4278386.022,0.000,565.991,178,91,19,0,2048,0,2048,7229013445563576458
"Windows x86-64","Clang 21.1.0 ","-std=c11 -O3 -Wall -Wextra -Wpedantic","rolling_max","hidden_incremental","continuous",256,9,100000,0,40.735,0,100,100,2067600,24548913.711,76.715,57.108,29,18,2,3120,0,0,8,5381080079370116239
"Windows x86-64","Clang 21.1.0 ","-std=c11 -O3 -Wall -Wextra -Wpedantic","rolling_max","explicit_incremental","continuous",256,9,100000,0,13.380,0,100,100,75200,74736021.695,166.821,46.224,23,9,0,3120,0,0,8,5381080079370116239
"Windows x86-64","Clang 21.1.0 ","-std=c11 -O3 -Wall -Wextra -Wpedantic","rolling_max","full_recompute","continuous",256,9,100000,0,55.687,100,100,100,8001300,17957405.035,187.056,148.397,43,21,2,0,1024,0,1024,5381080079370116239
"Windows x86-64","Clang 21.1.0 ","-std=c11 -O3 -Wall -Wextra -Wpedantic","sliding_mean","hidden_incremental","continuous",256,9,100000,0,7.039,0,100,100,3824300,142073483.563,123.328,22.387,44,18,3,40,2048,0,8,7229013445563576458
"Windows x86-64","Clang 21.1.0 ","-std=c11 -O3 -Wall -Wextra -Wpedantic","sliding_mean","explicit_incremental","continuous",256,9,100000,0,11.033,0,100,100,1790900,90634763.230,83.304,21.850,29,21,3,40,2048,0,8,7229013445563576458
"Windows x86-64","Clang 21.1.0 ","-std=c11 -O3 -Wall -Wextra -Wpedantic","rolling_max","hidden_incremental","continuous",256,10,100000,0,53.057,0,100,100,409000,18847772.822,0.000,52.964,13,5,1,3120,0,0,8,5381080079370116239
"Windows x86-64","Clang 21.1.0 ","-std=c11 -O3 -Wall -Wextra -Wpedantic","rolling_max","explicit_incremental","continuous",256,10,100000,0,15.748,0,100,100,226100,63501135.083,0.000,45.522,37,14,2,3120,0,0,8,5381080079370116239
"Windows x86-64","Clang 21.1.0 ","-std=c11 -O3 -Wall -Wextra -Wpedantic","rolling_max","full_recompute","continuous",256,10,100000,0,183.110,100,100,100,13781000,5461198.187,0.000,155.566,39,23,12,0,1024,0,1024,5381080079370116239
"Windows x86-64","Clang 21.1.0 ","-std=c11 -O3 -Wall -Wextra -Wpedantic","sliding_mean","hidden_incremental","continuous",256,10,100000,0,20.362,0,100,100,413900,49110663.658,45.138,22.594,29,14,2,40,2048,0,8,7229013445563576458
"Windows x86-64","Clang 21.1.0 ","-std=c11 -O3 -Wall -Wextra -Wpedantic","sliding_mean","explicit_incremental","continuous",256,10,100000,0,8.672,0,100,100,244200,115309854.051,128.694,22.542,25,17,2,40,2048,0,8,7229013445563576458
"Windows x86-64","Clang 21.1.0 ","-std=c11 -O3 -Wall -Wextra -Wpedantic","sliding_mean","full_recompute","continuous",256,10,100000,0,314.088,200,200,300,8613200,3183821.095,49.747,578.091,164,89,12,0,2048,0,2048,7229013445563576458
"Windows x86-64","Clang 21.1.0 ","-std=c11 -O3 -Wall -Wextra -Wpedantic","rolling_max","explicit_incremental","continuous",256,11,100000,0,15.813,0,100,100,1318700,63239678.381,141.160,50.084,31,20,7,3120,0,0,8,5381080079370116239
"Windows x86-64","Clang 21.1.0 ","-std=c11 -O3 -Wall -Wextra -Wpedantic","rolling_max","full_recompute","continuous",256,11,100000,0,46.956,100,100,100,191500,21296306.156,0.000,141.921,40,20,2,0,1024,0,1024,5381080079370116239
"Windows x86-64","Clang 21.1.0 ","-std=c11 -O3 -Wall -Wextra -Wpedantic","sliding_mean","hidden_incremental","continuous",256,11,100000,0,7.541,0,100,100,498900,132600714.386,129.493,21.381,19,10,6,40,2048,0,8,7229013445563576458
"Windows x86-64","Clang 21.1.0 ","-std=c11 -O3 -Wall -Wextra -Wpedantic","sliding_mean","explicit_incremental","continuous",256,11,100000,0,7.262,0,100,100,3655500,137710697.367,0.000,22.101,48,21,10,40,2048,0,8,7229013445563576458
"Windows x86-64","Clang 21.1.0 ","-std=c11 -O3 -Wall -Wextra -Wpedantic","sliding_mean","full_recompute","continuous",256,11,100000,0,237.636,200,200,300,518100,4208116.615,65.752,605.480,209,58,6,0,2048,0,2048,7229013445563576458
"Windows x86-64","Clang 21.1.0 ","-std=c11 -O3 -Wall -Wextra -Wpedantic","rolling_max","hidden_incremental","continuous",256,11,100000,0,24.150,0,100,100,1358200,41407181.662,129.397,61.033,32,20,5,3120,0,0,8,5381080079370116239
"Windows x86-64","Clang 21.1.0 ","-std=c11 -O3 -Wall -Wextra -Wpedantic","sliding_mean","hidden_incremental","continuous",1024,1,100000,0,5.784,0,100,100,27400,172880769.896,0.000,21.766,21,5,0,40,8192,0,8,2446427139198031174
"Windows x86-64","Clang 21.1.0 ","-std=c11 -O3 -Wall -Wextra -Wpedantic","sliding_mean","explicit_incremental","continuous",1024,1,100000,0,5.664,0,100,100,54400,176563413.854,0.000,21.200,12,6,0,40,8192,0,8,2446427139198031174
"Windows x86-64","Clang 21.1.0 ","-std=c11 -O3 -Wall -Wextra -Wpedantic","sliding_mean","full_recompute","continuous",1024,1,100000,0,671.494,700,800,800,33100,1489216.583,93.076,2530.060,140,28,0,0,8192,0,8192,2446427139198031174
"Windows x86-64","Clang 21.1.0 ","-std=c11 -O3 -Wall -Wextra -Wpedantic","rolling_max","hidden_incremental","continuous",1024,1,100000,0,12.834,0,100,100,11500,77921065.960,152.190,48.367,5,1,0,12336,0,0,8,16630142931858899245
"Windows x86-64","Clang 21.1.0 ","-std=c11 -O3 -Wall -Wextra -Wpedantic","rolling_max","explicit_incremental","continuous",1024,1,100000,0,11.248,0,100,100,15200,88905572.404,0.000,42.415,4,3,0,12336,0,0,8,16630142931858899245
"Windows x86-64","Clang 21.1.0 ","-std=c11 -O3 -Wall -Wextra -Wpedantic","rolling_max","full_recompute","continuous",1024,1,100000,0,124.064,200,200,200,24900,8060355.945,125.943,469.130,25,8,0,0,4096,0,4096,16630142931858899245
"Windows x86-64","Clang 21.1.0 ","-std=c11 -O3 -Wall -Wextra -Wpedantic","sliding_mean","explicit_incremental","continuous",1024,2,100000,0,5.604,0,100,200,54500,178445644.517,0.000,21.160,4,1,0,40,8192,0,8,2446427139198031174
"Windows x86-64","Clang 21.1.0 ","-std=c11 -O3 -Wall -Wextra -Wpedantic","sliding_mean","full_recompute","continuous",1024,2,100000,0,785.519,700,800,900,342400,1273043.682,99.457,2655.589,438,87,3,0,8192,0,8192,2446427139198031174
"Windows x86-64","Clang 21.1.0 ","-std=c11 -O3 -Wall -Wextra -Wpedantic","rolling_max","hidden_incremental","continuous",1024,2,100000,0,24.145,0,100,100,713800,41416442.328,129.426,53.304,36,15,5,12336,0,0,8,16630142931858899245
"Windows x86-64","Clang 21.1.0 ","-std=c11 -O3 -Wall -Wextra -Wpedantic","rolling_max","explicit_incremental","continuous",1024,2,100000,0,14.931,0,100,100,70200,66976993.403,0.000,47.722,26,8,0,12336,0,0,8,16630142931858899245
"Windows x86-64","Clang 21.1.0 ","-std=c11 -O3 -Wall -Wextra -Wpedantic","rolling_max","full_recompute","continuous",1024,2,100000,0,168.148,200,200,200,241300,5947141.804,92.924,534.494,110,48,4,0,4096,0,4096,16630142931858899245
"Windows x86-64","Clang 21.1.0 ","-std=c11 -O3 -Wall -Wextra -Wpedantic","sliding_mean","hidden_incremental","continuous",1024,2,100000,0,10.462,0,100,100,72900,95584018.352,87.853,22.418,21,9,0,40,8192,0,8,2446427139198031174
"Windows x86-64","Clang 21.1.0 ","-std=c11 -O3 -Wall -Wextra -Wpedantic","sliding_mean","full_recompute","continuous",1024,3,100000,0,1400.596,700,800,1000,10506400,713981.762,89.248,2656.329,958,389,66,0,8192,0,8192,2446427139198031174
"Windows x86-64","Clang 21.1.0 ","-std=c11 -O3 -Wall -Wextra -Wpedantic","rolling_max","hidden_incremental","continuous",1024,3,100000,0,23.875,0,100,100,1007700,41884816.754,81.806,52.250,63,20,5,12336,0,0,8,16630142931858899245
"Windows x86-64","Clang 21.1.0 ","-std=c11 -O3 -Wall -Wextra -Wpedantic","rolling_max","explicit_incremental","continuous",1024,3,100000,0,13.840,0,100,100,1513300,72252595.072,0.000,44.596,24,12,4,12336,0,0,8,16630142931858899245
"Windows x86-64","Clang 21.1.0 ","-std=c11 -O3 -Wall -Wextra -Wpedantic","rolling_max","full_recompute","continuous",1024,3,100000,0,353.576,200,200,200,2374200,2828246.261,44.191,620.967,147,79,15,0,4096,0,4096,16630142931858899245
"Windows x86-64","Clang 21.1.0 ","-std=c11 -O3 -Wall -Wextra -Wpedantic","sliding_mean","hidden_incremental","continuous",1024,3,100000,0,11.877,0,100,100,68500,84196788.945,164.447,24.254,18,10,0,40,8192,0,8,2446427139198031174
"Windows x86-64","Clang 21.1.0 ","-std=c11 -O3 -Wall -Wextra -Wpedantic","sliding_mean","explicit_incremental","continuous",1024,3,100000,0,9.267,0,100,100,382400,107904693.180,105.376,24.235,28,19,1,40,8192,0,8,2446427139198031174
"Windows x86-64","Clang 21.1.0 ","-std=c11 -O3 -Wall -Wextra -Wpedantic","rolling_max","hidden_incremental","continuous",1024,4,100000,0,15.810,0,100,100,74300,63249392.354,141.182,54.043,36,25,0,12336,0,0,8,16630142931858899245
"Windows x86-64","Clang 21.1.0 ","-std=c11 -O3 -Wall -Wextra -Wpedantic","rolling_max","explicit_incremental","continuous",1024,4,100000,0,13.808,0,100,100,14600,72424115.621,125.736,47.647,14,6,0,12336,0,0,8,16630142931858899245
"Windows x86-64","Clang 21.1.0 ","-std=c11 -O3 -Wall -Wextra -Wpedantic","rolling_max","full_recompute","continuous",1024,4,100000,0,135.411,200,200,300,36500,7384924.415,115.389,505.891,52,25,0,0,4096,0,4096,16630142931858899245
"Windows x86-64","Clang 21.1.0 ","-std=c11 -O3 -Wall -Wextra -Wpedantic","sliding_mean","hidden_incremental","continuous",1024,4,100000,0,5.620,0,100,100,33200,177934276.697,146.328,21.213,6,4,0,40,8192,0,8,2446427139198031174
"Windows x86-64","Clang 21.1.0 ","-std=c11 -O3 -Wall -Wextra -Wpedantic","sliding_mean","explicit_incremental","continuous",1024,4,100000,0,5.653,0,100,100,66900,176900699.741,0.000,21.356,6,5,0,40,8192,0,8,2446427139198031174
"Windows x86-64","Clang 21.1.0 ","-std=c11 -O3 -Wall -Wextra -Wpedantic","sliding_mean","full_recompute","continuous",1024,4,100000,0,666.353,700,800,900,112900,1500706.082,117.243,2518.696,228,66,1,0,8192,0,8192,2446427139198031174
"Windows x86-64","Clang 21.1.0 ","-std=c11 -O3 -Wall -Wextra -Wpedantic","rolling_max","explicit_incremental","continuous",1024,5,100000,0,12.492,0,100,100,10700,80048028.817,125.075,46.040,2,1,0,12336,0,0,8,16630142931858899245
"Windows x86-64","Clang 21.1.0 ","-std=c11 -O3 -Wall -Wextra -Wpedantic","rolling_max","full_recompute","continuous",1024,5,100000,0,131.069,100,200,200,13600,7629569.158,119.212,494.501,15,1,0,0,4096,0,4096,16630142931858899245
"Windows x86-64","Clang 21.1.0 ","-std=c11 -O3 -Wall -Wextra -Wpedantic","sliding_mean","hidden_incremental","continuous",1024,5,100000,0,6.145,0,100,100,17900,162738343.866,141.266,22.153,5,3,0,40,8192,0,8,2446427139198031174
"Windows x86-64","Clang 21.1.0 ","-std=c11 -O3 -Wall -Wextra -Wpedantic","sliding_mean","explicit_incremental","continuous",1024,5,100000,0,5.577,0,100,100,18200,179297719.144,147.449,21.047,7,1,0,40,8192,0,8,2446427139198031174
"Windows x86-64","Clang 21.1.0 ","-std=c11 -O3 -Wall -Wextra -Wpedantic","sliding_mean","full_recompute","continuous",1024,5,100000,0,774.478,700,800,1000,316100,1291192.261,100.874,2677.577,693,189,11,0,8192,0,8192,2446427139198031174
"Windows x86-64","Clang 21.1.0 ","-std=c11 -O3 -Wall -Wextra -Wpedantic","rolling_max","hidden_incremental","continuous",1024,5,100000,0,15.793,0,100,100,83500,63319192.047,0.000,53.556,12,7,0,12336,0,0,8,16630142931858899245
"Windows x86-64","Clang 21.1.0 ","-std=c11 -O3 -Wall -Wextra -Wpedantic","rolling_max","full_recompute","continuous",1024,6,100000,0,219.686,200,200,200,4090000,4551951.422,71.124,521.101,111,55,11,0,4096,0,4096,16630142931858899245
"Windows x86-64","Clang 21.1.0 ","-std=c11 -O3 -Wall -Wextra -Wpedantic","sliding_mean","hidden_incremental","continuous",1024,6,100000,0,30.618,0,100,100,721200,32660289.443,0.000,23.124,17,10,4,40,8192,0,8,2446427139198031174
"Windows x86-64","Clang 21.1.0 ","-std=c11 -O3 -Wall -Wextra -Wpedantic","sliding_mean","explicit_incremental","continuous",1024,6,100000,0,9.144,0,100,100,171600,109357592.493,0.000,22.592,15,9,1,40,8192,0,8,2446427139198031174
"Windows x86-64","Clang 21.1.0 ","-std=c11 -O3 -Wall -Wextra -Wpedantic","sliding_mean","full_recompute","continuous",1024,6,100000,0,754.791,700,900,1000,1031200,1324870.063,82.804,2622.465,768,237,16,0,8192,0,8192,2446427139198031174
"Windows x86-64","Clang 21.1.0 ","-std=c11 -O3 -Wall -Wextra -Wpedantic","rolling_max","hidden_incremental","continuous",1024,6,100000,0,15.715,0,100,100,494200,63631851.560,0.000,55.806,71,27,3,12336,0,0,8,16630142931858899245
"Windows x86-64","Clang 21.1.0 ","-std=c11 -O3 -Wall -Wextra -Wpedantic","rolling_max","explicit_incremental","continuous",1024,6,100000,0,14.626,0,100,100,686700,68371393.409,118.700,46.008,32,13,2,12336,0,0,8,16630142931858899245
"Windows x86-64","Clang 21.1.0 ","-std=c11 -O3 -Wall -Wextra -Wpedantic","sliding_mean","hidden_incremental","continuous",1024,7,100000,0,6.728,0,100,100,227900,148624690.808,165.876,22.174,15,11,3,40,8192,0,8,2446427139198031174
"Windows x86-64","Clang 21.1.0 ","-std=c11 -O3 -Wall -Wextra -Wpedantic","sliding_mean","explicit_incremental","continuous",1024,7,100000,0,7.104,0,100,100,52800,140765765.766,169.190,22.658,19,6,0,40,8192,0,8,2446427139198031174
"Windows x86-64","Clang 21.1.0 ","-std=c11 -O3 -Wall -Wextra -Wpedantic","sliding_mean","full_recompute","continuous",1024,7,100000,0,865.800,700,800,1000,5977300,1155001.155,54.141,2753.873,873,335,51,0,8192,0,8192,2446427139198031174
"Windows x86-64","Clang 21.1.0 ","-std=c11 -O3 -Wall -Wextra -Wpedantic","rolling_max","hidden_incremental","continuous",1024,7,100000,0,14.262,0,100,100,80400,70117622.311,0.000,53.151,6,5,0,12336,0,0,8,16630142931858899245
"Windows x86-64","Clang 21.1.0 ","-std=c11 -O3 -Wall -Wextra -Wpedantic","rolling_max","explicit_incremental","continuous",1024,7,100000,0,10.976,0,100,100,35200,91109531.879,142.359,41.475,11,3,0,12336,0,0,8,16630142931858899245
"Windows x86-64","Clang 21.1.0 ","-std=c11 -O3 -Wall -Wextra -Wpedantic","rolling_max","full_recompute","continuous",1024,7,100000,0,124.135,100,200,200,24600,8055745.761,0.000,459.897,9,5,0,0,4096,0,4096,16630142931858899245
"Windows x86-64","Clang 21.1.0 ","-std=c11 -O3 -Wall -Wextra -Wpedantic","sliding_mean","explicit_incremental","continuous",1024,8,100000,0,5.594,0,100,100,9300,178748758.689,0.000,21.070,2,0,0,40,8192,0,8,2446427139198031174
"Windows x86-64","Clang 21.1.0 ","-std=c11 -O3 -Wall -Wextra -Wpedantic","sliding_mean","full_recompute","continuous",1024,8,100000,0,679.375,700,800,900,142100,1471941.122,114.995,2561.064,375,33,1,0,8192,0,8192,2446427139198031174
"Windows x86-64","Clang 21.1.0 ","-std=c11 -O3 -Wall -Wextra -Wpedantic","rolling_max","hidden_incremental","continuous",1024,8,100000,0,13.049,0,100,100,19900,76635693.074,149.679,49.346,12,2,0,12336,0,0,8,16630142931858899245
"Windows x86-64","Clang 21.1.0 ","-std=c11 -O3 -Wall -Wextra -Wpedantic","rolling_max","explicit_incremental","continuous",1024,8,100000,0,11.235,0,100,100,31100,89007565.643,139.074,42.434,14,6,0,12336,0,0,8,16630142931858899245
"Windows x86-64","Clang 21.1.0 ","-std=c11 -O3 -Wall -Wextra -Wpedantic","rolling_max","full_recompute","continuous",1024,8,100000,0,134.251,100,200,200,17600,7448734.088,116.386,507.348,38,4,0,0,4096,0,4096,16630142931858899245
"Windows x86-64","Clang 21.1.0 ","-std=c11 -O3 -Wall -Wextra -Wpedantic","sliding_mean","hidden_incremental","continuous",1024,8,100000,0,5.809,0,100,100,26800,172140083.775,149.427,21.792,15,1,0,40,8192,0,8,2446427139198031174
"Windows x86-64","Clang 21.1.0 ","-std=c11 -O3 -Wall -Wextra -Wpedantic","sliding_mean","full_recompute","continuous",1024,9,100000,0,1114.831,700,900,1000,1113900,896996.944,84.093,3034.313,966,186,16,0,8192,0,8192,2446427139198031174
"Windows x86-64","Clang 21.1.0 ","-std=c11 -O3 -Wall -Wextra -Wpedantic","rolling_max","hidden_incremental","continuous",1024,9,100000,0,65.034,0,100,100,437000,15376532.848,0.000,70.623,31,20,2,12336,0,0,8,16630142931858899245
"Windows x86-64","Clang 21.1.0 ","-std=c11 -O3 -Wall -Wextra -Wpedantic","rolling_max","explicit_incremental","continuous",1024,9,100000,0,52.487,0,100,100,80400,19052336.769,42.528,67.205,22,12,0,12336,0,0,8,16630142931858899245
"Windows x86-64","Clang 21.1.0 ","-std=c11 -O3 -Wall -Wextra -Wpedantic","rolling_max","full_recompute","continuous",1024,9,100000,0,293.695,200,300,300,16722600,3404892.831,53.201,677.923,209,121,19,0,4096,0,4096,16630142931858899245
"Windows x86-64","Clang 21.1.0 ","-std=c11 -O3 -Wall -Wextra -Wpedantic","sliding_mean","hidden_incremental","continuous",1024,9,100000,0,12.516,0,100,100,1434700,79900284.445,0.000,27.141,45,27,8,40,8192,0,8,2446427139198031174
"Windows x86-64","Clang 21.1.0 ","-std=c11 -O3 -Wall -Wextra -Wpedantic","sliding_mean","explicit_incremental","continuous",1024,9,100000,0,11.819,0,100,100,65100,84610481.546,0.000,27.427,14,11,0,40,8192,0,8,2446427139198031174
"Windows x86-64","Clang 21.1.0 ","-std=c11 -O3 -Wall -Wextra -Wpedantic","rolling_max","hidden_incremental","continuous",1024,10,100000,0,71.297,0,100,100,371300,14025914.279,43.831,73.134,24,20,3,12336,0,0,8,16630142931858899245
"Windows x86-64","Clang 21.1.0 ","-std=c11 -O3 -Wall -Wextra -Wpedantic","rolling_max","explicit_incremental","continuous",1024,10,100000,0,39.281,0,100,100,84400,25457924.415,0.000,68.282,58,20,0,12336,0,0,8,16630142931858899245
"Windows x86-64","Clang 21.1.0 ","-std=c11 -O3 -Wall -Wextra -Wpedantic","rolling_max","full_recompute","continuous",1024,10,100000,0,327.474,200,300,400,13715800,3053677.544,95.427,725.677,307,128,23,0,4096,0,4096,16630142931858899245
"Windows x86-64","Clang 21.1.0 ","-std=c11 -O3 -Wall -Wextra -Wpedantic","sliding_mean","hidden_incremental","continuous",1024,10,100000,0,40.257,0,100,100,1415000,24840176.049,35.284,29.013,69,44,9,40,8192,0,8,2446427139198031174
"Windows x86-64","Clang 21.1.0 ","-std=c11 -O3 -Wall -Wextra -Wpedantic","sliding_mean","explicit_incremental","continuous",1024,10,100000,0,9.089,0,100,100,57600,110018781.778,122.789,29.757,41,5,0,40,8192,0,8,2446427139198031174
"Windows x86-64","Clang 21.1.0 ","-std=c11 -O3 -Wall -Wextra -Wpedantic","sliding_mean","full_recompute","continuous",1024,10,100000,0,878.789,900,1100,2600,26694400,1137929.583,88.901,3157.437,6888,603,111,0,8192,0,8192,2446427139198031174
"Windows x86-64","Clang 21.1.0 ","-std=c11 -O3 -Wall -Wextra -Wpedantic","rolling_max","explicit_incremental","continuous",1024,11,100000,0,20.269,0,100,100,66100,49335816.569,96.359,60.161,11,7,0,12336,0,0,8,16630142931858899245
"Windows x86-64","Clang 21.1.0 ","-std=c11 -O3 -Wall -Wextra -Wpedantic","rolling_max","full_recompute","continuous",1024,11,100000,0,204.519,200,300,300,697500,4889521.267,76.399,708.434,143,99,14,0,4096,0,4096,16630142931858899245
"Windows x86-64","Clang 21.1.0 ","-std=c11 -O3 -Wall -Wextra -Wpedantic","sliding_mean","hidden_incremental","continuous",1024,11,100000,0,7.857,0,100,100,139400,127271570.258,0.000,27.509,5,5,1,40,8192,0,8,2446427139198031174
"Windows x86-64","Clang 21.1.0 ","-std=c11 -O3 -Wall -Wextra -Wpedantic","sliding_mean","explicit_incremental","continuous",1024,11,100000,0,6.962,0,100,100,27600,143639636.879,0.000,26.369,5,3,0,40,8192,0,8,2446427139198031174
"Windows x86-64","Clang 21.1.0 ","-std=c11 -O3 -Wall -Wextra -Wpedantic","sliding_mean","full_recompute","continuous",1024,11,100000,0,797.281,800,900,1100,73300,1254262.926,117.587,2943.250,1459,96,0,0,8192,0,8192,2446427139198031174
"Windows x86-64","Clang 21.1.0 ","-std=c11 -O3 -Wall -Wextra -Wpedantic","rolling_max","hidden_incremental","continuous",1024,11,100000,0,13.787,0,100,100,16200,72529465.095,141.659,51.453,4,3,0,12336,0,0,8,16630142931858899245
"Windows x86-64","Clang 21.1.0 ","-std=c11 -O3 -Wall -Wextra -Wpedantic","sliding_mean","hidden_incremental","continuous",4096,1,100000,0,6.290,0,100,100,24000,158994407.138,146.135,23.337,9,4,0,40,32768,0,8,16134473250650926714
"Windows x86-64","Clang 21.1.0 ","-std=c11 -O3 -Wall -Wextra -Wpedantic","sliding_mean","explicit_incremental","continuous",4096,1,100000,0,5.820,0,100,100,99100,171817832.670,0.000,21.720,32,9,0,40,32768,0,8,16134473250650926714
"Windows x86-64","Clang 21.1.0 ","-std=c11 -O3 -Wall -Wextra -Wpedantic","sliding_mean","full_recompute","continuous",4096,1,100000,0,3033.029,3100,3800,7400,3133800,329703.409,103.032,11253.850,98540,929,106,0,32768,0,32768,16134473250650926714
"Windows x86-64","Clang 21.1.0 ","-std=c11 -O3 -Wall -Wextra -Wpedantic","rolling_max","hidden_incremental","continuous",4096,1,100000,0,15.348,0,100,100,256000,65155069.064,169.675,57.858,12,3,1,49200,0,0,8,8283152070251253050
"Windows x86-64","Clang 21.1.0 ","-std=c11 -O3 -Wall -Wextra -Wpedantic","rolling_max","explicit_incremental","continuous",4096,1,100000,0,15.502,0,100,100,204800,64507805.444,0.000,56.435,9,3,1,49200,0,0,8,8283152070251253050
"Windows x86-64","Clang 21.1.0 ","-std=c11 -O3 -Wall -Wextra -Wpedantic","rolling_max","full_recompute","continuous",4096,1,100000,0,591.197,600,800,1000,146500,1691483.549,105.718,2214.331,877,100,3,0,16384,0,16384,8283152070251253050
"Windows x86-64","Clang 21.1.0 ","-std=c11 -O3 -Wall -Wextra -Wpedantic","sliding_mean","explicit_incremental","continuous",4096,2,100000,0,5.982,0,100,100,25700,167158856.633,145.103,22.608,11,4,0,40,32768,0,8,16134473250650926714
"Windows x86-64","Clang 21.1.0 ","-std=c11 -O3 -Wall -Wextra -Wpedantic","sliding_mean","full_recompute","continuous",4096,2,100000,0,4432.963,3300,3800,12600,1732900,225582.754,81.069,13276.494,98596,1082,100,0,32768,0,32768,16134473250650926714
"Windows x86-64","Clang 21.1.0 ","-std=c11 -O3 -Wall -Wextra -Wpedantic","rolling_max","hidden_incremental","continuous",4096,2,100000,0,15.448,0,100,100,18900,64733298.809,144.494,58.354,5,3,0,49200,0,0,8,8283152070251253050
"Windows x86-64","Clang 21.1.0 ","-std=c11 -O3 -Wall -Wextra -Wpedantic","rolling_max","explicit_incremental","continuous",4096,2,100000,0,13.968,0,100,100,14000,71593919.290,124.295,52.790,10,2,0,49200,0,0,8,8283152070251253050
"Windows x86-64","Clang 21.1.0 ","-std=c11 -O3 -Wall -Wextra -Wpedantic","rolling_max","full_recompute","continuous",4096,2,100000,0,502.375,500,700,800,89100,1990544.912,93.307,1898.469,204,22,0,0,16384,0,16384,8283152070251253050
"Windows x86-64","Clang 21.1.0 ","-std=c11 -O3 -Wall -Wextra -Wpedantic","sliding_mean","hidden_incremental","continuous",4096,2,100000,0,5.525,0,100,100,13400,180990015.384,0.000,20.864,4,1,0,40,32768,0,8,16134473250650926714
"Windows x86-64","Clang 21.1.0 ","-std=c11 -O3 -Wall -Wextra -Wpedantic","sliding_mean","full_recompute","continuous",4096,3,100000,0,5141.280,2800,3300,4500,385300,194504.092,85.096,13348.360,98469,313,6,0,32768,0,32768,16134473250650926714
"Windows x86-64","Clang 21.1.0 ","-std=c11 -O3 -Wall -Wextra -Wpedantic","rolling_max","hidden_incremental","continuous",4096,3,100000,0,23.938,0,100,100,86700,41775282.401,130.548,74.513,28,19,0,49200,0,0,8,8283152070251253050
"Windows x86-64","Clang 21.1.0 ","-std=c11 -O3 -Wall -Wextra -Wpedantic","rolling_max","explicit_incremental","continuous",4096,3,100000,0,20.407,0,100,100,74500,49002312.909,0.000,66.124,18,8,0,49200,0,0,8,8283152070251253050
"Windows x86-64","Clang 21.1.0 ","-std=c11 -O3 -Wall -Wextra -Wpedantic","rolling_max","full_recompute","continuous",4096,3,100000,0,987.426,700,1000,1100,1337100,1012734.119,47.472,2790.017,1725,285,23,0,16384,0,16384,8283152070251253050
"Windows x86-64","Clang 21.1.0 ","-std=c11 -O3 -Wall -Wextra -Wpedantic","sliding_mean","hidden_incremental","continuous",4096,3,100000,0,14.153,0,100,100,1282300,70653901.862,0.000,28.269,24,10,2,40,32768,0,8,16134473250650926714
"Windows x86-64","Clang 21.1.0 ","-std=c11 -O3 -Wall -Wextra -Wpedantic","sliding_mean","explicit_incremental","continuous",4096,3,100000,0,18.242,0,100,100,215600,54818319.439,65.887,29.699,10,8,2,40,32768,0,8,16134473250650926714
"Windows x86-64","Clang 21.1.0 ","-std=c11 -O3 -Wall -Wextra -Wpedantic","rolling_max","hidden_incremental","continuous",4096,4,100000,0,19.458,0,100,100,4207400,51393623.764,133.838,68.996,48,21,3,49200,0,0,8,8283152070251253050
"Windows x86-64","Clang 21.1.0 ","-std=c11 -O3 -Wall -Wextra -Wpedantic","rolling_max","explicit_incremental","continuous",4096,4,100000,0,26.347,0,100,100,618800,37954985.387,0.000,64.894,23,16,3,49200,0,0,8,8283152070251253050
"Windows x86-64","Clang 21.1.0 ","-std=c11 -O3 -Wall -Wextra -Wpedantic","rolling_max","full_recompute","continuous",4096,4,100000,0,969.776,700,900,1100,3757300,1031165.960,64.448,2853.531,1299,418,58,0,16384,0,16384,8283152070251253050
"Windows x86-64","Clang 21.1.0 ","-std=c11 -O3 -Wall -Wextra -Wpedantic","sliding_mean","hidden_incremental","continuous",4096,4,100000,0,6.765,0,100,100,12400,147810100.973,144.346,25.496,3,3,0,40,32768,0,8,16134473250650926714
"Windows x86-64","Clang 21.1.0 ","-std=c11 -O3 -Wall -Wextra -Wpedantic","sliding_mean","explicit_incremental","continuous",4096,4,100000,0,6.454,0,100,100,58800,154945495.643,0.000,23.635,5,4,0,40,32768,0,8,16134473250650926714
"Windows x86-64","Clang 21.1.0 ","-std=c11 -O3 -Wall -Wextra -Wpedantic","sliding_mean","full_recompute","continuous",4096,4,100000,0,5896.662,3000,3200,4300,265900,169587.472,63.595,13601.698,98646,281,6,0,32768,0,32768,16134473250650926714
"Windows x86-64","Clang 21.1.0 ","-std=c11 -O3 -Wall -Wextra -Wpedantic","rolling_max","explicit_incremental","continuous",4096,5,100000,0,43.197,0,100,100,1138600,23149526.096,51.673,64.308,10,9,2,49200,0,0,8,8283152070251253050
"Windows x86-64","Clang 21.1.0 ","-std=c11 -O3 -Wall -Wextra -Wpedantic","rolling_max","full_recompute","continuous",4096,5,100000,0,604.102,700,900,1100,1943300,1655349.593,103.459,2269.162,1269,275,34,0,16384,0,16384,8283152070251253050
"Windows x86-64","Clang 21.1.0 ","-std=c11 -O3 -Wall -Wextra -Wpedantic","sliding_mean","hidden_incremental","continuous",4096,5,100000,0,6.331,0,100,100,22600,157946692.991,0.000,23.930,4,2,0,40,32768,0,8,16134473250650926714
"Windows x86-64","Clang 21.1.0 ","-std=c11 -O3 -Wall -Wextra -Wpedantic","sliding_mean","explicit_incremental","continuous",4096,5,100000,0,6.524,0,100,100,25300,153271904.358,0.000,22.113,3,2,0,40,32768,0,8,16134473250650926714
"Windows x86-64","Clang 21.1.0 ","-std=c11 -O3 -Wall -Wextra -Wpedantic","sliding_mean","full_recompute","continuous",4096,5,100000,0,4366.422,2800,3100,3400,414000,229020.466,85.883,13522.250,98524,181,2,0,32768,0,32768,16134473250650926714
"Windows x86-64","Clang 21.1.0 ","-std=c11 -O3 -Wall -Wextra -Wpedantic","rolling_max","hidden_incremental","continuous",4096,5,100000,0,19.857,0,100,100,411000,50361342.633,196.724,68.669,28,14,2,49200,0,0,8,8283152070251253050
"Windows x86-64","Clang 21.1.0 ","-std=c11 -O3 -Wall -Wextra -Wpedantic","rolling_max","full_recompute","continuous",4096,6,100000,0,1368.152,700,900,1100,5631700,730912.939,57.103,2751.291,1472,283,34,0,16384,0,16384,8283152070251253050
"Windows x86-64","Clang 21.1.0 ","-std=c11 -O3 -Wall -Wextra -Wpedantic","sliding_mean","hidden_incremental","continuous",4096,6,100000,0,9.172,0,100,100,2841900,109024233.114,0.000,28.083,40,30,6,40,32768,0,8,16134473250650926714
"Windows x86-64","Clang 21.1.0 ","-std=c11 -O3 -Wall -Wextra -Wpedantic","sliding_mean","explicit_incremental","continuous",4096,6,100000,0,8.470,0,100,100,154000,118062758.789,0.000,28.164,32,20,2,40,32768,0,8,16134473250650926714
"Windows x86-64","Clang 21.1.0 ","-std=c11 -O3 -Wall -Wextra -Wpedantic","sliding_mean","full_recompute","continuous",4096,6,100000,0,3068.659,3400,3900,14200,12554400,325875.244,96.744,10735.021,98882,1209,240,0,32768,0,32768,16134473250650926714
"Windows x86-64","Clang 21.1.0 ","-std=c11 -O3 -Wall -Wextra -Wpedantic","rolling_max","hidden_incremental","continuous",4096,6,100000,0,19.220,0,100,100,35600,52028053.526,0.000,54.184,30,10,0,49200,0,0,8,8283152070251253050
"Windows x86-64","Clang 21.1.0 ","-std=c11 -O3 -Wall -Wextra -Wpedantic","rolling_max","explicit_incremental","continuous",4096,6,100000,0,17.465,0,100,100,288700,57257371.887,99.405,48.583,53,22,2,49200,0,0,8,8283152070251253050
"Windows x86-64","Clang 21.1.0 ","-std=c11 -O3 -Wall -Wextra -Wpedantic","sliding_mean","hidden_incremental","continuous",4096,7,100000,0,6.531,0,100,100,388900,153109013.618,140.725,23.166,34,19,4,40,32768,0,8,16134473250650926714
"Windows x86-64","Clang 21.1.0 ","-std=c11 -O3 -Wall -Wextra -Wpedantic","sliding_mean","explicit_incremental","continuous",4096,7,100000,0,14.451,0,100,100,22400,69200321.089,0.000,22.847,2,2,0,40,32768,0,8,16134473250650926714
"Windows x86-64","Clang 21.1.0 ","-std=c11 -O3 -Wall -Wextra -Wpedantic","sliding_mean","full_recompute","continuous",4096,7,100000,0,4077.533,2800,3200,18400,9382800,245246.329,53.648,10959.703,98555,1680,301,0,32768,0,32768,16134473250650926714
"Windows x86-64","Clang 21.1.0 ","-std=c11 -O3 -Wall -Wextra -Wpedantic","rolling_max","hidden_incremental","continuous",4096,7,100000,0,13.249,0,100,100,27600,75479530.895,0.000,49.872,5,2,0,49200,0,0,8,8283152070251253050
"Windows x86-64","Clang 21.1.0 ","-std=c11 -O3 -Wall -Wextra -Wpedantic","rolling_max","explicit_incremental","continuous",4096,7,100000,0,9.895,0,100,100,35700,101062998.999,0.000,37.360,2,2,0,49200,0,0,8,8283152070251253050
"Windows x86-64","Clang 21.1.0 ","-std=c11 -O3 -Wall -Wextra -Wpedantic","rolling_max","full_recompute","continuous",4096,7,100000,0,495.294,500,600,800,82300,2019002.855,94.641,1871.982,162,27,0,0,16384,0,16384,8283152070251253050
"Windows x86-64","Clang 21.1.0 ","-std=c11 -O3 -Wall -Wextra -Wpedantic","sliding_mean","explicit_incremental","continuous",4096,8,100000,0,5.878,0,100,100,11700,170122846.603,0.000,22.182,3,1,0,40,32768,0,8,16134473250650926714
"Windows x86-64","Clang 21.1.0 ","-std=c11 -O3 -Wall -Wextra -Wpedantic","sliding_mean","full_recompute","continuous",4096,8,100000,0,5178.979,3100,4300,6900,2311500,193088.252,72.408,14012.177,98564,727,49,0,32768,0,32768,16134473250650926714
"Windows x86-64","Clang 21.1.0 ","-std=c11 -O3 -Wall -Wextra -Wpedantic","rolling_max","hidden_incremental","continuous",4096,8,100000,0,16.726,0,100,100,23300,59786136.449,133.451,62.549,7,3,0,49200,0,0,8,8283152070251253050
"Windows x86-64","Clang 21.1.0 ","-std=c11 -O3 -Wall -Wextra -Wpedantic","rolling_max","explicit_incremental","continuous",4096,8,100000,0,15.813,0,100,100,15400,63237393.174,0.000,57.353,5,2,0,49200,0,0,8,8283152070251253050
"Windows x86-64","Clang 21.1.0 ","-std=c11 -O3 -Wall -Wextra -Wpedantic","rolling_max","full_recompute","continuous",4096,8,100000,0,536.360,700,1000,1200,1639000,1864419.420,116.526,2025.041,2171,351,52,0,16384,0,16384,8283152070251253050
"Windows x86-64","Clang 21.1.0 ","-std=c11 -O3 -Wall -Wextra -Wpedantic","sliding_mean","hidden_incremental","continuous",4096,8,100000,0,6.054,0,100,100,34500,165178610.239,135.838,22.610,13,3,0,40,32768,0,8,16134473250650926714
"Windows x86-64","Clang 21.1.0 ","-std=c11 -O3 -Wall -Wextra -Wpedantic","sliding_mean","full_recompute","continuous",4096,9,100000,0,5453.091,2800,2900,3200,1497900,183382.232,63.038,12975.079,98622,132,2,0,32768,0,32768,16134473250650926714
"Windows x86-64","Clang 21.1.0 ","-std=c11 -O3 -Wall -Wextra -Wpedantic","rolling_max","hidden_incremental","continuous",4096,9,100000,0,24.064,0,100,100,241200,41555851.064,0.000,69.280,27,9,3,49200,0,0,8,8283152070251253050
"Windows x86-64","Clang 21.1.0 ","-std=c11 -O3 -Wall -Wextra -Wpedantic","rolling_max","explicit_incremental","continuous",4096,9,100000,0,18.453,0,100,100,5437600,54190262.010,0.000,59.990,28,19,4,49200,0,0,8,8283152070251253050
"Windows x86-64","Clang 21.1.0 ","-std=c11 -O3 -Wall -Wextra -Wpedantic","rolling_max","full_recompute","continuous",4096,9,100000,0,1032.944,700,900,1100,11354000,968106.693,90.760,2774.132,1324,323,83,0,16384,0,16384,8283152070251253050
"Windows x86-64","Clang 21.1.0 ","-std=c11 -O3 -Wall -Wextra -Wpedantic","sliding_mean","hidden_incremental","continuous",4096,9,100000,0,7.549,0,100,100,83300,132469471.808,0.000,27.813,23,15,0,40,32768,0,8,16134473250650926714
"Windows x86-64","Clang 21.1.0 ","-std=c11 -O3 -Wall -Wextra -Wpedantic","sliding_mean","explicit_incremental","continuous",4096,9,100000,0,10.270,0,100,100,207600,97370193.361,0.000,28.110,16,8,1,40,32768,0,8,16134473250650926714
"Windows x86-64","Clang 21.1.0 ","-std=c11 -O3 -Wall -Wextra -Wpedantic","rolling_max","hidden_incremental","continuous",4096,10,100000,0,24.752,0,100,100,1362100,40400775.695,0.000,67.404,31,22,9,49200,0,0,8,8283152070251253050
"Windows x86-64","Clang 21.1.0 ","-std=c11 -O3 -Wall -Wextra -Wpedantic","rolling_max","explicit_incremental","continuous",4096,10,100000,0,23.241,0,100,100,2172600,43026879.506,96.042,63.253,39,25,3,49200,0,0,8,8283152070251253050
"Windows x86-64","Clang 21.1.0 ","-std=c11 -O3 -Wall -Wextra -Wpedantic","rolling_max","full_recompute","continuous",4096,10,100000,0,1012.758,700,1000,1200,5898600,987402.716,92.569,2681.306,2115,315,65,0,16384,0,16384,8283152070251253050
"Windows x86-64","Clang 21.1.0 ","-std=c11 -O3 -Wall -Wextra -Wpedantic","sliding_mean","hidden_incremental","continuous",4096,10,100000,0,11.031,0,100,100,829000,90652585.298,0.000,28.777,28,18,4,40,32768,0,8,16134473250650926714
"Windows x86-64","Clang 21.1.0 ","-std=c11 -O3 -Wall -Wextra -Wpedantic","sliding_mean","explicit_incremental","continuous",4096,10,100000,0,7.823,0,100,100,203800,127831466.994,133.158,27.639,33,19,2,40,32768,0,8,16134473250650926714
"Windows x86-64","Clang 21.1.0 ","-std=c11 -O3 -Wall -Wextra -Wpedantic","sliding_mean","full_recompute","continuous",4096,10,100000,0,5869.332,3000,3500,3900,234600,170377.140,58.567,13675.665,98790,375,13,0,32768,0,32768,16134473250650926714
"Windows x86-64","Clang 21.1.0 ","-std=c11 -O3 -Wall -Wextra -Wpedantic","rolling_max","explicit_incremental","continuous",4096,11,100000,0,20.354,0,100,100,1544800,49129587.475,0.000,64.502,34,11,3,49200,0,0,8,8283152070251253050
"Windows x86-64","Clang 21.1.0 ","-std=c11 -O3 -Wall -Wextra -Wpedantic","rolling_max","full_recompute","continuous",4096,11,100000,0,923.587,700,900,1000,7555000,1082735.032,84.589,2648.887,887,264,47,0,16384,0,16384,8283152070251253050
"Windows x86-64","Clang 21.1.0 ","-std=c11 -O3 -Wall -Wextra -Wpedantic","sliding_mean","hidden_incremental","continuous",4096,11,100000,0,6.797,0,100,100,46800,147116967.184,143.669,25.278,11,5,0,40,32768,0,8,16134473250650926714
"Windows x86-64","Clang 21.1.0 ","-std=c11 -O3 -Wall -Wextra -Wpedantic","sliding_mean","explicit_incremental","continuous",4096,11,100000,0,6.558,0,100,100,15500,152479701.140,148.906,24.725,3,1,0,40,32768,0,8,16134473250650926714
"Windows x86-64","Clang 21.1.0 ","-std=c11 -O3 -Wall -Wextra -Wpedantic","sliding_mean","full_recompute","continuous",4096,11,100000,0,5342.784,3000,3800,4500,594000,187168.338,73.113,13621.156,98703,414,20,0,32768,0,32768,16134473250650926714
"Windows x86-64","Clang 21.1.0 ","-std=c11 -O3 -Wall -Wextra -Wpedantic","rolling_max","hidden_incremental","continuous",4096,11,100000,0,17.951,0,100,100,733000,55706168.530,145.068,64.982,20,11,2,49200,0,0,8,8283152070251253050
"Windows x86-64","Clang 21.1.0 ","-std=c11 -O3 -Wall -Wextra -Wpedantic","crc32_prefix","hidden_incremental","continuous",16,1,16,0,6.984,0,100,100,100,143178015.016,139.822,25.949,0,0,0,4,16,0,1,5406353038106856181
"Windows x86-64","Clang 21.1.0 ","-std=c11 -O3 -Wall -Wextra -Wpedantic","crc32_prefix","explicit_incremental","continuous",16,1,16,0,9.490,0,100,100,100,105371996.075,102.902,29.049,0,0,0,4,16,0,1,5406353038106856181
"Windows x86-64","Clang 21.1.0 ","-std=c11 -O3 -Wall -Wextra -Wpedantic","crc32_prefix","full_recompute","continuous",16,1,16,0,46.715,0,100,100,100,21406171.399,0.000,164.937,0,0,0,0,16,0,8,5406353038106856181
"Windows x86-64","Clang 21.1.0 ","-std=c11 -O3 -Wall -Wextra -Wpedantic","crc32_prefix","explicit_incremental","continuous",16,2,16,0,7.487,0,100,100,100,133573766.112,260.886,27.821,0,0,0,4,16,0,1,5406353038106856181
"Windows x86-64","Clang 21.1.0 ","-std=c11 -O3 -Wall -Wextra -Wpedantic","crc32_prefix","full_recompute","continuous",16,2,16,0,45.009,100,100,100,100,22217612.436,0.000,161.468,0,0,0,0,16,0,8,5406353038106856181
"Windows x86-64","Clang 21.1.0 ","-std=c11 -O3 -Wall -Wextra -Wpedantic","crc32_prefix","hidden_incremental","continuous",16,2,16,0,9.128,0,100,100,100,109556024.212,213.977,29.921,0,0,0,4,16,0,1,5406353038106856181
"Windows x86-64","Clang 21.1.0 ","-std=c11 -O3 -Wall -Wextra -Wpedantic","crc32_prefix","full_recompute","continuous",16,3,16,0,47.704,100,200,200,200,20962712.575,0.000,170.318,0,0,0,0,16,0,8,5406353038106856181
"Windows x86-64","Clang 21.1.0 ","-std=c11 -O3 -Wall -Wextra -Wpedantic","crc32_prefix","hidden_incremental","continuous",16,3,16,0,12.719,0,100,100,100,78620987.873,153.557,31.545,0,0,0,4,16,0,1,5406353038106856181
"Windows x86-64","Clang 21.1.0 ","-std=c11 -O3 -Wall -Wextra -Wpedantic","crc32_prefix","explicit_incremental","continuous",16,3,16,0,10.243,0,100,100,100,97624074.097,0.000,27.377,0,0,0,4,16,0,1,5406353038106856181
"Windows x86-64","Clang 21.1.0 ","-std=c11 -O3 -Wall -Wextra -Wpedantic","crc32_prefix","hidden_incremental","continuous",16,4,16,0,8.720,0,100,100,100,114682186.989,223.989,28.253,0,0,0,4,16,0,1,5406353038106856181
"Windows x86-64","Clang 21.1.0 ","-std=c11 -O3 -Wall -Wextra -Wpedantic","crc32_prefix","explicit_incremental","continuous",16,4,16,0,7.909,0,100,100,100,126438234.922,0.000,28.680,0,0,0,4,16,0,1,5406353038106856181
"Windows x86-64","Clang 21.1.0 ","-std=c11 -O3 -Wall -Wextra -Wpedantic","crc32_prefix","full_recompute","continuous",16,4,16,0,45.355,100,100,100,100,22048528.812,172.254,164.525,0,0,0,0,16,0,8,5406353038106856181
"Windows x86-64","Clang 21.1.0 ","-std=c11 -O3 -Wall -Wextra -Wpedantic","crc32_prefix","explicit_incremental","continuous",16,5,16,0,7.585,0,100,100,100,131838069.891,0.000,28.071,0,0,0,4,16,0,1,5406353038106856181
"Windows x86-64","Clang 21.1.0 ","-std=c11 -O3 -Wall -Wextra -Wpedantic","crc32_prefix","full_recompute","continuous",16,5,16,0,46.949,100,100,100,100,21299538.066,208.003,166.176,0,0,0,0,16,0,8,5406353038106856181
"Windows x86-64","Clang 21.1.0 ","-std=c11 -O3 -Wall -Wextra -Wpedantic","crc32_prefix","hidden_incremental","continuous",16,5,16,0,7.846,0,100,100,100,127450433.730,124.463,29.309,0,0,0,4,16,0,1,5406353038106856181
"Windows x86-64","Clang 21.1.0 ","-std=c11 -O3 -Wall -Wextra -Wpedantic","crc32_prefix","full_recompute","continuous",16,6,16,0,47.451,100,100,100,100,21074260.425,0.000,169.519,0,0,0,0,16,0,8,5406353038106856181
"Windows x86-64","Clang 21.1.0 ","-std=c11 -O3 -Wall -Wextra -Wpedantic","crc32_prefix","hidden_incremental","continuous",16,6,16,0,7.242,100,100,100,100,138092936.546,269.713,27.008,0,0,0,4,16,0,1,5406353038106856181
"Windows x86-64","Clang 21.1.0 ","-std=c11 -O3 -Wall -Wextra -Wpedantic","crc32_prefix","explicit_incremental","continuous",16,6,16,0,6.805,0,100,100,100,146942673.989,0.000,25.654,0,0,0,4,16,0,1,5406353038106856181
"Windows x86-64","Clang 21.1.0 ","-std=c11 -O3 -Wall -Wextra -Wpedantic","crc32_prefix","hidden_incremental","continuous",16,7,16,0,7.510,0,100,100,100,133156239.077,390.098,27.271,0,0,0,4,16,0,1,5406353038106856181
"Windows x86-64","Clang 21.1.0 ","-std=c11 -O3 -Wall -Wextra -Wpedantic","crc32_prefix","explicit_incremental","continuous",16,7,16,0,6.947,0,100,100,100,143939257.633,0.000,25.811,0,0,0,4,16,0,1,5406353038106856181
"Windows x86-64","Clang 21.1.0 ","-std=c11 -O3 -Wall -Wextra -Wpedantic","crc32_prefix","full_recompute","continuous",16,7,16,0,44.978,100,100,100,100,22232856.726,151.979,166.787,0,0,0,0,16,0,8,5406353038106856181
"Windows x86-64","Clang 21.1.0 ","-std=c11 -O3 -Wall -Wextra -Wpedantic","crc32_prefix","explicit_incremental","continuous",16,8,16,0,6.633,0,100,100,100,150761344.791,0.000,24.556,0,0,0,4,16,0,1,5406353038106856181
"Windows x86-64","Clang 21.1.0 ","-std=c11 -O3 -Wall -Wextra -Wpedantic","crc32_prefix","full_recompute","continuous",16,8,16,0,39.782,0,100,100,100,25137301.910,0.000,149.391,0,0,0,0,16,0,8,5406353038106856181
"Windows x86-64","Clang 21.1.0 ","-std=c11 -O3 -Wall -Wextra -Wpedantic","crc32_prefix","hidden_incremental","continuous",16,8,16,0,7.795,0,100,100,100,128295593.046,250.577,28.667,0,0,0,4,16,0,1,5406353038106856181
"Windows x86-64","Clang 21.1.0 ","-std=c11 -O3 -Wall -Wextra -Wpedantic","crc32_prefix","full_recompute","continuous",16,9,16,0,40.553,100,100,100,100,24658935.218,0.000,149.605,0,0,0,0,16,0,8,5406353038106856181
"Windows x86-64","Clang 21.1.0 ","-std=c11 -O3 -Wall -Wextra -Wpedantic","crc32_prefix","hidden_incremental","continuous",16,9,16,0,5.953,0,100,100,100,167971948.685,164.035,22.086,0,0,0,4,16,0,1,5406353038106856181
"Windows x86-64","Clang 21.1.0 ","-std=c11 -O3 -Wall -Wextra -Wpedantic","crc32_prefix","explicit_incremental","continuous",16,9,16,0,6.817,0,100,100,100,146697473.136,0.000,24.944,0,0,0,4,16,0,1,5406353038106856181
"Windows x86-64","Clang 21.1.0 ","-std=c11 -O3 -Wall -Wextra -Wpedantic","crc32_prefix","hidden_incremental","continuous",16,10,16,0,6.928,0,100,100,100,144349614.767,140.966,24.819,0,0,0,4,16,0,1,5406353038106856181
"Windows x86-64","Clang 21.1.0 ","-std=c11 -O3 -Wall -Wextra -Wpedantic","crc32_prefix","explicit_incremental","continuous",16,10,16,0,11.275,0,100,100,100,88688846.269,173.220,29.900,0,0,0,4,16,0,1,5406353038106856181
"Windows x86-64","Clang 21.1.0 ","-std=c11 -O3 -Wall -Wextra -Wpedantic","crc32_prefix","full_recompute","continuous",16,10,16,0,58.836,0,100,100,100,16996348.202,0.000,167.074,0,0,0,0,16,0,8,5406353038106856181
"Windows x86-64","Clang 21.1.0 ","-std=c11 -O3 -Wall -Wextra -Wpedantic","crc32_prefix","explicit_incremental","continuous",16,11,16,0,8.098,0,100,100,100,123479656.727,241.171,27.391,0,0,0,4,16,0,1,5406353038106856181
"Windows x86-64","Clang 21.1.0 ","-std=c11 -O3 -Wall -Wextra -Wpedantic","crc32_prefix","full_recompute","continuous",16,11,16,0,54.832,0,100,100,100,18237495.312,124.668,170.006,0,0,0,0,16,0,8,5406353038106856181
"Windows x86-64","Clang 21.1.0 ","-std=c11 -O3 -Wall -Wextra -Wpedantic","crc32_prefix","hidden_incremental","continuous",16,11,16,0,8.110,0,100,100,100,123308363.390,0.000,29.087,0,0,0,4,16,0,1,5406353038106856181
"Windows x86-64","Clang 21.1.0 ","-std=c11 -O3 -Wall -Wextra -Wpedantic","crc32_prefix","hidden_incremental","continuous",64,1,64,0,10.743,0,100,100,100,93081668.805,136.347,29.596,0,0,0,4,64,0,1,11463719248878796390
"Windows x86-64","Clang 21.1.0 ","-std=c11 -O3 -Wall -Wextra -Wpedantic","crc32_prefix","explicit_incremental","continuous",64,1,64,0,9.967,0,100,100,100,100331092.606,97.980,29.405,0,0,0,4,64,0,1,11463719248878796390
"Windows x86-64","Clang 21.1.0 ","-std=c11 -O3 -Wall -Wextra -Wpedantic","crc32_prefix","full_recompute","continuous",64,1,64,0,298.956,200,300,400,400,3344978.601,0.000,672.778,0,0,0,0,64,0,32,11463719248878796390
"Windows x86-64","Clang 21.1.0 ","-std=c11 -O3 -Wall -Wextra -Wpedantic","crc32_prefix","explicit_incremental","continuous",64,2,64,0,9.017,0,100,100,100,110901926.536,162.451,27.969,0,0,0,4,64,0,1,11463719248878796390
"Windows x86-64","Clang 21.1.0 ","-std=c11 -O3 -Wall -Wextra -Wpedantic","crc32_prefix","full_recompute","continuous",64,2,64,0,210.586,200,400,400,400,4748663.476,0.000,659.421,0,0,0,0,64,0,32,11463719248878796390
"Windows x86-64","Clang 21.1.0 ","-std=c11 -O3 -Wall -Wextra -Wpedantic","crc32_prefix","hidden_incremental","continuous",64,2,64,0,10.062,0,100,100,100,99380425.162,121.314,27.363,0,0,0,4,64,0,1,11463719248878796390
"Windows x86-64","Clang 21.1.0 ","-std=c11 -O3 -Wall -Wextra -Wpedantic","crc32_prefix","full_recompute","continuous",64,3,64,0,247.244,200,400,400,400,4044581.822,0.000,675.764,0,0,0,0,64,0,32,11463719248878796390
"Windows x86-64","Clang 21.1.0 ","-std=c11 -O3 -Wall -Wextra -Wpedantic","crc32_prefix","hidden_incremental","continuous",64,3,64,0,9.000,0,100,100,100,111113040.157,0.000,27.781,0,0,0,4,64,0,1,11463719248878796390
"Windows x86-64","Clang 21.1.0 ","-std=c11 -O3 -Wall -Wextra -Wpedantic","crc32_prefix","explicit_incremental","continuous",64,3,64,0,14.600,0,100,100,100,68491098.298,66.886,29.210,0,0,0,4,64,0,1,11463719248878796390
"Windows x86-64","Clang 21.1.0 ","-std=c11 -O3 -Wall -Wextra -Wpedantic","crc32_prefix","hidden_incremental","continuous",64,4,64,0,11.850,0,100,100,100,84385403.962,103.010,29.486,0,0,0,4,64,0,1,11463719248878796390
"Windows x86-64","Clang 21.1.0 ","-std=c11 -O3 -Wall -Wextra -Wpedantic","crc32_prefix","explicit_incremental","continuous",64,4,64,0,9.102,0,100,100,100,109869292.490,160.938,28.652,0,0,0,4,64,0,1,11463719248878796390
"Windows x86-64","Clang 21.1.0 ","-std=c11 -O3 -Wall -Wextra -Wpedantic","crc32_prefix","full_recompute","continuous",64,4,64,0,290.149,200,300,400,400,3446503.519,100.891,716.233,0,0,0,0,64,0,32,11463719248878796390
"Windows x86-64","Clang 21.1.0 ","-std=c11 -O3 -Wall -Wextra -Wpedantic","crc32_prefix","explicit_incremental","continuous",64,5,64,0,14.571,0,100,100,100,68629763.871,83.777,29.386,0,0,0,4,64,0,1,11463719248878796390
"Windows x86-64","Clang 21.1.0 ","-std=c11 -O3 -Wall -Wextra -Wpedantic","crc32_prefix","full_recompute","continuous",64,5,64,0,193.338,200,300,400,400,5172292.756,133.768,665.765,0,0,0,0,64,0,32,11463719248878796390
"Windows x86-64","Clang 21.1.0 ","-std=c11 -O3 -Wall -Wextra -Wpedantic","crc32_prefix","hidden_incremental","continuous",64,5,64,0,9.001,0,100,100,100,111096645.402,135.616,29.620,0,0,0,4,64,0,1,11463719248878796390
"Windows x86-64","Clang 21.1.0 ","-std=c11 -O3 -Wall -Wextra -Wpedantic","crc32_prefix","full_recompute","continuous",64,6,64,0,238.195,200,400,400,400,4198237.511,110.687,677.042,0,0,0,0,64,0,32,11463719248878796390
"Windows x86-64","Clang 21.1.0 ","-std=c11 -O3 -Wall -Wextra -Wpedantic","crc32_prefix","hidden_incremental","continuous",64,6,64,0,8.328,0,100,100,100,120070541.443,0.000,26.519,0,0,0,4,64,0,1,11463719248878796390
"Windows x86-64","Clang 21.1.0 ","-std=c11 -O3 -Wall -Wextra -Wpedantic","crc32_prefix","explicit_incremental","continuous",64,6,64,0,9.386,0,100,100,100,106545914.630,0.000,26.496,0,0,0,4,64,0,1,11463719248878796390
"Windows x86-64","Clang 21.1.0 ","-std=c11 -O3 -Wall -Wextra -Wpedantic","crc32_prefix","hidden_incremental","continuous",64,7,64,0,23.085,0,100,100,100,43317732.181,52.878,28.364,0,0,0,4,64,0,1,11463719248878796390
"Windows x86-64","Clang 21.1.0 ","-std=c11 -O3 -Wall -Wextra -Wpedantic","crc32_prefix","explicit_incremental","continuous",64,7,64,0,9.941,0,100,200,200,100596031.487,98.238,27.774,0,0,0,4,64,0,1,11463719248878796390
"Windows x86-64","Clang 21.1.0 ","-std=c11 -O3 -Wall -Wextra -Wpedantic","crc32_prefix","full_recompute","continuous",64,7,64,0,316.386,200,300,400,400,3160697.858,0.000,687.720,0,0,0,0,64,0,32,11463719248878796390
"Windows x86-64","Clang 21.1.0 ","-std=c11 -O3 -Wall -Wextra -Wpedantic","crc32_prefix","explicit_incremental","continuous",64,8,64,0,12.101,0,100,100,100,82636091.313,0.000,30.103,0,0,0,4,64,0,1,11463719248878796390
"Windows x86-64","Clang 21.1.0 ","-std=c11 -O3 -Wall -Wextra -Wpedantic","crc32_prefix","full_recompute","continuous",64,8,64,0,337.625,200,400,500,500,2961865.976,90.389,706.061,0,0,0,0,64,0,32,11463719248878796390
"Windows x86-64","Clang 21.1.0 ","-std=c11 -O3 -Wall -Wextra -Wpedantic","crc32_prefix","hidden_incremental","continuous",64,8,64,0,13.343,0,100,100,100,74945232.525,0.000,30.143,0,0,0,4,64,0,1,11463719248878796390
"Windows x86-64","Clang 21.1.0 ","-std=c11 -O3 -Wall -Wextra -Wpedantic","crc32_prefix","full_recompute","continuous",64,9,64,0,392.203,200,300,400,400,2549698.419,139.414,681.044,0,0,0,0,64,0,32,11463719248878796390
"Windows x86-64","Clang 21.1.0 ","-std=c11 -O3 -Wall -Wextra -Wpedantic","crc32_prefix","hidden_incremental","continuous",64,9,64,0,7.855,0,100,100,100,127308713.685,0.000,28.373,0,0,0,4,64,0,1,11463719248878796390
"Windows x86-64","Clang 21.1.0 ","-std=c11 -O3 -Wall -Wextra -Wpedantic","crc32_prefix","explicit_incremental","continuous",64,9,64,0,8.880,0,100,100,100,112616575.752,137.471,29.252,0,0,0,4,64,0,1,11463719248878796390
"Windows x86-64","Clang 21.1.0 ","-std=c11 -O3 -Wall -Wextra -Wpedantic","crc32_prefix","hidden_incremental","continuous",64,10,64,0,10.207,0,100,100,100,97973179.842,119.596,29.546,0,0,0,4,64,0,1,11463719248878796390
"Windows x86-64","Clang 21.1.0 ","-std=c11 -O3 -Wall -Wextra -Wpedantic","crc32_prefix","explicit_incremental","continuous",64,10,64,0,8.857,0,100,100,100,112906906.589,165.388,30.749,0,0,0,4,64,0,1,11463719248878796390
"Windows x86-64","Clang 21.1.0 ","-std=c11 -O3 -Wall -Wextra -Wpedantic","crc32_prefix","full_recompute","continuous",64,10,64,0,346.748,200,400,7400,7400,2883935.404,78.145,676.043,1,0,0,0,64,0,32,11463719248878796390
"Windows x86-64","Clang 21.1.0 ","-std=c11 -O3 -Wall -Wextra -Wpedantic","crc32_prefix","explicit_incremental","continuous",64,11,64,0,13.079,0,100,100,100,76455796.006,93.330,27.751,0,0,0,4,64,0,1,11463719248878796390
"Windows x86-64","Clang 21.1.0 ","-std=c11 -O3 -Wall -Wextra -Wpedantic","crc32_prefix","full_recompute","continuous",64,11,64,0,240.917,200,300,400,400,4150799.431,0.000,662.501,0,0,0,0,64,0,32,11463719248878796390
"Windows x86-64","Clang 21.1.0 ","-std=c11 -O3 -Wall -Wextra -Wpedantic","crc32_prefix","hidden_incremental","continuous",64,11,64,0,18.187,0,100,100,100,54985145.716,0.000,27.020,0,0,0,4,64,0,1,11463719248878796390
"Windows x86-64","Clang 21.1.0 ","-std=c11 -O3 -Wall -Wextra -Wpedantic","crc32_prefix","hidden_incremental","continuous",256,1,256,0,35.416,0,100,100,300,28235676.130,27.574,25.939,0,0,0,4,256,0,1,9999150710306448058
"Windows x86-64","Clang 21.1.0 ","-std=c11 -O3 -Wall -Wextra -Wpedantic","crc32_prefix","explicit_incremental","continuous",256,1,256,0,10.527,0,100,100,100,94994953.393,92.769,31.144,0,0,0,4,256,0,1,9999150710306448058
"Windows x86-64","Clang 21.1.0 ","-std=c11 -O3 -Wall -Wextra -Wpedantic","crc32_prefix","full_recompute","continuous",256,1,256,0,795.939,700,1300,1500,9100,1256377.929,132.212,2740.729,56,0,0,0,256,0,128,9999150710306448058
"Windows x86-64","Clang 21.1.0 ","-std=c11 -O3 -Wall -Wextra -Wpedantic","crc32_prefix","explicit_incremental","continuous",256,2,256,0,11.503,0,100,100,100,86937189.984,0.000,29.773,0,0,0,4,256,0,1,9999150710306448058
"Windows x86-64","Clang 21.1.0 ","-std=c11 -O3 -Wall -Wextra -Wpedantic","crc32_prefix","full_recompute","continuous",256,2,256,0,1118.710,700,1300,1400,43300,893886.760,0.000,2751.064,54,1,0,0,256,0,128,9999150710306448058
"Windows x86-64","Clang 21.1.0 ","-std=c11 -O3 -Wall -Wextra -Wpedantic","crc32_prefix","hidden_incremental","continuous",256,2,256,0,21.916,0,100,100,100,45627983.642,44.559,30.524,0,0,0,4,256,0,1,9999150710306448058
"Windows x86-64","Clang 21.1.0 ","-std=c11 -O3 -Wall -Wextra -Wpedantic","crc32_prefix","full_recompute","continuous",256,3,256,0,988.516,700,1400,1500,11100,1011617.798,0.000,2831.523,68,1,0,0,256,0,128,9999150710306448058
"Windows x86-64","Clang 21.1.0 ","-std=c11 -O3 -Wall -Wextra -Wpedantic","crc32_prefix","hidden_incremental","continuous",256,3,256,0,15.905,0,100,100,100,62875139.390,145.805,30.542,0,0,0,4,256,0,1,9999150710306448058
"Windows x86-64","Clang 21.1.0 ","-std=c11 -O3 -Wall -Wextra -Wpedantic","crc32_prefix","explicit_incremental","continuous",256,3,256,0,16.742,0,100,100,100,59729152.376,0.000,28.067,0,0,0,4,256,0,1,9999150710306448058
"Windows x86-64","Clang 21.1.0 ","-std=c11 -O3 -Wall -Wextra -Wpedantic","crc32_prefix","hidden_incremental","continuous",256,4,256,0,9.413,0,100,100,100,106240027.088,110.222,27.121,0,0,0,4,256,0,1,9999150710306448058
"Windows x86-64","Clang 21.1.0 ","-std=c11 -O3 -Wall -Wextra -Wpedantic","crc32_prefix","explicit_incremental","continuous",256,4,256,0,10.317,0,100,100,4600,96925601.113,130.134,30.638,1,0,0,4,256,0,1,9999150710306448058
"Windows x86-64","Clang 21.1.0 ","-std=c11 -O3 -Wall -Wextra -Wpedantic","crc32_prefix","full_recompute","continuous",256,4,256,0,990.492,700,1300,1400,1500,1009598.794,110.038,2728.362,68,0,0,0,256,0,128,9999150710306448058
"Windows x86-64","Clang 21.1.0 ","-std=c11 -O3 -Wall -Wextra -Wpedantic","crc32_prefix","explicit_incremental","continuous",256,5,256,0,10.401,0,100,100,23100,96144019.918,99.748,29.155,1,1,0,4,256,0,1,9999150710306448058
"Windows x86-64","Clang 21.1.0 ","-std=c11 -O3 -Wall -Wextra -Wpedantic","crc32_prefix","full_recompute","continuous",256,5,256,0,835.557,700,1300,1500,1500,1196806.956,0.000,2724.293,56,0,0,0,256,0,128,9999150710306448058
"Windows x86-64","Clang 21.1.0 ","-std=c11 -O3 -Wall -Wextra -Wpedantic","crc32_prefix","hidden_incremental","continuous",256,5,256,0,13.800,0,100,100,100,72462905.425,0.000,29.719,0,0,0,4,256,0,1,9999150710306448058
"Windows x86-64","Clang 21.1.0 ","-std=c11 -O3 -Wall -Wextra -Wpedantic","crc32_prefix","full_recompute","continuous",256,6,256,0,1128.190,700,1300,1300,82900,886375.440,0.000,2734.367,60,2,0,0,256,0,128,9999150710306448058
"Windows x86-64","Clang 21.1.0 ","-std=c11 -O3 -Wall -Wextra -Wpedantic","crc32_prefix","hidden_incremental","continuous",256,6,256,0,14.228,0,100,100,100,70286019.252,77.212,27.390,0,0,0,4,256,0,1,9999150710306448058
"Windows x86-64","Clang 21.1.0 ","-std=c11 -O3 -Wall -Wextra -Wpedantic","crc32_prefix","explicit_incremental","continuous",256,6,256,0,9.159,0,100,100,100,109184460.322,106.625,25.154,0,0,0,4,256,0,1,9999150710306448058
"Windows x86-64","Clang 21.1.0 ","-std=c11 -O3 -Wall -Wextra -Wpedantic","crc32_prefix","hidden_incremental","continuous",256,7,256,0,8.453,0,100,100,100,118306175.920,129.965,24.880,0,0,0,4,256,0,1,9999150710306448058
"Windows x86-64","Clang 21.1.0 ","-std=c11 -O3 -Wall -Wextra -Wpedantic","crc32_prefix","explicit_incremental","continuous",256,7,256,0,15.825,0,100,100,100,63192650.695,0.000,26.196,0,0,0,4,256,0,1,9999150710306448058
"Windows x86-64","Clang 21.1.0 ","-std=c11 -O3 -Wall -Wextra -Wpedantic","crc32_prefix","full_recompute","continuous",256,7,256,0,639.419,600,1200,1300,1300,1563919.360,207.509,2412.465,53,0,0,0,256,0,128,9999150710306448058
"Windows x86-64","Clang 21.1.0 ","-std=c11 -O3 -Wall -Wextra -Wpedantic","crc32_prefix","explicit_incremental","continuous",256,8,256,0,10.082,0,100,100,100,99184656.441,84.751,26.920,0,0,0,4,256,0,1,9999150710306448058
"Windows x86-64","Clang 21.1.0 ","-std=c11 -O3 -Wall -Wextra -Wpedantic","crc32_prefix","full_recompute","continuous",256,8,256,0,860.362,700,1400,1500,13800,1162301.663,124.458,2740.723,63,1,0,0,256,0,128,9999150710306448058
"Windows x86-64","Clang 21.1.0 ","-std=c11 -O3 -Wall -Wextra -Wpedantic","crc32_prefix","hidden_incremental","continuous",256,8,256,0,14.754,0,100,100,100,67777717.773,70.318,31.638,0,0,0,4,256,0,1,9999150710306448058
"Windows x86-64","Clang 21.1.0 ","-std=c11 -O3 -Wall -Wextra -Wpedantic","crc32_prefix","full_recompute","continuous",256,9,256,0,1451.042,700,1500,1700,66600,689160.086,0.000,2894.385,80,2,0,0,256,0,128,9999150710306448058
"Windows x86-64","Clang 21.1.0 ","-std=c11 -O3 -Wall -Wextra -Wpedantic","crc32_prefix","hidden_incremental","continuous",256,9,256,0,17.195,0,100,100,100,58154993.216,102.914,35.661,0,0,0,4,256,0,1,9999150710306448058
"Windows x86-64","Clang 21.1.0 ","-std=c11 -O3 -Wall -Wextra -Wpedantic","crc32_prefix","explicit_incremental","continuous",256,9,256,0,12.143,0,100,100,100,82350189.326,90.465,32.069,0,0,0,4,256,0,1,9999150710306448058
"Windows x86-64","Clang 21.1.0 ","-std=c11 -O3 -Wall -Wextra -Wpedantic","crc32_prefix","hidden_incremental","continuous",256,10,256,0,10.562,0,100,100,17900,94680169.346,138.681,31.785,1,1,0,4,256,0,1,9999150710306448058
"Windows x86-64","Clang 21.1.0 ","-std=c11 -O3 -Wall -Wextra -Wpedantic","crc32_prefix","explicit_incremental","continuous",256,10,256,0,8.667,0,100,100,2300,115375777.250,0.000,32.513,1,0,0,4,256,0,1,9999150710306448058
"Windows x86-64","Clang 21.1.0 ","-std=c11 -O3 -Wall -Wextra -Wpedantic","crc32_prefix","full_recompute","continuous",256,10,256,0,707.234,700,1400,1600,7900,1413958.421,172.602,2621.111,71,0,0,0,256,0,128,9999150710306448058
"Windows x86-64","Clang 21.1.0 ","-std=c11 -O3 -Wall -Wextra -Wpedantic","crc32_prefix","explicit_incremental","continuous",256,11,256,0,7.641,0,100,100,100,130876142.012,0.000,28.845,0,0,0,4,256,0,1,9999150710306448058
"Windows x86-64","Clang 21.1.0 ","-std=c11 -O3 -Wall -Wextra -Wpedantic","crc32_prefix","full_recompute","continuous",256,11,256,0,621.736,700,1200,1300,1300,1608398.695,158.337,2352.869,50,0,0,0,256,0,128,9999150710306448058
"Windows x86-64","Clang 21.1.0 ","-std=c11 -O3 -Wall -Wextra -Wpedantic","crc32_prefix","hidden_incremental","continuous",256,11,256,0,5.555,0,100,100,100,180023979.517,120.865,20.648,0,0,0,4,256,0,1,9999150710306448058
"Windows x86-64","Clang 21.1.0 ","-std=c11 -O3 -Wall -Wextra -Wpedantic","crc32_prefix","hidden_incremental","continuous",1024,1,1024,0,4.134,0,100,100,200,241922892.556,0.000,15.666,0,0,0,4,1024,0,1,8930979102366903095
"Windows x86-64","Clang 21.1.0 ","-std=c11 -O3 -Wall -Wextra -Wpedantic","crc32_prefix","explicit_incremental","continuous",1024,1,1024,0,4.469,0,100,100,100,223742959.228,139.920,16.884,0,0,0,4,1024,0,1,8930979102366903095
"Windows x86-64","Clang 21.1.0 ","-std=c11 -O3 -Wall -Wextra -Wpedantic","crc32_prefix","full_recompute","continuous",1024,1,1024,0,2264.707,2100,4000,4200,13800,441558.218,0.000,8555.067,769,1,0,0,1024,0,512,8930979102366903095
"Windows x86-64","Clang 21.1.0 ","-std=c11 -O3 -Wall -Wextra -Wpedantic","crc32_prefix","explicit_incremental","continuous",1024,2,1024,0,4.515,0,100,100,100,221487774.913,135.185,17.045,0,0,0,4,1024,0,1,8930979102366903095
"Windows x86-64","Clang 21.1.0 ","-std=c11 -O3 -Wall -Wextra -Wpedantic","crc32_prefix","full_recompute","continuous",1024,2,1024,0,2113.203,2100,4100,4400,11600,473215.276,144.414,8004.045,773,1,0,0,1024,0,512,8930979102366903095
"Windows x86-64","Clang 21.1.0 ","-std=c11 -O3 -Wall -Wextra -Wpedantic","crc32_prefix","hidden_incremental","continuous",1024,2,1024,0,4.057,0,100,100,200,246466669.234,150.431,15.367,0,0,0,4,1024,0,1,8930979102366903095
"Windows x86-64","Clang 21.1.0 ","-std=c11 -O3 -Wall -Wextra -Wpedantic","crc32_prefix","full_recompute","continuous",1024,3,1024,0,2115.352,2100,4000,4200,28400,472734.659,144.267,7999.748,776,1,0,0,1024,0,512,8930979102366903095
"Windows x86-64","Clang 21.1.0 ","-std=c11 -O3 -Wall -Wextra -Wpedantic","crc32_prefix","hidden_incremental","continuous",1024,3,1024,0,5.409,0,100,100,100,184866065.918,160.731,20.468,0,0,0,4,1024,0,1,8930979102366903095
"Windows x86-64","Clang 21.1.0 ","-std=c11 -O3 -Wall -Wextra -Wpedantic","crc32_prefix","explicit_incremental","continuous",1024,3,1024,0,5.113,0,100,100,200,195562326.568,0.000,19.284,0,0,0,4,1024,0,1,8930979102366903095
"Windows x86-64","Clang 21.1.0 ","-std=c11 -O3 -Wall -Wextra -Wpedantic","crc32_prefix","hidden_incremental","continuous",1024,4,1024,0,4.243,0,100,100,100,235688519.589,140.207,16.061,0,0,0,4,1024,0,1,8930979102366903095
"Windows x86-64","Clang 21.1.0 ","-std=c11 -O3 -Wall -Wextra -Wpedantic","crc32_prefix","explicit_incremental","continuous",1024,4,1024,0,4.245,0,100,100,200,235576095.043,0.000,16.053,0,0,0,4,1024,0,1,8930979102366903095
"Windows x86-64","Clang 21.1.0 ","-std=c11 -O3 -Wall -Wextra -Wpedantic","crc32_prefix","full_recompute","continuous",1024,4,1024,0,2275.039,2100,4000,4100,10500,439552.892,134.141,8599.146,774,1,0,0,1024,0,512,8930979102366903095
"Windows x86-64","Clang 21.1.0 ","-std=c11 -O3 -Wall -Wextra -Wpedantic","crc32_prefix","explicit_incremental","continuous",1024,5,1024,0,4.323,0,100,100,200,231302619.549,0.000,16.367,0,0,0,4,1024,0,1,8930979102366903095
"Windows x86-64","Clang 21.1.0 ","-std=c11 -O3 -Wall -Wextra -Wpedantic","crc32_prefix","full_recompute","continuous",1024,5,1024,0,2245.410,2200,4100,4300,14200,445352.934,0.000,8459.501,781,1,0,0,1024,0,512,8930979102366903095
"Windows x86-64","Clang 21.1.0 ","-std=c11 -O3 -Wall -Wextra -Wpedantic","crc32_prefix","hidden_incremental","continuous",1024,5,1024,0,4.752,0,100,100,100,210420643.825,134.849,17.951,0,0,0,4,1024,0,1,8930979102366903095
"Windows x86-64","Clang 21.1.0 ","-std=c11 -O3 -Wall -Wextra -Wpedantic","crc32_prefix","full_recompute","continuous",1024,6,1024,0,2293.672,2600,15400,18900,82100,435982.152,133.051,8681.599,789,76,0,0,1024,0,512,8930979102366903095
"Windows x86-64","Clang 21.1.0 ","-std=c11 -O3 -Wall -Wextra -Wpedantic","crc32_prefix","hidden_incremental","continuous",1024,6,1024,0,5.752,0,100,100,100,173858304.501,0.000,21.613,0,0,0,4,1024,0,1,8930979102366903095
"Windows x86-64","Clang 21.1.0 ","-std=c11 -O3 -Wall -Wextra -Wpedantic","crc32_prefix","explicit_incremental","continuous",1024,6,1024,0,6.206,0,100,100,100,161142002.583,177.022,23.461,0,0,0,4,1024,0,1,8930979102366903095
"Windows x86-64","Clang 21.1.0 ","-std=c11 -O3 -Wall -Wextra -Wpedantic","crc32_prefix","hidden_incremental","continuous",1024,7,1024,0,5.819,0,100,100,100,171854625.617,117.962,21.900,0,0,0,4,1024,0,1,8930979102366903095
"Windows x86-64","Clang 21.1.0 ","-std=c11 -O3 -Wall -Wextra -Wpedantic","crc32_prefix","explicit_incremental","continuous",1024,7,1024,0,5.564,0,100,100,300,179715333.719,137.112,20.881,0,0,0,4,1024,0,1,8930979102366903095
"Windows x86-64","Clang 21.1.0 ","-std=c11 -O3 -Wall -Wextra -Wpedantic","crc32_prefix","full_recompute","continuous",1024,7,1024,0,2497.974,2500,4700,5000,22500,400324.482,152.712,9451.663,807,2,0,0,1024,0,512,8930979102366903095
"Windows x86-64","Clang 21.1.0 ","-std=c11 -O3 -Wall -Wextra -Wpedantic","crc32_prefix","explicit_incremental","continuous",1024,8,1024,0,6.422,0,100,100,100,155723668.036,0.000,24.233,0,0,0,4,1024,0,1,8930979102366903095
"Windows x86-64","Clang 21.1.0 ","-std=c11 -O3 -Wall -Wextra -Wpedantic","crc32_prefix","full_recompute","continuous",1024,8,1024,0,2413.794,2500,4600,4800,26500,414285.570,0.000,9107.552,810,2,0,0,1024,0,512,8930979102366903095
"Windows x86-64","Clang 21.1.0 ","-std=c11 -O3 -Wall -Wextra -Wpedantic","crc32_prefix","hidden_incremental","continuous",1024,8,1024,0,5.584,0,100,100,100,179092056.262,120.226,21.093,0,0,0,4,1024,0,1,8930979102366903095
"Windows x86-64","Clang 21.1.0 ","-std=c11 -O3 -Wall -Wextra -Wpedantic","crc32_prefix","full_recompute","continuous",1024,9,1024,0,2287.129,2400,4500,4600,11300,437229.400,0.000,8660.708,799,1,0,0,1024,0,512,8930979102366903095
"Windows x86-64","Clang 21.1.0 ","-std=c11 -O3 -Wall -Wextra -Wpedantic","crc32_prefix","hidden_incremental","continuous",1024,9,1024,0,5.820,0,100,100,100,171807067.200,151.975,21.772,0,0,0,4,1024,0,1,8930979102366903095
"Windows x86-64","Clang 21.1.0 ","-std=c11 -O3 -Wall -Wextra -Wpedantic","crc32_prefix","explicit_incremental","continuous",1024,9,1024,0,6.200,0,100,100,200,161281569.998,145.189,23.433,0,0,0,4,1024,0,1,8930979102366903095
"Windows x86-64","Clang 21.1.0 ","-std=c11 -O3 -Wall -Wextra -Wpedantic","crc32_prefix","hidden_incremental","continuous",1024,10,1024,0,6.819,0,100,100,100,146659803.059,129.730,25.567,0,0,0,4,1024,0,1,8930979102366903095
"Windows x86-64","Clang 21.1.0 ","-std=c11 -O3 -Wall -Wextra -Wpedantic","crc32_prefix","explicit_incremental","continuous",1024,10,1024,0,7.223,0,100,100,100,138451061.363,0.000,26.189,0,0,0,4,1024,0,1,8930979102366903095
"Windows x86-64","Clang 21.1.0 ","-std=c11 -O3 -Wall -Wextra -Wpedantic","crc32_prefix","full_recompute","continuous",1024,10,1024,0,3300.684,2700,5500,8000,36400,302967.543,115.573,11592.356,826,7,0,0,1024,0,512,8930979102366903095
"Windows x86-64","Clang 21.1.0 ","-std=c11 -O3 -Wall -Wextra -Wpedantic","crc32_prefix","explicit_incremental","continuous",1024,11,1024,0,8.942,0,100,100,100,111836734.694,124.562,31.918,0,0,0,4,1024,0,1,8930979102366903095
"Windows x86-64","Clang 21.1.0 ","-std=c11 -O3 -Wall -Wextra -Wpedantic","crc32_prefix","full_recompute","continuous",1024,11,1024,0,3442.603,3100,5800,17400,52000,290477.913,110.809,11984.991,838,14,0,0,1024,0,512,8930979102366903095
"Windows x86-64","Clang 21.1.0 ","-std=c11 -O3 -Wall -Wextra -Wpedantic","crc32_prefix","hidden_incremental","continuous",1024,11,1024,0,8.097,0,100,100,100,123503464.297,211.032,29.971,0,0,0,4,1024,0,1,8930979102366903095
"Windows x86-64","Clang 21.1.0 ","-std=c11 -O3 -Wall -Wextra -Wpedantic","crc32_prefix","hidden_incremental","continuous",4096,1,4096,0,6.680,0,100,100,400,149702410.330,0.000,24.971,0,0,0,4,4096,0,1,12612518676279955272
"Windows x86-64","Clang 21.1.0 ","-std=c11 -O3 -Wall -Wextra -Wpedantic","crc32_prefix","explicit_incremental","continuous",4096,1,4096,0,7.211,0,100,100,300,138678654.481,110.442,26.861,0,0,0,4,4096,0,1,12612518676279955272
"Windows x86-64","Clang 21.1.0 ","-std=c11 -O3 -Wall -Wextra -Wpedantic","crc32_prefix","full_recompute","continuous",4096,1,4096,0,18129.517,11400,22300,41400,737100,55158.669,63.124,41813.752,3910,2310,13,0,4096,0,2048,12612518676279955272
"Windows x86-64","Clang 21.1.0 ","-std=c11 -O3 -Wall -Wextra -Wpedantic","crc32_prefix","explicit_incremental","continuous",4096,2,4096,0,13.014,0,100,100,100,76837463.292,0.000,28.902,0,0,0,4,4096,0,1,12612518676279955272
"Windows x86-64","Clang 21.1.0 ","-std=c11 -O3 -Wall -Wextra -Wpedantic","crc32_prefix","full_recompute","continuous",4096,2,4096,0,28429.761,11100,24000,133100,11709800,35174.408,53.672,41745.319,3902,2199,49,0,4096,0,2048,12612518676279955272
"Windows x86-64","Clang 21.1.0 ","-std=c11 -O3 -Wall -Wextra -Wpedantic","crc32_prefix","hidden_incremental","continuous",4096,2,4096,0,8.991,0,100,100,200,111223259.819,129.355,27.840,0,0,0,4,4096,0,1,12612518676279955272
"Windows x86-64","Clang 21.1.0 ","-std=c11 -O3 -Wall -Wextra -Wpedantic","crc32_prefix","full_recompute","continuous",4096,3,4096,0,13900.610,11200,23700,112800,5481400,71939.287,109.771,42215.643,3899,2317,46,0,4096,0,2048,12612518676279955272
"Windows x86-64","Clang 21.1.0 ","-std=c11 -O3 -Wall -Wextra -Wpedantic","crc32_prefix","hidden_incremental","continuous",4096,3,4096,0,8.683,0,100,100,500,115163187.340,111.784,29.677,0,0,0,4,4096,0,1,12612518676279955272
"Windows x86-64","Clang 21.1.0 ","-std=c11 -O3 -Wall -Wextra -Wpedantic","crc32_prefix","explicit_incremental","continuous",4096,3,4096,0,7.377,0,100,100,15400,135556350.626,0.000,27.010,1,1,0,4,4096,0,1,12612518676279955272
"Windows x86-64","Clang 21.1.0 ","-std=c11 -O3 -Wall -Wextra -Wpedantic","crc32_prefix","hidden_incremental","continuous",4096,4,4096,0,7.907,0,100,100,8500,126468715.036,0.000,27.451,2,0,0,4,4096,0,1,12612518676279955272
"Windows x86-64","Clang 21.1.0 ","-std=c11 -O3 -Wall -Wextra -Wpedantic","crc32_prefix","explicit_incremental","continuous",4096,4,4096,0,7.279,0,100,100,400,137380837.656,0.000,26.397,0,0,0,4,4096,0,1,12612518676279955272
"Windows x86-64","Clang 21.1.0 ","-std=c11 -O3 -Wall -Wextra -Wpedantic","crc32_prefix","full_recompute","continuous",4096,4,4096,0,9755.005,10600,18900,26400,182500,102511.481,117.315,36663.938,3897,2198,11,0,4096,0,2048,12612518676279955272
"Windows x86-64","Clang 21.1.0 ","-std=c11 -O3 -Wall -Wextra -Wpedantic","crc32_prefix","explicit_incremental","continuous",4096,5,4096,0,5.633,0,100,100,300,177525741.459,0.000,20.550,0,0,0,4,4096,0,1,12612518676279955272
"Windows x86-64","Clang 21.1.0 ","-std=c11 -O3 -Wall -Wextra -Wpedantic","crc32_prefix","full_recompute","continuous",4096,5,4096,0,9020.679,9300,16500,17700,90000,110856.404,126.865,33930.403,3869,1861,0,0,4096,0,2048,12612518676279955272
"Windows x86-64","Clang 21.1.0 ","-std=c11 -O3 -Wall -Wextra -Wpedantic","crc32_prefix","hidden_incremental","continuous",4096,5,4096,0,5.155,0,100,100,100,193986530.227,0.000,19.459,0,0,0,4,4096,0,1,12612518676279955272
"Windows x86-64","Clang 21.1.0 ","-std=c11 -O3 -Wall -Wextra -Wpedantic","crc32_prefix","full_recompute","continuous",4096,6,4096,0,9615.869,9200,17400,18500,46100,103994.760,119.013,36324.642,3865,1856,0,0,4096,0,2048,12612518676279955272
"Windows x86-64","Clang 21.1.0 ","-std=c11 -O3 -Wall -Wextra -Wpedantic","crc32_prefix","hidden_incremental","continuous",4096,6,4096,0,5.701,0,100,100,100,175408397.744,0.000,21.514,0,0,0,4,4096,0,1,12612518676279955272
"Windows x86-64","Clang 21.1.0 ","-std=c11 -O3 -Wall -Wextra -Wpedantic","crc32_prefix","explicit_incremental","continuous",4096,6,4096,0,4.383,0,100,100,100,228132719.085,161.758,16.606,0,0,0,4,4096,0,1,12612518676279955272
"Windows x86-64","Clang 21.1.0 ","-std=c11 -O3 -Wall -Wextra -Wpedantic","crc32_prefix","hidden_incremental","continuous",4096,7,4096,0,5.585,0,100,100,200,179057743.416,117.971,21.119,0,0,0,4,4096,0,1,12612518676279955272
"Windows x86-64","Clang 21.1.0 ","-std=c11 -O3 -Wall -Wextra -Wpedantic","crc32_prefix","explicit_incremental","continuous",4096,7,4096,0,4.834,0,100,100,500,206887513.651,0.000,18.286,0,0,0,4,4096,0,1,12612518676279955272
"Windows x86-64","Clang 21.1.0 ","-std=c11 -O3 -Wall -Wextra -Wpedantic","crc32_prefix","full_recompute","continuous",4096,7,4096,0,13958.838,9700,19700,24200,1586100,71639.201,109.313,45555.724,3883,1954,2,0,4096,0,2048,12612518676279955272
"Windows x86-64","Clang 21.1.0 ","-std=c11 -O3 -Wall -Wextra -Wpedantic","crc32_prefix","explicit_incremental","continuous",4096,8,4096,0,9.372,0,100,100,500,106704722.157,105.180,29.021,0,0,0,4,4096,0,1,12612518676279955272
"Windows x86-64","Clang 21.1.0 ","-std=c11 -O3 -Wall -Wextra -Wpedantic","crc32_prefix","full_recompute","continuous",4096,8,4096,0,13251.318,11900,22600,56100,1847800,75464.190,86.362,40391.934,3916,2349,24,0,4096,0,2048,12612518676279955272
"Windows x86-64","Clang 21.1.0 ","-std=c11 -O3 -Wall -Wextra -Wpedantic","crc32_prefix","hidden_incremental","continuous",4096,8,4096,0,8.457,0,100,100,200,118242206.498,0.000,26.902,0,0,0,4,4096,0,1,12612518676279955272
"Windows x86-64","Clang 21.1.0 ","-std=c11 -O3 -Wall -Wextra -Wpedantic","crc32_prefix","full_recompute","continuous",4096,9,4096,0,13465.210,11200,23700,86500,3101000,74265.459,84.990,44533.396,3895,2264,37,0,4096,0,2048,12612518676279955272
"Windows x86-64","Clang 21.1.0 ","-std=c11 -O3 -Wall -Wextra -Wpedantic","crc32_prefix","hidden_incremental","continuous",4096,9,4096,0,6.099,0,100,100,2900,163965655.923,146.140,22.785,1,0,0,4,4096,0,1,12612518676279955272
"Windows x86-64","Clang 21.1.0 ","-std=c11 -O3 -Wall -Wextra -Wpedantic","crc32_prefix","explicit_incremental","continuous",4096,9,4096,0,6.420,0,100,100,500,155755850.402,0.000,24.102,0,0,0,4,4096,0,1,12612518676279955272
"Windows x86-64","Clang 21.1.0 ","-std=c11 -O3 -Wall -Wextra -Wpedantic","crc32_prefix","hidden_incremental","continuous",4096,10,4096,0,6.683,0,100,100,300,149625900.040,137.537,24.678,0,0,0,4,4096,0,1,12612518676279955272
"Windows x86-64","Clang 21.1.0 ","-std=c11 -O3 -Wall -Wextra -Wpedantic","crc32_prefix","explicit_incremental","continuous",4096,10,4096,0,7.812,0,100,100,6500,128002015.145,0.000,24.939,1,0,0,4,4096,0,1,12612518676279955272
"Windows x86-64","Clang 21.1.0 ","-std=c11 -O3 -Wall -Wextra -Wpedantic","crc32_prefix","full_recompute","continuous",4096,10,4096,0,14736.328,10600,22700,53500,950700,67859.510,77.659,42469.472,3891,2166,17,0,4096,0,2048,12612518676279955272
"Windows x86-64","Clang 21.1.0 ","-std=c11 -O3 -Wall -Wextra -Wpedantic","crc32_prefix","explicit_incremental","continuous",4096,11,4096,0,15.097,0,100,100,303900,66238602.317,0.000,34.056,5,4,1,4,4096,0,1,12612518676279955272
"Windows x86-64","Clang 21.1.0 ","-std=c11 -O3 -Wall -Wextra -Wpedantic","crc32_prefix","full_recompute","continuous",4096,11,4096,0,10941.626,11400,25000,105000,2673600,91394.095,104.592,38947.794,3910,2330,42,0,4096,0,2048,12612518676279955272
"Windows x86-64","Clang 21.1.0 ","-std=c11 -O3 -Wall -Wextra -Wpedantic","crc32_prefix","hidden_incremental","continuous",4096,11,4096,0,8.178,0,100,100,200,122279167.546,122.109,25.173,0,0,0,4,4096,0,1,12612518676279955272
"Windows x86-64","Clang 21.1.0 ","-std=c11 -O3 -Wall -Wextra -Wpedantic","pid_controller","hidden_state","continuous",1,1,100000,0,5.855,0,100,100,98400,170798568.708,133.436,20.451,16,10,0,24,0,0,16,4211456596959145649
"Windows x86-64","Clang 21.1.0 ","-std=c11 -O3 -Wall -Wextra -Wpedantic","pid_controller","explicit_state","continuous",1,1,100000,0,6.655,0,100,100,29800,150253929.140,117.386,22.462,8,6,0,24,0,0,16,4211456596959145649
"Windows x86-64","Clang 21.1.0 ","-std=c11 -O3 -Wall -Wextra -Wpedantic","pid_controller","explicit_state","continuous",1,2,100000,0,6.805,0,100,100,29000,146948372.139,127.559,24.857,14,10,0,24,0,0,16,4211456596959145649
"Windows x86-64","Clang 21.1.0 ","-std=c11 -O3 -Wall -Wextra -Wpedantic","pid_controller","hidden_state","continuous",1,2,100000,0,5.821,0,100,100,54300,171806545.829,167.780,21.865,9,6,0,24,0,0,16,4211456596959145649
"Windows x86-64","Clang 21.1.0 ","-std=c11 -O3 -Wall -Wextra -Wpedantic","pid_controller","hidden_state","continuous",1,3,100000,0,6.058,0,100,100,30000,165057949.693,112.132,22.799,6,6,0,24,0,0,16,4211456596959145649
"Windows x86-64","Clang 21.1.0 ","-std=c11 -O3 -Wall -Wextra -Wpedantic","pid_controller","explicit_state","continuous",1,3,100000,0,4.716,0,100,100,27300,212029118.666,122.702,17.744,18,3,0,24,0,0,16,4211456596959145649
"Windows x86-64","Clang 21.1.0 ","-std=c11 -O3 -Wall -Wextra -Wpedantic","pid_controller","explicit_state","continuous",1,4,100000,0,4.288,0,100,100,17000,233229874.953,140.162,16.155,6,3,0,24,0,0,16,4211456596959145649
"Windows x86-64","Clang 21.1.0 ","-std=c11 -O3 -Wall -Wextra -Wpedantic","pid_controller","hidden_state","continuous",1,4,100000,0,3.387,0,100,100,12500,295279223.416,144.179,12.800,2,1,0,24,0,0,16,4211456596959145649
"Windows x86-64","Clang 21.1.0 ","-std=c11 -O3 -Wall -Wextra -Wpedantic","pid_controller","hidden_state","continuous",1,5,100000,0,3.122,0,100,100,5900,320284046.194,142.984,11.837,2,0,0,24,0,0,16,4211456596959145649
"Windows x86-64","Clang 21.1.0 ","-std=c11 -O3 -Wall -Wextra -Wpedantic","pid_controller","explicit_state","continuous",1,5,100000,0,3.514,0,100,100,3800,284563523.334,171.012,13.307,4,0,0,24,0,0,16,4211456596959145649
"Windows x86-64","Clang 21.1.0 ","-std=c11 -O3 -Wall -Wextra -Wpedantic","pid_controller","explicit_state","continuous",1,6,100000,0,3.382,0,100,100,12700,295695885.479,135.890,12.819,1,1,0,24,0,0,16,4211456596959145649
"Windows x86-64","Clang 21.1.0 ","-std=c11 -O3 -Wall -Wextra -Wpedantic","pid_controller","hidden_state","continuous",1,6,100000,0,3.973,0,100,100,17200,251706421.475,115.674,14.968,2,1,0,24,0,0,16,4211456596959145649
"Windows x86-64","Clang 21.1.0 ","-std=c11 -O3 -Wall -Wextra -Wpedantic","pid_controller","hidden_state","continuous",1,7,100000,0,4.206,0,100,100,9600,237739101.148,0.000,15.923,3,0,0,24,0,0,16,4211456596959145649
"Windows x86-64","Clang 21.1.0 ","-std=c11 -O3 -Wall -Wextra -Wpedantic","pid_controller","explicit_state","continuous",1,7,100000,0,4.176,0,100,100,11400,239461307.842,0.000,15.687,9,1,0,24,0,0,16,4211456596959145649
"Windows x86-64","Clang 21.1.0 ","-std=c11 -O3 -Wall -Wextra -Wpedantic","pid_controller","explicit_state","continuous",1,8,100000,0,3.701,0,100,100,9600,270160745.644,0.000,13.977,2,0,0,24,0,0,16,4211456596959145649
"Windows x86-64","Clang 21.1.0 ","-std=c11 -O3 -Wall -Wextra -Wpedantic","pid_controller","hidden_state","continuous",1,8,100000,0,4.647,0,100,100,9700,215206691.992,146.200,17.577,1,0,0,24,0,0,16,4211456596959145649
"Windows x86-64","Clang 21.1.0 ","-std=c11 -O3 -Wall -Wextra -Wpedantic","pid_controller","hidden_state","continuous",1,9,100000,0,4.406,0,100,100,7200,226974430.837,154.195,16.524,5,0,0,24,0,0,16,4211456596959145649
"Windows x86-64","Clang 21.1.0 ","-std=c11 -O3 -Wall -Wextra -Wpedantic","pid_controller","explicit_state","continuous",1,9,100000,0,4.750,0,100,100,13800,210528242.821,143.022,17.981,3,1,0,24,0,0,16,4211456596959145649
"Windows x86-64","Clang 21.1.0 ","-std=c11 -O3 -Wall -Wextra -Wpedantic","pid_controller","explicit_state","continuous",1,10,100000,0,4.658,0,100,100,20000,214680999.936,124.237,17.530,1,1,0,24,0,0,16,4211456596959145649
"Windows x86-64","Clang 21.1.0 ","-std=c11 -O3 -Wall -Wextra -Wpedantic","pid_controller","hidden_state","continuous",1,10,100000,0,4.402,0,100,100,186500,227187531.948,177.490,16.530,6,5,1,24,0,0,16,4211456596959145649
"Windows x86-64","Clang 21.1.0 ","-std=c11 -O3 -Wall -Wextra -Wpedantic","pid_controller","hidden_state","continuous",1,11,100000,0,3.716,0,100,100,7100,269099982.875,127.415,14.046,1,0,0,24,0,0,16,4211456596959145649
"Windows x86-64","Clang 21.1.0 ","-std=c11 -O3 -Wall -Wextra -Wpedantic","pid_controller","explicit_state","continuous",1,11,100000,0,4.058,0,100,100,31900,246416095.320,0.000,15.334,11,3,0,24,0,0,16,4211456596959145649
"Windows x86-64","Clang 21.1.0 ","-std=c11 -O3 -Wall -Wextra -Wpedantic","sensor_monitor","event_incremental","no_change",64,1,20000,0,1.587,0,100,100,19300,630165862.318,0.000,5.939,1,1,0,8,64,0,0,5245127393368204627
"Windows x86-64","Clang 21.1.0 ","-std=c11 -O3 -Wall -Wextra -Wpedantic","sensor_monitor","periodic_recompute","no_change",64,1,20000,0,24.326,0,100,100,400,41107434.279,160.576,91.866,0,0,0,0,64,0,64,5245127393368204627
"Windows x86-64","Clang 21.1.0 ","-std=c11 -O3 -Wall -Wextra -Wpedantic","sensor_monitor","periodic_recompute","no_change",64,2,20000,0,22.248,0,100,100,300,44947607.944,146.314,84.203,0,0,0,0,64,0,64,5245127393368204627
"Windows x86-64","Clang 21.1.0 ","-std=c11 -O3 -Wall -Wextra -Wpedantic","sensor_monitor","event_incremental","no_change",64,2,20000,0,1.233,0,100,100,300,811146725.976,0.000,4.666,0,0,0,8,64,0,0,5245127393368204627
"Windows x86-64","Clang 21.1.0 ","-std=c11 -O3 -Wall -Wextra -Wpedantic","sensor_monitor","event_incremental","no_change",64,3,20000,0,1.415,0,100,100,100,706617963.728,124.615,5.341,0,0,0,8,64,0,0,5245127393368204627
"Windows x86-64","Clang 21.1.0 ","-std=c11 -O3 -Wall -Wextra -Wpedantic","sensor_monitor","periodic_recompute","no_change",64,3,20000,0,25.025,0,100,100,300,39959640.763,156.092,94.596,0,0,0,0,64,0,64,5245127393368204627
"Windows x86-64","Clang 21.1.0 ","-std=c11 -O3 -Wall -Wextra -Wpedantic","sensor_monitor","periodic_recompute","no_change",64,4,20000,0,24.688,0,100,100,8000,40506329.114,143.843,93.360,4,0,0,0,64,0,64,5245127393368204627
"Windows x86-64","Clang 21.1.0 ","-std=c11 -O3 -Wall -Wextra -Wpedantic","sensor_monitor","event_incremental","no_change",64,4,20000,0,1.527,0,100,100,4600,654683569.608,130.145,5.767,1,0,0,8,64,0,0,5245127393368204627
"Windows x86-64","Clang 21.1.0 ","-std=c11 -O3 -Wall -Wextra -Wpedantic","sensor_monitor","event_incremental","no_change",64,5,20000,0,1.844,0,100,100,8200,542228574.980,0.000,6.916,5,0,0,8,64,0,0,5245127393368204627
"Windows x86-64","Clang 21.1.0 ","-std=c11 -O3 -Wall -Wextra -Wpedantic","sensor_monitor","periodic_recompute","no_change",64,5,20000,0,30.578,0,100,100,2300,32702782.802,0.000,108.418,2,0,0,0,64,0,64,5245127393368204627
"Windows x86-64","Clang 21.1.0 ","-std=c11 -O3 -Wall -Wextra -Wpedantic","sensor_monitor","periodic_recompute","no_change",64,6,20000,0,34.673,0,100,100,14000,28841178.417,132.542,128.235,1,1,0,0,64,0,64,5245127393368204627
"Windows x86-64","Clang 21.1.0 ","-std=c11 -O3 -Wall -Wextra -Wpedantic","sensor_monitor","event_incremental","no_change",64,6,20000,0,2.279,0,100,100,30200,438764876.872,122.423,8.380,8,1,0,8,64,0,0,5245127393368204627
"Windows x86-64","Clang 21.1.0 ","-std=c11 -O3 -Wall -Wextra -Wpedantic","sensor_monitor","event_incremental","no_change",64,7,20000,0,2.388,0,100,100,300,418846524.907,122.556,7.931,0,0,0,8,64,0,0,5245127393368204627
"Windows x86-64","Clang 21.1.0 ","-std=c11 -O3 -Wall -Wextra -Wpedantic","sensor_monitor","periodic_recompute","no_change",64,7,20000,0,36.647,100,100,100,15900,27287134.116,163.985,124.758,2,2,0,0,64,0,64,5245127393368204627
"Windows x86-64","Clang 21.1.0 ","-std=c11 -O3 -Wall -Wextra -Wpedantic","sensor_monitor","periodic_recompute","no_change",64,8,20000,0,33.113,100,400,800,106000,30199619.485,157.290,116.095,20,3,1,0,64,0,64,5245127393368204627
"Windows x86-64","Clang 21.1.0 ","-std=c11 -O3 -Wall -Wextra -Wpedantic","sensor_monitor","event_incremental","no_change",64,8,20000,0,2.287,0,100,100,17800,437235327.391,119.437,7.771,1,1,0,8,64,0,0,5245127393368204627
"Windows x86-64","Clang 21.1.0 ","-std=c11 -O3 -Wall -Wextra -Wpedantic","sensor_monitor","event_incremental","no_change",64,9,20000,0,2.214,0,100,100,19400,451739845.287,84.230,8.009,1,1,0,8,64,0,0,5245127393368204627
"Windows x86-64","Clang 21.1.0 ","-std=c11 -O3 -Wall -Wextra -Wpedantic","sensor_monitor","periodic_recompute","no_change",64,9,20000,0,37.167,0,100,100,400,26905758.624,123.648,115.995,0,0,0,0,64,0,64,5245127393368204627
"Windows x86-64","Clang 21.1.0 ","-std=c11 -O3 -Wall -Wextra -Wpedantic","sensor_monitor","periodic_recompute","no_change",64,10,20000,0,34.770,0,100,100,17300,28760668.939,132.172,106.304,9,3,0,0,64,0,64,5245127393368204627
"Windows x86-64","Clang 21.1.0 ","-std=c11 -O3 -Wall -Wextra -Wpedantic","sensor_monitor","event_incremental","no_change",64,10,20000,0,2.260,0,100,100,37500,442455556.276,112.596,6.975,1,1,0,8,64,0,0,5245127393368204627
"Windows x86-64","Clang 21.1.0 ","-std=c11 -O3 -Wall -Wextra -Wpedantic","sensor_monitor","event_incremental","no_change",64,11,20000,0,2.219,0,100,100,8700,450697279.378,107.023,7.030,5,0,0,8,64,0,0,5245127393368204627
"Windows x86-64","Clang 21.1.0 ","-std=c11 -O3 -Wall -Wextra -Wpedantic","sensor_monitor","periodic_recompute","no_change",64,11,20000,0,52.101,0,100,100,3600,19193470.179,78.921,105.405,2,0,0,0,64,0,64,5245127393368204627
"Windows x86-64","Clang 21.1.0 ","-std=c11 -O3 -Wall -Wextra -Wpedantic","sensor_monitor","event_incremental","one_percent",64,1,20000,0,6.513,0,100,100,18900,153541357.107,96.737,14.659,2,1,0,8,64,0,1,2578247104638626934
"Windows x86-64","Clang 21.1.0 ","-std=c11 -O3 -Wall -Wextra -Wpedantic","sensor_monitor","periodic_recompute","one_percent",64,1,20000,0,58.448,0,100,100,72100,17109097.228,83.541,127.855,31,9,0,0,64,0,64,2578247104638626934
"Windows x86-64","Clang 21.1.0 ","-std=c11 -O3 -Wall -Wextra -Wpedantic","sensor_monitor","periodic_recompute","one_percent",64,2,20000,0,44.859,0,100,100,56500,22291884.361,108.847,120.428,10,3,0,0,64,0,64,2578247104638626934
"Windows x86-64","Clang 21.1.0 ","-std=c11 -O3 -Wall -Wextra -Wpedantic","sensor_monitor","event_incremental","one_percent",64,2,20000,0,5.294,0,100,100,200,188906752.412,104.669,14.954,0,0,0,8,64,0,1,2578247104638626934
"Windows x86-64","Clang 21.1.0 ","-std=c11 -O3 -Wall -Wextra -Wpedantic","sensor_monitor","event_incremental","one_percent",64,3,20000,0,9.992,0,100,100,56100,100075056.292,0.000,14.177,4,3,0,8,64,0,1,2578247104638626934
"Windows x86-64","Clang 21.1.0 ","-std=c11 -O3 -Wall -Wextra -Wpedantic","sensor_monitor","periodic_recompute","one_percent",64,3,20000,0,40.892,100,100,100,32600,24454611.223,159.210,127.928,12,4,0,0,64,0,64,2578247104638626934
"Windows x86-64","Clang 21.1.0 ","-std=c11 -O3 -Wall -Wextra -Wpedantic","sensor_monitor","periodic_recompute","one_percent",64,4,20000,0,40.592,100,100,100,1154300,24635209.399,148.048,125.666,16,7,3,0,64,0,64,2578247104638626934
"Windows x86-64","Clang 21.1.0 ","-std=c11 -O3 -Wall -Wextra -Wpedantic","sensor_monitor","event_incremental","one_percent",64,4,20000,0,4.582,0,100,100,8800,218253800.408,132.179,14.704,1,0,0,8,64,0,1,2578247104638626934
"Windows x86-64","Clang 21.1.0 ","-std=c11 -O3 -Wall -Wextra -Wpedantic","sensor_monitor","event_incremental","one_percent",64,5,20000,0,5.129,0,100,100,26700,194978478.011,129.091,14.779,16,2,0,8,64,0,1,2578247104638626934
"Windows x86-64","Clang 21.1.0 ","-std=c11 -O3 -Wall -Wextra -Wpedantic","sensor_monitor","periodic_recompute","one_percent",64,5,20000,0,41.770,0,100,100,2500,23940818.297,124.692,125.056,23,0,0,0,64,0,64,2578247104638626934
"Windows x86-64","Clang 21.1.0 ","-std=c11 -O3 -Wall -Wextra -Wpedantic","sensor_monitor","periodic_recompute","one_percent",64,6,20000,0,74.602,0,100,100,225700,13404411.082,80.555,125.986,17,6,1,0,64,0,64,2578247104638626934
"Windows x86-64","Clang 21.1.0 ","-std=c11 -O3 -Wall -Wextra -Wpedantic","sensor_monitor","event_incremental","one_percent",64,6,20000,0,4.236,0,100,100,400,236057834.169,131.729,14.956,0,0,0,8,64,0,1,2578247104638626934
"Windows x86-64","Clang 21.1.0 ","-std=c11 -O3 -Wall -Wextra -Wpedantic","sensor_monitor","event_incremental","one_percent",64,7,20000,0,8.660,0,100,100,2600,115479502.388,0.000,15.394,7,0,0,8,64,0,1,2578247104638626934
"Windows x86-64","Clang 21.1.0 ","-std=c11 -O3 -Wall -Wextra -Wpedantic","sensor_monitor","periodic_recompute","one_percent",64,7,20000,0,60.465,0,100,100,700,16538493.343,0.000,165.214,0,0,0,0,64,0,64,2578247104638626934
"Windows x86-64","Clang 21.1.0 ","-std=c11 -O3 -Wall -Wextra -Wpedantic","sensor_monitor","periodic_recompute","one_percent",64,8,20000,0,44.290,100,100,100,324600,22578278.084,125.995,129.230,23,6,2,0,64,0,64,2578247104638626934
"Windows x86-64","Clang 21.1.0 ","-std=c11 -O3 -Wall -Wextra -Wpedantic","sensor_monitor","event_incremental","one_percent",64,8,20000,0,8.941,0,100,100,1499200,111841319.154,74.680,14.657,8,4,2,8,64,0,1,2578247104638626934
"Windows x86-64","Clang 21.1.0 ","-std=c11 -O3 -Wall -Wextra -Wpedantic","sensor_monitor","event_incremental","one_percent",64,9,20000,0,5.700,0,100,100,32700,175432184.496,0.000,14.988,5,3,0,8,64,0,1,2578247104638626934
"Windows x86-64","Clang 21.1.0 ","-std=c11 -O3 -Wall -Wextra -Wpedantic","sensor_monitor","periodic_recompute","one_percent",64,9,20000,0,45.583,100,100,100,17400,21937900.073,0.000,124.125,10,2,0,0,64,0,64,2578247104638626934
"Windows x86-64","Clang 21.1.0 ","-std=c11 -O3 -Wall -Wextra -Wpedantic","sensor_monitor","periodic_recompute","one_percent",64,10,20000,0,32.910,0,100,100,361300,30386256.063,0.000,118.433,4,2,2,0,64,0,64,2578247104638626934
"Windows x86-64","Clang 21.1.0 ","-std=c11 -O3 -Wall -Wextra -Wpedantic","sensor_monitor","event_incremental","one_percent",64,10,20000,0,8.884,0,100,100,3300,112556666.460,60.645,14.345,4,0,0,8,64,0,1,2578247104638626934
"Windows x86-64","Clang 21.1.0 ","-std=c11 -O3 -Wall -Wextra -Wpedantic","sensor_monitor","event_incremental","one_percent",64,11,20000,0,7.181,0,100,100,17500,139262835.391,0.000,14.231,5,3,0,8,64,0,1,2578247104638626934
"Windows x86-64","Clang 21.1.0 ","-std=c11 -O3 -Wall -Wextra -Wpedantic","sensor_monitor","periodic_recompute","one_percent",64,11,20000,0,108.867,0,100,100,381600,9185507.893,51.258,133.607,18,2,1,0,64,0,64,2578247104638626934
"Windows x86-64","Clang 21.1.0 ","-std=c11 -O3 -Wall -Wextra -Wpedantic","sensor_monitor","event_incremental","all_change",64,1,20000,0,295.260,100,200,200,346300,3386845.492,66.149,459.598,22,14,3,8,64,0,64,3333021977108965799
"Windows x86-64","Clang 21.1.0 ","-std=c11 -O3 -Wall -Wextra -Wpedantic","sensor_monitor","periodic_recompute","all_change",64,1,20000,0,210.428,200,200,200,3166500,4752230.578,0.000,543.233,22,15,2,0,64,0,64,3333021977108965799
"Windows x86-64","Clang 21.1.0 ","-std=c11 -O3 -Wall -Wextra -Wpedantic","sensor_monitor","periodic_recompute","all_change",64,2,20000,0,193.842,200,200,200,324100,5158849.577,134.345,515.905,24,15,2,0,64,0,64,3333021977108965799
"Windows x86-64","Clang 21.1.0 ","-std=c11 -O3 -Wall -Wextra -Wpedantic","sensor_monitor","event_incremental","all_change",64,2,20000,0,209.595,100,200,200,1293700,4771106.181,0.000,407.065,18,12,1,8,64,0,64,3333021977108965799
"Windows x86-64","Clang 21.1.0 ","-std=c11 -O3 -Wall -Wextra -Wpedantic","sensor_monitor","event_incremental","all_change",64,3,20000,0,123.076,100,200,200,1899600,8125044.434,158.692,420.516,25,11,3,8,64,0,64,3333021977108965799
"Windows x86-64","Clang 21.1.0 ","-std=c11 -O3 -Wall -Wextra -Wpedantic","sensor_monitor","periodic_recompute","all_change",64,3,20000,0,158.040,100,200,200,1905900,6327512.022,164.779,500.000,14,10,2,0,64,0,64,3333021977108965799
"Windows x86-64","Clang 21.1.0 ","-std=c11 -O3 -Wall -Wextra -Wpedantic","sensor_monitor","periodic_recompute","all_change",64,4,20000,0,182.609,100,200,200,136200,5476188.846,106.957,492.455,32,17,1,0,64,0,64,3333021977108965799
"Windows x86-64","Clang 21.1.0 ","-std=c11 -O3 -Wall -Wextra -Wpedantic","sensor_monitor","event_incremental","all_change",64,4,20000,0,342.678,100,200,200,286100,2918195.680,113.992,434.194,22,5,2,8,64,0,64,3333021977108965799
"Windows x86-64","Clang 21.1.0 ","-std=c11 -O3 -Wall -Wextra -Wpedantic","sensor_monitor","event_incremental","all_change",64,5,20000,0,1016.670,100,200,200,126300,983603.332,0.000,440.747,43,14,1,8,64,0,64,3333021977108965799
"Windows x86-64","Clang 21.1.0 ","-std=c11 -O3 -Wall -Wextra -Wpedantic","sensor_monitor","periodic_recompute","all_change",64,5,20000,0,212.792,200,200,200,263100,4699432.152,0.000,523.048,25,10,3,0,64,0,64,3333021977108965799
"Windows x86-64","Clang 21.1.0 ","-std=c11 -O3 -Wall -Wextra -Wpedantic","sensor_monitor","periodic_recompute","all_change",64,6,20000,0,190.170,200,200,200,881600,5258452.963,0.000,554.872,41,22,4,0,64,0,64,3333021977108965799
"Windows x86-64","Clang 21.1.0 ","-std=c11 -O3 -Wall -Wextra -Wpedantic","sensor_monitor","event_incremental","all_change",64,6,20000,0,488.815,100,200,200,551200,2045763.735,0.000,453.216,35,13,3,8,64,0,64,3333021977108965799
"Windows x86-64","Clang 21.1.0 ","-std=c11 -O3 -Wall -Wextra -Wpedantic","sensor_monitor","event_incremental","all_change",64,7,20000,0,125.081,100,200,200,506200,7994819.357,0.000,418.986,6,6,3,8,64,0,64,3333021977108965799
"Windows x86-64","Clang 21.1.0 ","-std=c11 -O3 -Wall -Wextra -Wpedantic","sensor_monitor","periodic_recompute","all_change",64,7,20000,0,173.355,100,200,200,127300,5768509.706,112.666,495.399,21,13,3,0,64,0,64,3333021977108965799
"Windows x86-64","Clang 21.1.0 ","-std=c11 -O3 -Wall -Wextra -Wpedantic","sensor_monitor","periodic_recompute","all_change",64,8,20000,0,170.643,100,200,200,158500,5860176.196,152.609,498.128,40,20,1,0,64,0,64,3333021977108965799
"Windows x86-64","Clang 21.1.0 ","-std=c11 -O3 -Wall -Wextra -Wpedantic","sensor_monitor","event_incremental","all_change",64,8,20000,0,139.522,100,200,200,548200,7167345.574,186.650,411.989,17,6,2,8,64,0,64,3333021977108965799
"Windows x86-64","Clang 21.1.0 ","-std=c11 -O3 -Wall -Wextra -Wpedantic","sensor_monitor","event_incremental","all_change",64,9,20000,0,201.835,100,200,200,550500,4954542.076,0.000,438.622,9,6,2,8,64,0,64,3333021977108965799
"Windows x86-64","Clang 21.1.0 ","-std=c11 -O3 -Wall -Wextra -Wpedantic","sensor_monitor","periodic_recompute","all_change",64,9,20000,0,255.043,100,200,200,6708600,3920902.330,102.107,501.081,6,2,1,0,64,0,64,3333021977108965799
"Windows x86-64","Clang 21.1.0 ","-std=c11 -O3 -Wall -Wextra -Wpedantic","sensor_monitor","periodic_recompute","all_change",64,10,20000,0,158.317,100,200,200,940500,6316454.364,0.000,496.472,41,24,7,0,64,0,64,3333021977108965799
"Windows x86-64","Clang 21.1.0 ","-std=c11 -O3 -Wall -Wextra -Wpedantic","sensor_monitor","event_incremental","all_change",64,10,20000,0,128.485,100,200,200,228300,7783009.690,0.000,419.038,10,7,1,8,64,0,64,3333021977108965799
"Windows x86-64","Clang 21.1.0 ","-std=c11 -O3 -Wall -Wextra -Wpedantic","sensor_monitor","event_incremental","all_change",64,11,20000,0,116.253,100,200,200,356000,8601928.552,134.405,420.663,13,6,1,8,64,0,64,3333021977108965799
"Windows x86-64","Clang 21.1.0 ","-std=c11 -O3 -Wall -Wextra -Wpedantic","sensor_monitor","periodic_recompute","all_change",64,11,20000,0,133.196,100,200,200,17900,7507718.873,146.635,491.108,4,1,0,0,64,0,64,3333021977108965799
"Windows x86-64","Clang 21.1.0 ","-std=c11 -O3 -Wall -Wextra -Wpedantic","sensor_monitor","event_incremental","no_change",1024,1,20000,0,2.050,0,100,100,27600,487774373.085,122.139,7.575,2,2,0,8,1024,0,0,5245127393368204627
"Windows x86-64","Clang 21.1.0 ","-std=c11 -O3 -Wall -Wextra -Wpedantic","sensor_monitor","periodic_recompute","no_change",1024,1,20000,0,385.478,400,500,600,38900,2594185.134,101.335,1457.944,20,7,0,0,1024,0,1024,5245127393368204627
"Windows x86-64","Clang 21.1.0 ","-std=c11 -O3 -Wall -Wextra -Wpedantic","sensor_monitor","periodic_recompute","no_change",1024,2,20000,0,335.447,400,500,500,13400,2981092.421,116.449,1269.707,4,2,0,0,1024,0,1024,5245127393368204627
"Windows x86-64","Clang 21.1.0 ","-std=c11 -O3 -Wall -Wextra -Wpedantic","sensor_monitor","event_incremental","no_change",1024,2,20000,0,1.298,0,100,100,100,770588900.389,0.000,4.911,0,0,0,8,1024,0,0,5245127393368204627
"Windows x86-64","Clang 21.1.0 ","-std=c11 -O3 -Wall -Wextra -Wpedantic","sensor_monitor","event_incremental","no_change",1024,3,20000,0,1.259,0,100,100,300,794127400.981,140.048,4.768,0,0,0,8,1024,0,0,5245127393368204627
"Windows x86-64","Clang 21.1.0 ","-std=c11 -O3 -Wall -Wextra -Wpedantic","sensor_monitor","periodic_recompute","no_change",1024,3,20000,0,324.728,400,500,500,41200,3079505.124,120.293,1229.728,4,3,0,0,1024,0,1024,5245127393368204627
"Windows x86-64","Clang 21.1.0 ","-std=c11 -O3 -Wall -Wextra -Wpedantic","sensor_monitor","periodic_recompute","no_change",1024,4,20000,0,343.853,400,500,500,16600,2908223.730,113.602,1301.246,22,2,0,0,1024,0,1024,5245127393368204627
"Windows x86-64","Clang 21.1.0 ","-std=c11 -O3 -Wall -Wextra -Wpedantic","sensor_monitor","event_incremental","no_change",1024,4,20000,0,1.328,0,100,100,1600,753254227.534,132.243,5.029,3,0,0,8,1024,0,0,5245127393368204627
"Windows x86-64","Clang 21.1.0 ","-std=c11 -O3 -Wall -Wextra -Wpedantic","sensor_monitor","event_incremental","no_change",1024,5,20000,0,1.493,0,100,100,6900,669750846.638,118.114,5.645,1,0,0,8,1024,0,0,5245127393368204627
"Windows x86-64","Clang 21.1.0 ","-std=c11 -O3 -Wall -Wextra -Wpedantic","sensor_monitor","periodic_recompute","no_change",1024,5,20000,0,394.808,400,500,500,12600,2532879.948,98.941,1494.205,23,2,0,0,1024,0,1024,5245127393368204627
"Windows x86-64","Clang 21.1.0 ","-std=c11 -O3 -Wall -Wextra -Wpedantic","sensor_monitor","periodic_recompute","no_change",1024,6,20000,0,351.087,400,500,500,14600,2848292.805,111.261,1327.778,22,4,0,0,1024,0,1024,5245127393368204627
"Windows x86-64","Clang 21.1.0 ","-std=c11 -O3 -Wall -Wextra -Wpedantic","sensor_monitor","event_incremental","no_change",1024,6,20000,0,1.276,0,100,100,5400,783987541.146,138.260,4.822,1,0,0,8,1024,0,0,5245127393368204627
"Windows x86-64","Clang 21.1.0 ","-std=c11 -O3 -Wall -Wextra -Wpedantic","sensor_monitor","event_incremental","no_change",1024,7,20000,0,1.701,0,100,100,1600,587768991.319,0.000,6.407,4,0,0,8,1024,0,0,5245127393368204627
"Windows x86-64","Clang 21.1.0 ","-std=c11 -O3 -Wall -Wextra -Wpedantic","sensor_monitor","periodic_recompute","no_change",1024,7,20000,0,404.740,400,500,600,67600,2470721.945,96.513,1529.897,105,5,0,0,1024,0,1024,5245127393368204627
"Windows x86-64","Clang 21.1.0 ","-std=c11 -O3 -Wall -Wextra -Wpedantic","sensor_monitor","periodic_recompute","no_change",1024,8,20000,0,369.380,400,500,500,13800,2707239.158,105.752,1394.553,10,2,0,0,1024,0,1024,5245127393368204627
"Windows x86-64","Clang 21.1.0 ","-std=c11 -O3 -Wall -Wextra -Wpedantic","sensor_monitor","event_incremental","no_change",1024,8,20000,0,1.521,0,100,100,9300,657652239.704,0.000,5.749,4,0,0,8,1024,0,0,5245127393368204627
"Windows x86-64","Clang 21.1.0 ","-std=c11 -O3 -Wall -Wextra -Wpedantic","sensor_monitor","event_incremental","no_change",1024,9,20000,0,1.503,0,100,100,17700,665183772.905,165.502,5.684,1,1,0,8,1024,0,0,5245127393368204627
"Windows x86-64","Clang 21.1.0 ","-std=c11 -O3 -Wall -Wextra -Wpedantic","sensor_monitor","periodic_recompute","no_change",1024,9,20000,0,330.808,400,500,500,23900,3022906.071,118.082,1252.174,15,1,0,0,1024,0,1024,5245127393368204627
"Windows x86-64","Clang 21.1.0 ","-std=c11 -O3 -Wall -Wextra -Wpedantic","sensor_monitor","periodic_recompute","no_change",1024,10,20000,0,386.910,400,500,600,121800,2584580.393,0.000,1447.646,75,6,1,0,1024,0,1024,5245127393368204627
"Windows x86-64","Clang 21.1.0 ","-std=c11 -O3 -Wall -Wextra -Wpedantic","sensor_monitor","event_incremental","no_change",1024,10,20000,0,1.756,0,100,100,2100,569449230.155,141.682,6.548,2,0,0,8,1024,0,0,5245127393368204627
"Windows x86-64","Clang 21.1.0 ","-std=c11 -O3 -Wall -Wextra -Wpedantic","sensor_monitor","event_incremental","no_change",1024,11,20000,0,1.786,0,100,100,300,559806261.407,0.000,6.656,0,0,0,8,1024,0,0,5245127393368204627
"Windows x86-64","Clang 21.1.0 ","-std=c11 -O3 -Wall -Wextra -Wpedantic","sensor_monitor","periodic_recompute","no_change",1024,11,20000,0,547.160,400,600,700,127600,1827618.978,0.000,1872.775,62,11,1,0,1024,0,1024,5245127393368204627
"Windows x86-64","Clang 21.1.0 ","-std=c11 -O3 -Wall -Wextra -Wpedantic","sensor_monitor","event_incremental","one_percent",1024,1,20000,0,19.567,0,100,100,54900,51107703.931,0.000,74.055,4,4,0,8,1024,0,10,10148343181257592648
"Windows x86-64","Clang 21.1.0 ","-std=c11 -O3 -Wall -Wextra -Wpedantic","sensor_monitor","periodic_recompute","one_percent",1024,1,20000,0,635.555,500,600,700,59800,1573427.949,0.000,1763.935,32,7,0,0,1024,0,1024,10148343181257592648
"Windows x86-64","Clang 21.1.0 ","-std=c11 -O3 -Wall -Wextra -Wpedantic","sensor_monitor","periodic_recompute","one_percent",1024,2,20000,0,501.257,500,600,700,159500,1994982.619,77.929,1731.969,36,15,2,0,1024,0,1024,10148343181257592648
"Windows x86-64","Clang 21.1.0 ","-std=c11 -O3 -Wall -Wextra -Wpedantic","sensor_monitor","event_incremental","one_percent",1024,2,20000,0,20.359,0,100,100,1900,49119130.264,127.914,69.174,7,0,0,8,1024,0,10,10148343181257592648
"Windows x86-64","Clang 21.1.0 ","-std=c11 -O3 -Wall -Wextra -Wpedantic","sensor_monitor","event_incremental","one_percent",1024,3,20000,0,21.420,0,100,100,500,46685340.803,151.971,67.867,0,0,0,8,1024,0,10,10148343181257592648
"Windows x86-64","Clang 21.1.0 ","-std=c11 -O3 -Wall -Wextra -Wpedantic","sensor_monitor","periodic_recompute","one_percent",1024,3,20000,0,484.155,400,600,600,39500,2065454.245,80.682,1683.779,30,8,0,0,1024,0,1024,10148343181257592648
"Windows x86-64","Clang 21.1.0 ","-std=c11 -O3 -Wall -Wextra -Wpedantic","sensor_monitor","periodic_recompute","one_percent",1024,4,20000,0,607.940,400,500,600,101200,1644899.168,128.508,1538.621,40,16,1,0,1024,0,1024,10148343181257592648
"Windows x86-64","Clang 21.1.0 ","-std=c11 -O3 -Wall -Wextra -Wpedantic","sensor_monitor","event_incremental","one_percent",1024,4,20000,0,19.427,0,100,100,20300,51476076.493,134.052,67.122,4,2,0,8,1024,0,10,10148343181257592648
"Windows x86-64","Clang 21.1.0 ","-std=c11 -O3 -Wall -Wextra -Wpedantic","sensor_monitor","event_incremental","one_percent",1024,5,20000,0,19.059,0,100,100,181500,52467936.261,151.817,68.091,1,1,1,8,1024,0,10,10148343181257592648
"Windows x86-64","Clang 21.1.0 ","-std=c11 -O3 -Wall -Wextra -Wpedantic","sensor_monitor","periodic_recompute","one_percent",1024,5,20000,0,601.808,400,500,600,1154700,1661660.913,129.817,1659.627,57,29,7,0,1024,0,1024,10148343181257592648
"Windows x86-64","Clang 21.1.0 ","-std=c11 -O3 -Wall -Wextra -Wpedantic","sensor_monitor","periodic_recompute","one_percent",1024,6,20000,0,579.065,500,600,700,912300,1726921.848,134.916,1697.652,42,26,6,0,1024,0,1024,10148343181257592648
"Windows x86-64","Clang 21.1.0 ","-std=c11 -O3 -Wall -Wextra -Wpedantic","sensor_monitor","event_incremental","one_percent",1024,6,20000,0,26.701,0,100,100,480300,37452061.361,117.038,70.057,2,1,1,8,1024,0,10,10148343181257592648
"Windows x86-64","Clang 21.1.0 ","-std=c11 -O3 -Wall -Wextra -Wpedantic","sensor_monitor","event_incremental","one_percent",1024,7,20000,0,28.747,0,100,100,1287200,34786281.781,0.000,74.320,7,5,2,8,1024,0,10,10148343181257592648
"Windows x86-64","Clang 21.1.0 ","-std=c11 -O3 -Wall -Wextra -Wpedantic","sensor_monitor","periodic_recompute","one_percent",1024,7,20000,0,540.350,400,600,600,518500,1850652.355,0.000,1687.354,63,36,2,0,1024,0,1024,10148343181257592648
"Windows x86-64","Clang 21.1.0 ","-std=c11 -O3 -Wall -Wextra -Wpedantic","sensor_monitor","periodic_recompute","one_percent",1024,8,20000,0,1075.570,400,500,600,1318000,929739.580,0.000,1604.856,89,53,5,0,1024,0,1024,10148343181257592648
"Windows x86-64","Clang 21.1.0 ","-std=c11 -O3 -Wall -Wextra -Wpedantic","sensor_monitor","event_incremental","one_percent",1024,8,20000,0,19.756,0,100,100,100,50617139.742,152.095,67.506,0,0,0,8,1024,0,10,10148343181257592648
"Windows x86-64","Clang 21.1.0 ","-std=c11 -O3 -Wall -Wextra -Wpedantic","sensor_monitor","event_incremental","one_percent",1024,9,20000,0,33.832,0,100,100,5800,29557546.269,0.000,79.049,1,0,0,8,1024,0,10,10148343181257592648
"Windows x86-64","Clang 21.1.0 ","-std=c11 -O3 -Wall -Wextra -Wpedantic","sensor_monitor","periodic_recompute","one_percent",1024,9,20000,0,575.080,400,600,600,6318100,1738888.502,135.851,1750.773,74,42,14,0,1024,0,1024,10148343181257592648
"Windows x86-64","Clang 21.1.0 ","-std=c11 -O3 -Wall -Wextra -Wpedantic","sensor_monitor","periodic_recompute","one_percent",1024,10,20000,0,868.110,500,600,700,452300,1151927.751,89.994,1742.296,50,37,2,0,1024,0,1024,10148343181257592648
"Windows x86-64","Clang 21.1.0 ","-std=c11 -O3 -Wall -Wextra -Wpedantic","sensor_monitor","event_incremental","one_percent",1024,10,20000,0,19.143,0,100,100,253600,52239098.353,0.000,68.485,13,6,2,8,1024,0,10,10148343181257592648
"Windows x86-64","Clang 21.1.0 ","-std=c11 -O3 -Wall -Wextra -Wpedantic","sensor_monitor","event_incremental","one_percent",1024,11,20000,0,19.458,0,100,100,14700,51392303.146,133.834,68.563,2,1,0,8,1024,0,10,10148343181257592648
"Windows x86-64","Clang 21.1.0 ","-std=c11 -O3 -Wall -Wextra -Wpedantic","sensor_monitor","periodic_recompute","one_percent",1024,11,20000,0,531.960,400,600,700,1318100,1879840.590,146.863,1655.702,96,44,6,0,1024,0,1024,10148343181257592648
"Windows x86-64","Clang 21.1.0 ","-std=c11 -O3 -Wall -Wextra -Wpedantic","sensor_monitor","event_incremental","all_change",1024,1,20000,0,2959.495,1600,1900,3500,3612900,337895.486,79.194,7026.077,20000,117,25,8,1024,0,1024,13055857413782789671
"Windows x86-64","Clang 21.1.0 ","-std=c11 -O3 -Wall -Wextra -Wpedantic","sensor_monitor","periodic_recompute","all_change",1024,1,20000,0,1824.080,1800,2100,4100,1067700,548221.569,128.489,6865.008,20000,133,13,0,1024,0,1024,13055857413782789671
"Windows x86-64","Clang 21.1.0 ","-std=c11 -O3 -Wall -Wextra -Wpedantic","sensor_monitor","periodic_recompute","all_change",1024,2,20000,0,1817.940,1800,2000,2200,67200,550073.160,85.949,6871.702,20000,26,0,0,1024,0,1024,13055857413782789671
"Windows x86-64","Clang 21.1.0 ","-std=c11 -O3 -Wall -Wextra -Wpedantic","sensor_monitor","event_incremental","all_change",1024,2,20000,0,1541.850,1700,1900,2000,27200,648571.521,101.339,5825.498,20000,18,0,8,1024,0,1024,13055857413782789671
"Windows x86-64","Clang 21.1.0 ","-std=c11 -O3 -Wall -Wextra -Wpedantic","sensor_monitor","event_incremental","all_change",1024,3,20000,0,1731.395,1400,1900,2200,108800,577568.955,135.368,6470.706,20000,17,1,8,1024,0,1024,13055857413782789671
"Windows x86-64","Clang 21.1.0 ","-std=c11 -O3 -Wall -Wextra -Wpedantic","sensor_monitor","periodic_recompute","all_change",1024,3,20000,0,2379.825,1800,2000,2300,74700,420198.964,98.484,7659.281,20000,43,0,0,1024,0,1024,13055857413782789671
"Windows x86-64","Clang 21.1.0 ","-std=c11 -O3 -Wall -Wextra -Wpedantic","sensor_monitor","periodic_recompute","all_change",1024,4,20000,0,2332.555,2000,2400,7800,502500,428714.435,66.987,7333.329,20000,178,14,0,1024,0,1024,13055857413782789671
"Windows x86-64","Clang 21.1.0 ","-std=c11 -O3 -Wall -Wextra -Wpedantic","sensor_monitor","event_incremental","all_change",1024,4,20000,0,2345.065,1600,1900,6900,646600,426427.412,66.629,6629.348,20000,154,16,8,1024,0,1024,13055857413782789671
"Windows x86-64","Clang 21.1.0 ","-std=c11 -O3 -Wall -Wextra -Wpedantic","sensor_monitor","event_incremental","all_change",1024,5,20000,0,1599.465,1800,2200,3700,880500,625209.054,97.689,6016.021,20000,125,19,8,1024,0,1024,13055857413782789671
"Windows x86-64","Clang 21.1.0 ","-std=c11 -O3 -Wall -Wextra -Wpedantic","sensor_monitor","periodic_recompute","all_change",1024,5,20000,0,2380.900,1800,2100,6700,1473300,420009.240,65.626,7370.842,20000,170,12,0,1024,0,1024,13055857413782789671
"Windows x86-64","Clang 21.1.0 ","-std=c11 -O3 -Wall -Wextra -Wpedantic","sensor_monitor","periodic_recompute","all_change",1024,6,20000,0,2930.555,1900,2200,5600,3197800,341232.292,106.635,7381.747,20000,162,27,0,1024,0,1024,13055857413782789671
"Windows x86-64","Clang 21.1.0 ","-std=c11 -O3 -Wall -Wextra -Wpedantic","sensor_monitor","event_incremental","all_change",1024,6,20000,0,1954.830,1800,2200,8100,8521000,511553.434,79.930,6556.352,20000,172,31,8,1024,0,1024,13055857413782789671
"Windows x86-64","Clang 21.1.0 ","-std=c11 -O3 -Wall -Wextra -Wpedantic","sensor_monitor","event_incremental","all_change",1024,7,20000,0,1747.000,1700,2100,2600,470900,572409.845,89.439,6375.255,20000,138,17,8,1024,0,1024,13055857413782789671
"Windows x86-64","Clang 21.1.0 ","-std=c11 -O3 -Wall -Wextra -Wpedantic","sensor_monitor","periodic_recompute","all_change",1024,7,20000,0,1763.855,1700,1900,4200,22200,566940.026,88.584,6661.153,20000,12,0,0,1024,0,1024,13055857413782789671
"Windows x86-64","Clang 21.1.0 ","-std=c11 -O3 -Wall -Wextra -Wpedantic","sensor_monitor","periodic_recompute","all_change",1024,8,20000,0,1817.255,1800,1900,3700,60200,550280.505,85.981,6874.225,20000,21,0,0,1024,0,1024,13055857413782789671
"Windows x86-64","Clang 21.1.0 ","-std=c11 -O3 -Wall -Wextra -Wpedantic","sensor_monitor","event_incremental","all_change",1024,8,20000,0,1678.890,1700,1900,2200,42000,595631.638,93.067,6343.679,20000,116,0,8,1024,0,1024,13055857413782789671
"Windows x86-64","Clang 21.1.0 ","-std=c11 -O3 -Wall -Wextra -Wpedantic","sensor_monitor","event_incremental","all_change",1024,9,20000,0,1950.790,1600,2000,2400,170200,512612.839,80.096,7083.845,20000,46,2,8,1024,0,1024,13055857413782789671
"Windows x86-64","Clang 21.1.0 ","-std=c11 -O3 -Wall -Wextra -Wpedantic","sensor_monitor","periodic_recompute","all_change",1024,9,20000,0,3374.565,1900,2400,3800,162500,296334.491,69.453,7275.220,20000,79,1,0,1024,0,1024,13055857413782789671
"Windows x86-64","Clang 21.1.0 ","-std=c11 -O3 -Wall -Wextra -Wpedantic","sensor_monitor","periodic_recompute","all_change",1024,10,20000,0,2747.110,1900,2100,9800,6341800,364018.914,85.317,7171.937,20000,195,46,0,1024,0,1024,13055857413782789671
"Windows x86-64","Clang 21.1.0 ","-std=c11 -O3 -Wall -Wextra -Wpedantic","sensor_monitor","event_incremental","all_change",1024,10,20000,0,2307.570,1700,2100,3900,6899700,433356.301,67.712,6716.682,20000,148,31,8,1024,0,1024,13055857413782789671
"Windows x86-64","Clang 21.1.0 ","-std=c11 -O3 -Wall -Wextra -Wpedantic","sensor_monitor","event_incremental","all_change",1024,11,20000,0,4228.670,1700,2000,10800,6687500,236480.974,55.425,7314.952,20000,218,28,8,1024,0,1024,13055857413782789671
"Windows x86-64","Clang 21.1.0 ","-std=c11 -O3 -Wall -Wextra -Wpedantic","sensor_monitor","periodic_recompute","all_change",1024,11,20000,0,3581.450,1800,2100,5800,6270300,279216.518,65.441,7515.052,20000,158,25,0,1024,0,1024,13055857413782789671
"Windows x86-64","Clang 21.1.0 ","-std=c11 -O3 -Wall -Wextra -Wpedantic","sensor_monitor","event_incremental","no_change",4096,1,20000,0,2.724,0,100,100,34800,367073277.315,97.543,7.271,13,3,0,8,4096,0,0,5245127393368204627
"Windows x86-64","Clang 21.1.0 ","-std=c11 -O3 -Wall -Wextra -Wpedantic","sensor_monitor","periodic_recompute","no_change",4096,1,20000,0,1675.485,1600,1800,3100,1317200,596842.108,93.257,6208.496,20000,75,14,0,4096,0,4096,5245127393368204627
"Windows x86-64","Clang 21.1.0 ","-std=c11 -O3 -Wall -Wextra -Wpedantic","sensor_monitor","periodic_recompute","no_change",4096,2,20000,0,1500.290,1700,2000,2200,139300,666537.803,104.147,5479.273,20000,26,1,0,4096,0,4096,5245127393368204627
"Windows x86-64","Clang 21.1.0 ","-std=c11 -O3 -Wall -Wextra -Wpedantic","sensor_monitor","event_incremental","no_change",4096,2,20000,0,1.336,0,100,100,9400,748344370.861,172.461,5.062,1,0,0,8,4096,0,0,5245127393368204627
"Windows x86-64","Clang 21.1.0 ","-std=c11 -O3 -Wall -Wextra -Wpedantic","sensor_monitor","event_incremental","no_change",4096,3,20000,0,1.424,0,100,100,9400,702020082.507,123.248,5.342,1,0,0,8,4096,0,0,5245127393368204627
"Windows x86-64","Clang 21.1.0 ","-std=c11 -O3 -Wall -Wextra -Wpedantic","sensor_monitor","periodic_recompute","no_change",4096,3,20000,0,1670.080,1400,1700,2000,26600,598773.711,140.338,6294.521,20000,16,0,0,4096,0,4096,5245127393368204627
"Windows x86-64","Clang 21.1.0 ","-std=c11 -O3 -Wall -Wextra -Wpedantic","sensor_monitor","periodic_recompute","no_change",4096,4,20000,0,1543.420,1400,1800,1900,210200,647911.780,101.236,5785.672,20000,37,4,0,4096,0,4096,5245127393368204627
"Windows x86-64","Clang 21.1.0 ","-std=c11 -O3 -Wall -Wextra -Wpedantic","sensor_monitor","event_incremental","no_change",4096,4,20000,0,1.768,0,100,100,100,565588644.237,0.000,6.680,0,0,0,8,4096,0,0,5245127393368204627
"Windows x86-64","Clang 21.1.0 ","-std=c11 -O3 -Wall -Wextra -Wpedantic","sensor_monitor","event_incremental","no_change",4096,5,20000,0,1.489,0,100,100,400,671598799.309,118.439,5.632,0,0,0,8,4096,0,0,5245127393368204627
"Windows x86-64","Clang 21.1.0 ","-std=c11 -O3 -Wall -Wextra -Wpedantic","sensor_monitor","periodic_recompute","no_change",4096,5,20000,0,1508.040,1600,1900,2200,101700,663112.384,103.611,5693.103,20000,31,1,0,4096,0,4096,5245127393368204627
"Windows x86-64","Clang 21.1.0 ","-std=c11 -O3 -Wall -Wextra -Wpedantic","sensor_monitor","periodic_recompute","no_change",4096,6,20000,0,1978.500,1600,2000,2300,64300,505433.409,78.974,7184.511,20000,56,0,0,4096,0,4096,5245127393368204627
"Windows x86-64","Clang 21.1.0 ","-std=c11 -O3 -Wall -Wextra -Wpedantic","sensor_monitor","event_incremental","no_change",4096,6,20000,0,1.979,0,100,100,10000,505357961.890,0.000,7.259,1,0,0,8,4096,0,0,5245127393368204627
"Windows x86-64","Clang 21.1.0 ","-std=c11 -O3 -Wall -Wextra -Wpedantic","sensor_monitor","event_incremental","no_change",4096,7,20000,0,2.134,0,100,100,80000,468634840.289,108.641,7.526,2,2,0,8,4096,0,0,5245127393368204627
"Windows x86-64","Clang 21.1.0 ","-std=c11 -O3 -Wall -Wextra -Wpedantic","sensor_monitor","periodic_recompute","no_change",4096,7,20000,0,2324.605,1700,2100,3300,270200,430180.611,33.608,6338.577,20000,135,14,0,4096,0,4096,5245127393368204627
"Windows x86-64","Clang 21.1.0 ","-std=c11 -O3 -Wall -Wextra -Wpedantic","sensor_monitor","periodic_recompute","no_change",4096,8,20000,0,2877.395,1700,2100,16600,18699300,347536.574,54.303,6314.643,20000,276,54,0,4096,0,4096,5245127393368204627
"Windows x86-64","Clang 21.1.0 ","-std=c11 -O3 -Wall -Wextra -Wpedantic","sensor_monitor","event_incremental","no_change",4096,8,20000,0,2.690,0,100,100,6000,371759478.217,85.928,7.366,11,0,0,8,4096,0,0,5245127393368204627
"Windows x86-64","Clang 21.1.0 ","-std=c11 -O3 -Wall -Wextra -Wpedantic","sensor_monitor","event_incremental","no_change",4096,9,20000,0,5.069,0,100,100,54700,197263212.326,49.874,7.463,5,1,0,8,4096,0,0,5245127393368204627
"Windows x86-64","Clang 21.1.0 ","-std=c11 -O3 -Wall -Wextra -Wpedantic","sensor_monitor","periodic_recompute","no_change",4096,9,20000,0,2570.720,1600,2000,6700,2058400,388996.079,91.171,6555.974,20000,152,17,0,4096,0,4096,5245127393368204627
"Windows x86-64","Clang 21.1.0 ","-std=c11 -O3 -Wall -Wextra -Wpedantic","sensor_monitor","periodic_recompute","no_change",4096,10,20000,0,2714.275,1700,2100,5400,6409700,368422.507,115.132,6131.802,20000,136,14,0,4096,0,4096,5245127393368204627
"Windows x86-64","Clang 21.1.0 ","-std=c11 -O3 -Wall -Wextra -Wpedantic","sensor_monitor","event_incremental","no_change",4096,10,20000,0,6.312,0,100,100,273100,158417836.841,43.733,7.959,5,4,1,8,4096,0,0,5245127393368204627
"Windows x86-64","Clang 21.1.0 ","-std=c11 -O3 -Wall -Wextra -Wpedantic","sensor_monitor","event_incremental","no_change",4096,11,20000,0,6.979,0,100,100,46800,143293352.226,31.183,7.795,10,4,0,8,4096,0,0,5245127393368204627
"Windows x86-64","Clang 21.1.0 ","-std=c11 -O3 -Wall -Wextra -Wpedantic","sensor_monitor","periodic_recompute","no_change",4096,11,20000,0,1531.445,1800,2200,2600,2634000,652978.070,102.028,5734.087,20000,114,18,0,4096,0,4096,5245127393368204627
"Windows x86-64","Clang 21.1.0 ","-std=c11 -O3 -Wall -Wextra -Wpedantic","sensor_monitor","event_incremental","one_percent",4096,1,20000,0,61.222,100,100,100,105700,16334030.933,159.512,230.529,4,1,1,8,4096,0,40,14404746904373597027
"Windows x86-64","Clang 21.1.0 ","-std=c11 -O3 -Wall -Wextra -Wpedantic","sensor_monitor","periodic_recompute","one_percent",4096,1,20000,0,1572.695,1700,2000,2200,49500,635851.198,149.028,5937.088,20000,47,0,0,4096,0,4096,14404746904373597027
"Windows x86-64","Clang 21.1.0 ","-std=c11 -O3 -Wall -Wextra -Wpedantic","sensor_monitor","periodic_recompute","one_percent",4096,2,20000,0,1410.540,1300,1900,2000,16900,708948.346,110.773,5333.565,20000,7,0,0,4096,0,4096,14404746904373597027
"Windows x86-64","Clang 21.1.0 ","-std=c11 -O3 -Wall -Wextra -Wpedantic","sensor_monitor","event_incremental","one_percent",4096,2,20000,0,67.047,100,100,100,11800,14914938.243,145.654,253.235,8,1,0,8,4096,0,40,14404746904373597027
"Windows x86-64","Clang 21.1.0 ","-std=c11 -O3 -Wall -Wextra -Wpedantic","sensor_monitor","event_incremental","one_percent",4096,3,20000,0,63.762,100,100,100,700,15683404.344,136.141,240.284,0,0,0,8,4096,0,40,14404746904373597027
"Windows x86-64","Clang 21.1.0 ","-std=c11 -O3 -Wall -Wextra -Wpedantic","sensor_monitor","periodic_recompute","one_percent",4096,3,20000,0,1866.945,1500,1900,2200,293900,535634.419,125.539,6260.764,20000,32,2,0,4096,0,4096,14404746904373597027
"Windows x86-64","Clang 21.1.0 ","-std=c11 -O3 -Wall -Wextra -Wpedantic","sensor_monitor","periodic_recompute","one_percent",4096,4,20000,0,1757.420,1600,2000,2300,505900,569015.944,133.363,6354.299,20000,36,2,0,4096,0,4096,14404746904373597027
"Windows x86-64","Clang 21.1.0 ","-std=c11 -O3 -Wall -Wextra -Wpedantic","sensor_monitor","event_incremental","one_percent",4096,4,20000,0,78.014,100,100,200,212100,12818165.171,143.060,281.376,42,5,1,8,4096,0,40,14404746904373597027
"Windows x86-64","Clang 21.1.0 ","-std=c11 -O3 -Wall -Wextra -Wpedantic","sensor_monitor","event_incremental","one_percent",4096,5,20000,0,86.771,100,100,200,21900,11524625.655,128.623,284.900,8,4,0,8,4096,0,40,14404746904373597027
"Windows x86-64","Clang 21.1.0 ","-std=c11 -O3 -Wall -Wextra -Wpedantic","sensor_monitor","periodic_recompute","one_percent",4096,5,20000,0,1906.645,1900,2400,3900,680900,524481.484,81.950,6344.039,20000,153,15,0,4096,0,4096,14404746904373597027
"Windows x86-64","Clang 21.1.0 ","-std=c11 -O3 -Wall -Wextra -Wpedantic","sensor_monitor","periodic_recompute","one_percent",4096,6,20000,0,2848.765,1600,1900,8400,1000000,351029.306,27.424,6980.352,20000,165,20,0,4096,0,4096,14404746904373597027
"Windows x86-64","Clang 21.1.0 ","-std=c11 -O3 -Wall -Wextra -Wpedantic","sensor_monitor","event_incremental","one_percent",4096,6,20000,0,93.604,100,100,200,311700,10683304.132,0.000,273.798,20,9,2,8,4096,0,40,14404746904373597027
"Windows x86-64","Clang 21.1.0 ","-std=c11 -O3 -Wall -Wextra -Wpedantic","sensor_monitor","event_incremental","one_percent",4096,7,20000,0,78.007,100,100,200,819100,12819362.365,0.000,259.995,16,11,4,8,4096,0,40,14404746904373597027
"Windows x86-64","Clang 21.1.0 ","-std=c11 -O3 -Wall -Wextra -Wpedantic","sensor_monitor","periodic_recompute","one_percent",4096,7,20000,0,2032.480,1600,2100,2700,107900,492009.761,76.877,6430.026,20000,78,2,0,4096,0,4096,14404746904373597027
"Windows x86-64","Clang 21.1.0 ","-std=c11 -O3 -Wall -Wextra -Wpedantic","sensor_monitor","periodic_recompute","one_percent",4096,8,20000,0,2475.095,1700,2100,8400,1117000,404024.896,63.129,6782.073,20000,184,39,0,4096,0,4096,14404746904373597027
"Windows x86-64","Clang 21.1.0 ","-std=c11 -O3 -Wall -Wextra -Wpedantic","sensor_monitor","event_incremental","one_percent",4096,8,20000,0,106.345,100,100,200,1043100,9403356.998,0.000,267.757,14,12,3,8,4096,0,40,14404746904373597027
"Windows x86-64","Clang 21.1.0 ","-std=c11 -O3 -Wall -Wextra -Wpedantic","sensor_monitor","event_incremental","one_percent",4096,9,20000,0,98.249,100,100,200,246800,10178220.643,159.035,259.327,17,5,2,8,4096,0,40,14404746904373597027
"Windows x86-64","Clang 21.1.0 ","-std=c11 -O3 -Wall -Wextra -Wpedantic","sensor_monitor","periodic_recompute","one_percent",4096,9,20000,0,2028.580,1700,2200,12700,1335100,492955.664,115.536,6400.232,20000,249,39,0,4096,0,4096,14404746904373597027
"Windows x86-64","Clang 21.1.0 ","-std=c11 -O3 -Wall -Wextra -Wpedantic","sensor_monitor","periodic_recompute","one_percent",4096,10,20000,0,1641.750,1600,1900,3000,128900,609106.137,142.759,6180.561,20000,39,1,0,4096,0,4096,14404746904373597027
"Windows x86-64","Clang 21.1.0 ","-std=c11 -O3 -Wall -Wextra -Wpedantic","sensor_monitor","event_incremental","one_percent",4096,10,20000,0,61.293,100,100,100,13100,16315043.490,0.000,230.816,9,2,0,8,4096,0,40,14404746904373597027
"Windows x86-64","Clang 21.1.0 ","-std=c11 -O3 -Wall -Wextra -Wpedantic","sensor_monitor","event_incremental","one_percent",4096,11,20000,0,60.346,100,100,200,800,16571076.107,0.000,227.740,0,0,0,8,4096,0,40,14404746904373597027
"Windows x86-64","Clang 21.1.0 ","-std=c11 -O3 -Wall -Wextra -Wpedantic","sensor_monitor","periodic_recompute","one_percent",4096,11,20000,0,1510.010,1300,1800,2000,15800,662247.270,103.476,5704.881,20000,4,0,0,4096,0,4096,14404746904373597027
"Windows x86-64","Clang 21.1.0 ","-std=c11 -O3 -Wall -Wextra -Wpedantic","sensor_monitor","event_incremental","all_change",4096,1,20000,0,8091.045,6000,7400,8200,187400,123593.430,96.557,28029.606,20000,142,5,8,4096,0,4096,16094220416568698924
"Windows x86-64","Clang 21.1.0 ","-std=c11 -O3 -Wall -Wextra -Wpedantic","sensor_monitor","periodic_recompute","all_change",4096,1,20000,0,16752.515,7400,12700,68700,11006100,59692.530,55.962,29922.084,20000,1162,149,0,4096,0,4096,16094220416568698924
"Windows x86-64","Clang 21.1.0 ","-std=c11 -O3 -Wall -Wextra -Wpedantic","sensor_monitor","periodic_recompute","all_change",4096,2,20000,0,7385.600,7400,15000,95700,5271500,135398.614,105.780,27592.634,20000,1238,196,0,4096,0,4096,16094220416568698924
"Windows x86-64","Clang 21.1.0 ","-std=c11 -O3 -Wall -Wextra -Wpedantic","sensor_monitor","event_incremental","all_change",4096,2,20000,0,11485.345,7000,9400,39400,2085900,87067.476,68.021,27588.082,20000,873,69,8,4096,0,4096,16094220416568698924
"Windows x86-64","Clang 21.1.0 ","-std=c11 -O3 -Wall -Wextra -Wpedantic","sensor_monitor","event_incremental","all_change",4096,3,20000,0,6443.680,6700,8300,38000,3232100,155190.823,96.994,24358.608,20000,801,73,8,4096,0,4096,16094220416568698924
"Windows x86-64","Clang 21.1.0 ","-std=c11 -O3 -Wall -Wextra -Wpedantic","sensor_monitor","periodic_recompute","all_change",4096,3,20000,0,7675.485,7100,7700,12800,665900,130284.927,91.607,28080.811,20000,281,1,0,4096,0,4096,16094220416568698924
"Windows x86-64","Clang 21.1.0 ","-std=c11 -O3 -Wall -Wextra -Wpedantic","sensor_monitor","periodic_recompute","all_change",4096,4,20000,0,13088.300,7800,13100,55100,18806400,76404.117,83.567,37690.983,20000,1213,131,0,4096,0,4096,16094220416568698924
"Windows x86-64","Clang 21.1.0 ","-std=c11 -O3 -Wall -Wextra -Wpedantic","sensor_monitor","event_incremental","all_change",4096,4,20000,0,7418.070,8700,14500,66600,12543800,134805.954,84.254,27595.763,20000,2465,144,8,4096,0,4096,16094220416568698924
"Windows x86-64","Clang 21.1.0 ","-std=c11 -O3 -Wall -Wextra -Wpedantic","sensor_monitor","event_incremental","all_change",4096,5,20000,0,10412.635,7500,9300,16100,532700,96037.170,75.029,32379.703,20000,492,13,8,4096,0,4096,16094220416568698924
"Windows x86-64","Clang 21.1.0 ","-std=c11 -O3 -Wall -Wextra -Wpedantic","sensor_monitor","periodic_recompute","all_change",4096,5,20000,0,9788.525,8400,15200,80000,8700200,102160.438,63.850,33995.806,20000,1410,160,0,4096,0,4096,16094220416568698924
"Windows x86-64","Clang 21.1.0 ","-std=c11 -O3 -Wall -Wextra -Wpedantic","sensor_monitor","periodic_recompute","all_change",4096,6,20000,0,8316.495,7500,9400,11800,189600,120242.963,93.940,31033.757,20000,442,5,0,4096,0,4096,16094220416568698924
"Windows x86-64","Clang 21.1.0 ","-std=c11 -O3 -Wall -Wextra -Wpedantic","sensor_monitor","event_incremental","all_change",4096,6,20000,0,20280.780,8600,11400,45900,1616700,49307.768,42.374,34096.509,20000,2635,104,8,4096,0,4096,16094220416568698924
"Windows x86-64","Clang 21.1.0 ","-std=c11 -O3 -Wall -Wextra -Wpedantic","sensor_monitor","event_incremental","all_change",4096,7,20000,0,7843.975,8500,13500,72600,13536100,127486.383,109.559,28360.868,20000,1920,165,8,4096,0,4096,16094220416568698924
"Windows x86-64","Clang 21.1.0 ","-std=c11 -O3 -Wall -Wextra -Wpedantic","sensor_monitor","periodic_recompute","all_change",4096,7,20000,0,10300.140,8000,9200,14000,1909000,97086.059,68.264,35187.660,20000,450,4,0,4096,0,4096,16094220416568698924
"Windows x86-64","Clang 21.1.0 ","-std=c11 -O3 -Wall -Wextra -Wpedantic","sensor_monitor","periodic_recompute","all_change",4096,8,20000,0,7581.005,9400,15000,70700,4569200,131908.632,92.748,28248.462,20000,3858,152,0,4096,0,4096,16094220416568698924
"Windows x86-64","Clang 21.1.0 ","-std=c11 -O3 -Wall -Wextra -Wpedantic","sensor_monitor","event_incremental","all_change",4096,8,20000,0,10981.750,6700,7900,9200,88800,91060.168,78.255,34582.564,20000,163,0,8,4096,0,4096,16094220416568698924
"Windows x86-64","Clang 21.1.0 ","-std=c11 -O3 -Wall -Wextra -Wpedantic","sensor_monitor","event_incremental","all_change",4096,9,20000,0,16478.355,8400,10700,58600,9966500,60685.669,61.634,33706.020,20000,1450,137,8,4096,0,4096,16094220416568698924
"Windows x86-64","Clang 21.1.0 ","-std=c11 -O3 -Wall -Wextra -Wpedantic","sensor_monitor","periodic_recompute","all_change",4096,9,20000,0,7963.300,9300,12900,73700,5457100,125576.080,98.106,30028.195,20000,4127,149,0,4096,0,4096,16094220416568698924
"Windows x86-64","Clang 21.1.0 ","-std=c11 -O3 -Wall -Wextra -Wpedantic","sensor_monitor","periodic_recompute","all_change",4096,10,20000,0,11931.335,7800,8800,14100,2890200,83812.918,91.670,37530.674,20000,439,12,0,4096,0,4096,16094220416568698924
"Windows x86-64","Clang 21.1.0 ","-std=c11 -O3 -Wall -Wextra -Wpedantic","sensor_monitor","event_incremental","all_change",4096,10,20000,0,12225.840,8600,14500,107700,15876700,81793.971,70.292,33257.593,20000,2532,210,8,4096,0,4096,16094220416568698924
"Windows x86-64","Clang 21.1.0 ","-std=c11 -O3 -Wall -Wextra -Wpedantic","sensor_monitor","event_incremental","all_change",4096,11,20000,0,6501.840,8500,11100,34500,5090800,153802.616,96.127,24496.730,20000,2007,67,8,4096,0,4096,16094220416568698924
"Windows x86-64","Clang 21.1.0 ","-std=c11 -O3 -Wall -Wextra -Wpedantic","sensor_monitor","periodic_recompute","all_change",4096,11,20000,0,13513.475,7500,8100,11100,1150400,74000.211,63.594,35008.935,20000,234,3,0,4096,0,4096,16094220416568698924
"Windows x86-64","Clang 21.1.0 ","-std=c11 -O3 -Wall -Wextra -Wpedantic","game_tick_motion","hidden_stateful","entities_64",1,1,31250,0,470.421,200,200,300,1283300,2125756.344,0.000,606.716,37,18,8,1536,0,0,2304,14934379022666874208
"Windows x86-64","Clang 21.1.0 ","-std=c11 -O3 -Wall -Wextra -Wpedantic","game_tick_motion","explicit_stateful","entities_64",1,1,31250,0,238.298,200,200,300,946500,4196433.367,0.000,597.285,99,42,9,1536,0,0,2304,14934379022666874208
"Windows x86-64","Clang 21.1.0 ","-std=c11 -O3 -Wall -Wextra -Wpedantic","game_tick_motion","stateless_replay","entities_64",1,1,31250,0,211.907,200,200,300,6437000,4719046.828,117.976,614.660,55,13,4,0,2304,1536,3840,14934379022666874208
"Windows x86-64","Clang 21.1.0 ","-std=c11 -O3 -Wall -Wextra -Wpedantic","game_tick_motion","explicit_stateful","entities_64",1,2,31250,0,399.131,200,200,300,747900,2505441.820,62.636,654.933,28,14,3,1536,0,0,2304,14934379022666874208
"Windows x86-64","Clang 21.1.0 ","-std=c11 -O3 -Wall -Wextra -Wpedantic","game_tick_motion","stateless_replay","entities_64",1,2,31250,0,415.808,200,300,300,407200,2404956.134,0.000,660.838,35,19,3,0,2304,1536,3840,14934379022666874208
"Windows x86-64","Clang 21.1.0 ","-std=c11 -O3 -Wall -Wextra -Wpedantic","game_tick_motion","hidden_stateful","entities_64",1,2,31250,0,198.342,200,300,300,287200,5041786.325,0.000,721.617,69,24,3,1536,0,0,2304,14934379022666874208
"Windows x86-64","Clang 21.1.0 ","-std=c11 -O3 -Wall -Wextra -Wpedantic","game_tick_motion","stateless_replay","entities_64",1,3,31250,0,309.405,200,300,300,169000,3232011.914,0.000,641.126,27,12,1,0,2304,1536,3840,14934379022666874208
"Windows x86-64","Clang 21.1.0 ","-std=c11 -O3 -Wall -Wextra -Wpedantic","game_tick_motion","hidden_stateful","entities_64",1,3,31250,0,261.984,200,200,300,1259700,3817026.994,95.426,643.693,47,14,3,1536,0,0,2304,14934379022666874208
"Windows x86-64","Clang 21.1.0 ","-std=c11 -O3 -Wall -Wextra -Wpedantic","game_tick_motion","explicit_stateful","entities_64",1,3,31250,0,275.653,200,200,300,114600,3627752.013,90.694,632.047,70,37,2,1536,0,0,2304,14934379022666874208
"Windows x86-64","Clang 21.1.0 ","-std=c11 -O3 -Wall -Wextra -Wpedantic","game_tick_motion","hidden_stateful","entities_64",1,4,31250,0,296.960,200,300,300,524000,3367456.897,168.373,658.052,68,29,3,1536,0,0,2304,14934379022666874208
"Windows x86-64","Clang 21.1.0 ","-std=c11 -O3 -Wall -Wextra -Wpedantic","game_tick_motion","explicit_stateful","entities_64",1,4,31250,0,218.397,200,300,300,971900,4578821.668,0.000,634.481,41,21,10,1536,0,0,2304,14934379022666874208
"Windows x86-64","Clang 21.1.0 ","-std=c11 -O3 -Wall -Wextra -Wpedantic","game_tick_motion","stateless_replay","entities_64",1,4,31250,0,218.402,200,200,300,4058400,4578721.035,0.000,619.248,52,17,1,0,2304,1536,3840,14934379022666874208
"Windows x86-64","Clang 21.1.0 ","-std=c11 -O3 -Wall -Wextra -Wpedantic","game_tick_motion","explicit_stateful","entities_64",1,5,31250,0,557.774,200,200,300,148200,1792839.542,0.000,658.004,55,27,1,1536,0,0,2304,14934379022666874208
"Windows x86-64","Clang 21.1.0 ","-std=c11 -O3 -Wall -Wextra -Wpedantic","game_tick_motion","stateless_replay","entities_64",1,5,31250,0,312.755,200,300,300,788300,3197388.884,0.000,630.755,43,15,4,0,2304,1536,3840,14934379022666874208
"Windows x86-64","Clang 21.1.0 ","-std=c11 -O3 -Wall -Wextra -Wpedantic","game_tick_motion","hidden_stateful","entities_64",1,5,31250,0,407.779,200,200,300,531100,2452307.523,122.615,634.809,50,24,3,1536,0,0,2304,14934379022666874208
"Windows x86-64","Clang 21.1.0 ","-std=c11 -O3 -Wall -Wextra -Wpedantic","game_tick_motion","stateless_replay","entities_64",1,6,31250,0,184.686,200,200,300,177100,5414583.857,0.000,593.777,35,10,1,0,2304,1536,3840,14934379022666874208
"Windows x86-64","Clang 21.1.0 ","-std=c11 -O3 -Wall -Wextra -Wpedantic","game_tick_motion","hidden_stateful","entities_64",1,6,31250,0,670.795,200,200,300,560100,1490767.972,37.269,634.845,24,10,3,1536,0,0,2304,14934379022666874208
"Windows x86-64","Clang 21.1.0 ","-std=c11 -O3 -Wall -Wextra -Wpedantic","game_tick_motion","explicit_stateful","entities_64",1,6,31250,0,191.734,200,300,300,1575600,5215548.175,0.000,635.610,51,31,10,1536,0,0,2304,14934379022666874208
"Windows x86-64","Clang 21.1.0 ","-std=c11 -O3 -Wall -Wextra -Wpedantic","game_tick_motion","hidden_stateful","entities_64",1,7,31250,0,215.298,200,200,300,3194400,4644733.615,0.000,607.262,34,22,5,1536,0,0,2304,14934379022666874208
"Windows x86-64","Clang 21.1.0 ","-std=c11 -O3 -Wall -Wextra -Wpedantic","game_tick_motion","explicit_stateful","entities_64",1,7,31250,0,192.747,200,200,300,53000,5188142.811,0.000,570.637,17,7,0,1536,0,0,2304,14934379022666874208
"Windows x86-64","Clang 21.1.0 ","-std=c11 -O3 -Wall -Wextra -Wpedantic","game_tick_motion","stateless_replay","entities_64",1,7,31250,0,186.968,200,200,300,384700,5348508.836,0.000,565.224,38,17,6,0,2304,1536,3840,14934379022666874208
"Windows x86-64","Clang 21.1.0 ","-std=c11 -O3 -Wall -Wextra -Wpedantic","game_tick_motion","explicit_stateful","entities_64",1,8,31250,0,260.670,200,200,200,44200,3836262.192,0.000,623.600,17,7,0,1536,0,0,2304,14934379022666874208
"Windows x86-64","Clang 21.1.0 ","-std=c11 -O3 -Wall -Wextra -Wpedantic","game_tick_motion","stateless_replay","entities_64",1,8,31250,0,513.936,200,200,300,3239800,1945767.566,97.288,643.706,84,39,19,0,2304,1536,3840,14934379022666874208
"Windows x86-64","Clang 21.1.0 ","-std=c11 -O3 -Wall -Wextra -Wpedantic","game_tick_motion","hidden_stateful","entities_64",1,8,31250,0,279.557,200,300,300,1054000,3577090.595,0.000,697.178,72,31,6,1536,0,0,2304,14934379022666874208
"Windows x86-64","Clang 21.1.0 ","-std=c11 -O3 -Wall -Wextra -Wpedantic","game_tick_motion","stateless_replay","entities_64",1,9,31250,0,179.978,200,300,300,37800,5556247.000,138.906,622.798,25,19,0,0,2304,1536,3840,14934379022666874208
"Windows x86-64","Clang 21.1.0 ","-std=c11 -O3 -Wall -Wextra -Wpedantic","game_tick_motion","hidden_stateful","entities_64",1,9,31250,0,186.730,200,200,300,68900,5355337.343,133.883,628.412,31,12,0,1536,0,0,2304,14934379022666874208
"Windows x86-64","Clang 21.1.0 ","-std=c11 -O3 -Wall -Wextra -Wpedantic","game_tick_motion","explicit_stateful","entities_64",1,9,31250,0,184.611,200,200,300,218900,5416789.447,0.000,602.759,37,18,2,1536,0,0,2304,14934379022666874208
"Windows x86-64","Clang 21.1.0 ","-std=c11 -O3 -Wall -Wextra -Wpedantic","game_tick_motion","hidden_stateful","entities_64",1,10,31250,0,208.032,200,200,300,1152300,4806952.776,120.174,656.832,32,20,3,1536,0,0,2304,14934379022666874208
"Windows x86-64","Clang 21.1.0 ","-std=c11 -O3 -Wall -Wextra -Wpedantic","game_tick_motion","explicit_stateful","entities_64",1,10,31250,0,169.539,200,300,300,410000,5898340.915,0.000,605.405,50,33,6,1536,0,0,2304,14934379022666874208
"Windows x86-64","Clang 21.1.0 ","-std=c11 -O3 -Wall -Wextra -Wpedantic","game_tick_motion","stateless_replay","entities_64",1,10,31250,0,136.705,200,300,2000,57000,7315017.829,121.917,514.387,701,13,0,0,2304,1536,3840,14934379022666874208
"Windows x86-64","Clang 21.1.0 ","-std=c11 -O3 -Wall -Wextra -Wpedantic","game_tick_motion","explicit_stateful","entities_64",1,11,31250,0,154.896,200,200,300,24500,6455944.634,107.599,569.314,65,4,0,1536,0,0,2304,14934379022666874208
"Windows x86-64","Clang 21.1.0 ","-std=c11 -O3 -Wall -Wextra -Wpedantic","game_tick_motion","stateless_replay","entities_64",1,11,31250,0,148.353,200,200,300,70500,6740676.297,112.345,557.241,22,6,0,0,2304,1536,3840,14934379022666874208
"Windows x86-64","Clang 21.1.0 ","-std=c11 -O3 -Wall -Wextra -Wpedantic","game_tick_motion","hidden_stateful","entities_64",1,11,31250,0,158.181,200,200,300,27600,6321858.458,105.364,595.997,18,5,0,1536,0,0,2304,14934379022666874208
"Windows x86-64","Clang 21.1.0 ","-std=c11 -O3 -Wall -Wextra -Wpedantic","game_tick_motion","hidden_stateful","entities_64",4,1,15628,0,131.099,200,200,200,121300,7627805.273,152.527,494.600,6,4,1,1536,0,0,2304,6042977284240043509
"Windows x86-64","Clang 21.1.0 ","-std=c11 -O3 -Wall -Wextra -Wpedantic","game_tick_motion","explicit_stateful","entities_64",4,1,15628,0,133.030,200,200,200,28500,7517075.517,150.313,500.337,13,2,0,1536,0,0,2304,6042977284240043509
"Windows x86-64","Clang 21.1.0 ","-std=c11 -O3 -Wall -Wextra -Wpedantic","game_tick_motion","stateless_replay","entities_64",4,1,15628,0,322.891,300,600,600,16600,3097024.785,103.214,1218.964,11,4,0,0,4608,1536,7296,6042977284240043509
"Windows x86-64","Clang 21.1.0 ","-std=c11 -O3 -Wall -Wextra -Wpedantic","game_tick_motion","explicit_stateful","entities_64",4,2,15628,0,129.123,200,200,200,24100,7744531.552,154.861,487.474,11,1,0,1536,0,0,2304,6042977284240043509
"Windows x86-64","Clang 21.1.0 ","-std=c11 -O3 -Wall -Wextra -Wpedantic","game_tick_motion","stateless_replay","entities_64",4,2,15628,0,266.161,300,600,700,19700,3757122.136,125.213,1004.477,10,2,0,0,4608,1536,7296,6042977284240043509
"Windows x86-64","Clang 21.1.0 ","-std=c11 -O3 -Wall -Wextra -Wpedantic","game_tick_motion","hidden_stateful","entities_64",4,2,15628,0,100.016,100,200,200,8000,9998446.254,142.808,378.981,1,0,0,1536,0,0,2304,6042977284240043509
"Windows x86-64","Clang 21.1.0 ","-std=c11 -O3 -Wall -Wextra -Wpedantic","game_tick_motion","stateless_replay","entities_64",4,3,15628,0,271.801,400,600,700,8800,3679167.549,122.615,1028.351,4,0,0,0,4608,1536,7296,6042977284240043509
"Windows x86-64","Clang 21.1.0 ","-std=c11 -O3 -Wall -Wextra -Wpedantic","game_tick_motion","hidden_stateful","entities_64",4,3,15628,0,107.442,100,200,200,8200,9307367.042,155.093,406.985,1,0,0,1536,0,0,2304,6042977284240043509
"Windows x86-64","Clang 21.1.0 ","-std=c11 -O3 -Wall -Wextra -Wpedantic","game_tick_motion","explicit_stateful","entities_64",4,3,15628,0,112.593,100,200,200,8400,8881563.992,126.855,426.222,1,0,0,1536,0,0,2304,6042977284240043509
"Windows x86-64","Clang 21.1.0 ","-std=c11 -O3 -Wall -Wextra -Wpedantic","game_tick_motion","hidden_stateful","entities_64",4,4,15628,0,136.597,100,200,200,4600,7320820.711,121.990,516.764,1,0,0,1536,0,0,2304,6042977284240043509
"Windows x86-64","Clang 21.1.0 ","-std=c11 -O3 -Wall -Wextra -Wpedantic","game_tick_motion","explicit_stateful","entities_64",4,4,15628,0,139.300,200,200,200,17900,7178752.216,143.547,527.331,1,1,0,1536,0,0,2304,6042977284240043509
"Windows x86-64","Clang 21.1.0 ","-std=c11 -O3 -Wall -Wextra -Wpedantic","game_tick_motion","stateless_replay","entities_64",4,4,15628,0,273.520,300,600,800,41300,3656043.108,121.845,1032.145,27,4,0,0,4608,1536,7296,6042977284240043509
"Windows x86-64","Clang 21.1.0 ","-std=c11 -O3 -Wall -Wextra -Wpedantic","game_tick_motion","explicit_stateful","entities_64",4,5,15628,0,145.878,200,200,200,12500,6855047.417,0.000,551.679,2,1,0,1536,0,0,2304,6042977284240043509
"Windows x86-64","Clang 21.1.0 ","-std=c11 -O3 -Wall -Wextra -Wpedantic","game_tick_motion","stateless_replay","entities_64",4,5,15628,0,326.403,300,500,600,7300,3063692.977,102.103,1227.078,3,0,0,0,4608,1536,7296,6042977284240043509
"Windows x86-64","Clang 21.1.0 ","-std=c11 -O3 -Wall -Wextra -Wpedantic","game_tick_motion","hidden_stateful","entities_64",4,5,15628,0,127.886,100,200,200,9000,7819473.632,130.300,482.939,2,0,0,1536,0,0,2304,6042977284240043509
"Windows x86-64","Clang 21.1.0 ","-std=c11 -O3 -Wall -Wextra -Wpedantic","game_tick_motion","stateless_replay","entities_64",4,6,15628,0,258.856,300,600,600,16200,3863153.211,0.000,978.612,5,3,0,0,4608,1536,7296,6042977284240043509
"Windows x86-64","Clang 21.1.0 ","-std=c11 -O3 -Wall -Wextra -Wpedantic","game_tick_motion","hidden_stateful","entities_64",4,6,15628,0,133.556,100,200,200,5300,7487491.872,106.944,504.571,3,0,0,1536,0,0,2304,6042977284240043509
"Windows x86-64","Clang 21.1.0 ","-std=c11 -O3 -Wall -Wextra -Wpedantic","game_tick_motion","explicit_stateful","entities_64",4,6,15628,0,135.201,100,200,300,12900,7396369.291,105.642,510.142,3,1,0,1536,0,0,2304,6042977284240043509
"Windows x86-64","Clang 21.1.0 ","-std=c11 -O3 -Wall -Wextra -Wpedantic","game_tick_motion","hidden_stateful","entities_64",4,7,15628,0,166.389,200,200,300,606900,6010029.535,120.178,553.922,26,21,4,1536,0,0,2304,6042977284240043509
"Windows x86-64","Clang 21.1.0 ","-std=c11 -O3 -Wall -Wextra -Wpedantic","game_tick_motion","explicit_stateful","entities_64",4,7,15628,0,197.225,200,200,300,21900,5070338.455,101.387,542.325,2,1,0,1536,0,0,2304,6042977284240043509
"Windows x86-64","Clang 21.1.0 ","-std=c11 -O3 -Wall -Wextra -Wpedantic","game_tick_motion","stateless_replay","entities_64",4,7,15628,0,533.968,400,600,700,3072100,1872771.829,93.621,1439.389,59,32,8,0,4608,1536,7296,6042977284240043509
"Windows x86-64","Clang 21.1.0 ","-std=c11 -O3 -Wall -Wextra -Wpedantic","game_tick_motion","explicit_stateful","entities_64",4,8,15628,0,218.187,200,200,300,38800,4583226.412,114.559,605.775,18,5,0,1536,0,0,2304,6042977284240043509
"Windows x86-64","Clang 21.1.0 ","-std=c11 -O3 -Wall -Wextra -Wpedantic","game_tick_motion","stateless_replay","entities_64",4,8,15628,0,406.610,400,700,800,203700,2459359.509,0.000,1388.821,62,25,3,0,4608,1536,7296,6042977284240043509
"Windows x86-64","Clang 21.1.0 ","-std=c11 -O3 -Wall -Wextra -Wpedantic","game_tick_motion","hidden_stateful","entities_64",4,8,15628,0,187.721,200,300,300,157600,5327061.390,0.000,585.842,15,11,1,1536,0,0,2304,6042977284240043509
"Windows x86-64","Clang 21.1.0 ","-std=c11 -O3 -Wall -Wextra -Wpedantic","game_tick_motion","stateless_replay","entities_64",4,9,15628,0,380.906,300,600,700,113500,2625319.178,131.241,1273.973,26,15,1,0,4608,1536,7296,6042977284240043509
"Windows x86-64","Clang 21.1.0 ","-std=c11 -O3 -Wall -Wextra -Wpedantic","game_tick_motion","hidden_stateful","entities_64",4,9,15628,0,147.204,200,200,300,59700,6793305.803,169.800,540.202,18,15,0,1536,0,0,2304,6042977284240043509
"Windows x86-64","Clang 21.1.0 ","-std=c11 -O3 -Wall -Wextra -Wpedantic","game_tick_motion","explicit_stateful","entities_64",4,9,15628,0,191.839,200,200,300,380700,5212704.215,104.234,519.132,7,7,2,1536,0,0,2304,6042977284240043509
"Windows x86-64","Clang 21.1.0 ","-std=c11 -O3 -Wall -Wextra -Wpedantic","game_tick_motion","hidden_stateful","entities_64",4,10,15628,0,241.814,200,200,300,174000,4135403.505,0.000,546.051,25,8,1,1536,0,0,2304,6042977284240043509
"Windows x86-64","Clang 21.1.0 ","-std=c11 -O3 -Wall -Wextra -Wpedantic","game_tick_motion","explicit_stateful","entities_64",4,10,15628,0,209.163,200,200,300,168400,4780959.373,0.000,539.398,7,5,1,1536,0,0,2304,6042977284240043509
"Windows x86-64","Clang 21.1.0 ","-std=c11 -O3 -Wall -Wextra -Wpedantic","game_tick_motion","stateless_replay","entities_64",4,10,15628,0,530.221,300,600,700,521300,1886004.610,94.282,1297.916,61,39,6,0,4608,1536,7296,6042977284240043509
"Windows x86-64","Clang 21.1.0 ","-std=c11 -O3 -Wall -Wextra -Wpedantic","game_tick_motion","explicit_stateful","entities_64",4,11,15628,0,224.962,200,200,300,2275000,4445202.947,0.000,508.613,66,46,12,1536,0,0,2304,6042977284240043509
"Windows x86-64","Clang 21.1.0 ","-std=c11 -O3 -Wall -Wextra -Wpedantic","game_tick_motion","stateless_replay","entities_64",4,11,15628,0,750.288,300,600,700,2686700,1332821.628,0.000,1387.984,58,36,18,0,4608,1536,7296,6042977284240043509
"Windows x86-64","Clang 21.1.0 ","-std=c11 -O3 -Wall -Wextra -Wpedantic","game_tick_motion","hidden_stateful","entities_64",4,11,15628,0,189.278,200,200,300,2131200,5283239.991,0.000,596.578,32,13,4,1536,0,0,2304,6042977284240043509
"Windows x86-64","Clang 21.1.0 ","-std=c11 -O3 -Wall -Wextra -Wpedantic","game_tick_motion","hidden_stateful","entities_64",16,1,3920,0,220.164,200,200,300,361700,4542077.605,106.498,585.781,5,5,2,1536,0,0,2304,11386909745780041317
"Windows x86-64","Clang 21.1.0 ","-std=c11 -O3 -Wall -Wextra -Wpedantic","game_tick_motion","explicit_stateful","entities_64",16,1,3920,0,322.046,200,200,300,241700,3105141.791,0.000,598.795,6,5,2,1536,0,0,2304,11386909745780041317
"Windows x86-64","Clang 21.1.0 ","-std=c11 -O3 -Wall -Wextra -Wpedantic","game_tick_motion","stateless_replay","entities_64",16,1,3920,0,1297.360,1100,2200,10600,1358000,770796.260,153.619,4296.056,2056,42,10,0,13824,1536,21120,11386909745780041317
"Windows x86-64","Clang 21.1.0 ","-std=c11 -O3 -Wall -Wextra -Wpedantic","game_tick_motion","explicit_stateful","entities_64",16,2,3920,0,165.642,200,300,300,600,6037106.827,141.551,570.441,0,0,0,1536,0,0,2304,11386909745780041317
"Windows x86-64","Clang 21.1.0 ","-std=c11 -O3 -Wall -Wextra -Wpedantic","game_tick_motion","stateless_replay","entities_64",16,2,3920,0,1049.422,1000,2000,2400,87300,952905.714,126.608,3919.885,1889,8,0,0,13824,1536,21120,11386909745780041317
"Windows x86-64","Clang 21.1.0 ","-std=c11 -O3 -Wall -Wextra -Wpedantic","game_tick_motion","hidden_stateful","entities_64",16,2,3920,0,145.459,100,200,200,18800,6874780.779,130.489,468.287,1,1,0,1536,0,0,2304,11386909745780041317
"Windows x86-64","Clang 21.1.0 ","-std=c11 -O3 -Wall -Wextra -Wpedantic","game_tick_motion","stateless_replay","entities_64",16,3,3920,0,1015.247,900,2000,2300,17100,984982.369,0.000,3795.097,1590,2,0,0,13824,1536,21120,11386909745780041317
"Windows x86-64","Clang 21.1.0 ","-std=c11 -O3 -Wall -Wextra -Wpedantic","game_tick_motion","hidden_stateful","entities_64",16,3,3920,0,148.426,100,200,300,27200,6737344.864,141.341,544.755,4,1,0,1536,0,0,2304,11386909745780041317
"Windows x86-64","Clang 21.1.0 ","-std=c11 -O3 -Wall -Wextra -Wpedantic","game_tick_motion","explicit_stateful","entities_64",16,3,3920,0,143.537,200,200,300,6000,6966824.645,154.275,513.254,6,0,0,1536,0,0,2304,11386909745780041317
"Windows x86-64","Clang 21.1.0 ","-std=c11 -O3 -Wall -Wextra -Wpedantic","game_tick_motion","hidden_stateful","entities_64",16,4,3920,0,158.145,200,200,300,16200,6323328.566,168.031,540.831,5,1,0,1536,0,0,2304,11386909745780041317
"Windows x86-64","Clang 21.1.0 ","-std=c11 -O3 -Wall -Wextra -Wpedantic","game_tick_motion","explicit_stateful","entities_64",16,4,3920,0,159.521,200,200,300,14300,6268768.102,0.000,541.513,4,1,0,1536,0,0,2304,11386909745780041317
"Windows x86-64","Clang 21.1.0 ","-std=c11 -O3 -Wall -Wextra -Wpedantic","game_tick_motion","stateless_replay","entities_64",16,4,3920,0,1384.298,1100,2100,2500,562700,722387.565,143.971,4542.795,2048,11,1,0,13824,1536,21120,11386909745780041317
"Windows x86-64","Clang 21.1.0 ","-std=c11 -O3 -Wall -Wextra -Wpedantic","game_tick_motion","explicit_stateful","entities_64",16,5,3920,0,160.027,200,200,300,36300,6248927.039,191.600,543.926,11,1,0,1536,0,0,2304,11386909745780041317
"Windows x86-64","Clang 21.1.0 ","-std=c11 -O3 -Wall -Wextra -Wpedantic","game_tick_motion","stateless_replay","entities_64",16,5,3920,0,1343.036,1000,2000,2900,87500,744581.838,148.394,4501.236,1831,14,0,0,13824,1536,21120,11386909745780041317
"Windows x86-64","Clang 21.1.0 ","-std=c11 -O3 -Wall -Wextra -Wpedantic","game_tick_motion","hidden_stateful","entities_64",16,5,3920,0,201.649,200,200,300,38700,4959122.033,123.543,573.746,7,4,0,1536,0,0,2304,11386909745780041317
"Windows x86-64","Clang 21.1.0 ","-std=c11 -O3 -Wall -Wextra -Wpedantic","game_tick_motion","stateless_replay","entities_64",16,6,3920,0,1497.891,1000,2100,3500,289300,667605.250,88.702,4445.776,1876,27,4,0,13824,1536,21120,11386909745780041317
"Windows x86-64","Clang 21.1.0 ","-std=c11 -O3 -Wall -Wextra -Wpedantic","game_tick_motion","hidden_stateful","entities_64",16,6,3920,0,200.516,200,200,300,800,4987128.061,116.933,583.123,0,0,0,1536,0,0,2304,11386909745780041317
"Windows x86-64","Clang 21.1.0 ","-std=c11 -O3 -Wall -Wextra -Wpedantic","game_tick_motion","explicit_stateful","entities_64",16,6,3920,0,187.236,200,200,300,98500,5340856.268,125.226,574.818,7,2,0,1536,0,0,2304,11386909745780041317
"Windows x86-64","Clang 21.1.0 ","-std=c11 -O3 -Wall -Wextra -Wpedantic","game_tick_motion","hidden_stateful","entities_64",16,7,3920,0,242.298,200,200,300,58100,4127155.702,0.000,579.213,3,2,0,1536,0,0,2304,11386909745780041317
"Windows x86-64","Clang 21.1.0 ","-std=c11 -O3 -Wall -Wextra -Wpedantic","game_tick_motion","explicit_stateful","entities_64",16,7,3920,0,217.156,200,200,300,73600,4604976.747,107.972,580.385,1,1,0,1536,0,0,2304,11386909745780041317
"Windows x86-64","Clang 21.1.0 ","-std=c11 -O3 -Wall -Wextra -Wpedantic","game_tick_motion","stateless_replay","entities_64",16,7,3920,0,2240.893,1100,2200,2600,139600,446250.697,88.937,4288.315,2125,17,1,0,13824,1536,21120,11386909745780041317
"Windows x86-64","Clang 21.1.0 ","-std=c11 -O3 -Wall -Wextra -Wpedantic","game_tick_motion","explicit_stateful","entities_64",16,8,3920,0,209.316,200,200,200,53600,4777465.475,119.018,549.810,2,1,0,1536,0,0,2304,11386909745780041317
"Windows x86-64","Clang 21.1.0 ","-std=c11 -O3 -Wall -Wextra -Wpedantic","game_tick_motion","stateless_replay","entities_64",16,8,3920,0,1414.413,1000,2000,2600,2848100,707006.944,93.937,4330.212,1951,19,4,0,13824,1536,21120,11386909745780041317
"Windows x86-64","Clang 21.1.0 ","-std=c11 -O3 -Wall -Wextra -Wpedantic","game_tick_motion","hidden_stateful","entities_64",16,8,3920,0,229.046,200,200,300,4700,4365942.504,102.368,590.658,6,0,0,1536,0,0,2304,11386909745780041317
"Windows x86-64","Clang 21.1.0 ","-std=c11 -O3 -Wall -Wextra -Wpedantic","game_tick_motion","stateless_replay","entities_64",16,9,3920,0,1325.961,1100,2300,2900,839600,754170.060,100.203,4305.345,2112,15,2,0,13824,1536,21120,11386909745780041317
"Windows x86-64","Clang 21.1.0 ","-std=c11 -O3 -Wall -Wextra -Wpedantic","game_tick_motion","hidden_stateful","entities_64",16,9,3920,0,378.494,200,200,300,54700,2642052.912,55.427,571.751,8,6,0,1536,0,0,2304,11386909745780041317
"Windows x86-64","Clang 21.1.0 ","-std=c11 -O3 -Wall -Wextra -Wpedantic","game_tick_motion","explicit_stateful","entities_64",16,9,3920,0,352.859,200,200,200,19500,2833991.023,94.135,562.862,2,2,0,1536,0,0,2304,11386909745780041317
"Windows x86-64","Clang 21.1.0 ","-std=c11 -O3 -Wall -Wextra -Wpedantic","game_tick_motion","hidden_stateful","entities_64",16,10,3920,0,529.668,200,200,300,73500,1887973.800,0.000,560.473,1,1,0,1536,0,0,2304,11386909745780041317
"Windows x86-64","Clang 21.1.0 ","-std=c11 -O3 -Wall -Wextra -Wpedantic","game_tick_motion","explicit_stateful","entities_64",16,10,3920,0,217.106,200,200,300,74300,4606036.190,131.139,555.936,3,2,0,1536,0,0,2304,11386909745780041317
"Windows x86-64","Clang 21.1.0 ","-std=c11 -O3 -Wall -Wextra -Wpedantic","game_tick_motion","stateless_replay","entities_64",16,10,3920,0,1535.446,1000,1900,2200,162400,651276.385,129.798,3984.633,1899,2,1,0,13824,1536,21120,11386909745780041317
"Windows x86-64","Clang 21.1.0 ","-std=c11 -O3 -Wall -Wextra -Wpedantic","game_tick_motion","explicit_stateful","entities_64",16,11,3920,0,165.027,200,200,200,7300,6059606.744,161.023,520.608,1,0,0,1536,0,0,2304,11386909745780041317
"Windows x86-64","Clang 21.1.0 ","-std=c11 -O3 -Wall -Wextra -Wpedantic","game_tick_motion","stateless_replay","entities_64",16,11,3920,0,1327.245,1100,2200,6000,719900,753440.455,100.106,4136.789,2070,33,10,0,13824,1536,21120,11386909745780041317
"Windows x86-64","Clang 21.1.0 ","-std=c11 -O3 -Wall -Wextra -Wpedantic","game_tick_motion","hidden_stateful","entities_64",16,11,3920,0,167.980,200,200,200,400,5953095.508,112.995,512.096,0,0,0,1536,0,0,2304,11386909745780041317
"Windows x86-64","Clang 21.1.0 ","-std=c11 -O3 -Wall -Wextra -Wpedantic","game_tick_motion","hidden_stateful","entities_64",64,1,1024,0,137.646,200,200,200,400,7265026.049,0.000,498.428,0,0,0,1536,0,0,2304,8367348781431229229
"Windows x86-64","Clang 21.1.0 ","-std=c11 -O3 -Wall -Wextra -Wpedantic","game_tick_motion","explicit_stateful","entities_64",64,1,1024,0,138.582,100,200,300,4300,7215919.805,155.079,520.797,3,0,0,1536,0,0,2304,8367348781431229229
"Windows x86-64","Clang 21.1.0 ","-std=c11 -O3 -Wall -Wextra -Wpedantic","game_tick_motion","stateless_replay","entities_64",64,1,1024,0,4168.620,3400,7500,8800,35800,239887.553,0.000,15644.520,882,4,0,0,50688,1536,76416,8367348781431229229
"Windows x86-64","Clang 21.1.0 ","-std=c11 -O3 -Wall -Wextra -Wpedantic","game_tick_motion","explicit_stateful","entities_64",64,2,1024,0,140.960,200,200,200,8000,7094196.707,180.415,524.705,1,0,0,1536,0,0,2304,8367348781431229229
"Windows x86-64","Clang 21.1.0 ","-std=c11 -O3 -Wall -Wextra -Wpedantic","game_tick_motion","stateless_replay","entities_64",64,2,1024,0,3649.219,4000,8100,15700,43400,274031.257,0.000,13746.785,904,18,0,0,50688,1536,76416,8367348781431229229
"Windows x86-64","Clang 21.1.0 ","-std=c11 -O3 -Wall -Wextra -Wpedantic","game_tick_motion","hidden_stateful","entities_64",64,2,1024,0,138.200,200,200,300,18600,7235872.484,0.000,522.130,3,2,0,1536,0,0,2304,8367348781431229229
"Windows x86-64","Clang 21.1.0 ","-std=c11 -O3 -Wall -Wextra -Wpedantic","game_tick_motion","stateless_replay","entities_64",64,3,1024,0,3325.830,2900,6100,6800,11900,300676.816,114.699,12584.963,851,1,0,0,50688,1536,76416,8367348781431229229
"Windows x86-64","Clang 21.1.0 ","-std=c11 -O3 -Wall -Wextra -Wpedantic","game_tick_motion","hidden_stateful","entities_64",64,3,1024,0,107.005,100,200,200,200,9345383.661,0.000,405.103,0,0,0,1536,0,0,2304,8367348781431229229
"Windows x86-64","Clang 21.1.0 ","-std=c11 -O3 -Wall -Wextra -Wpedantic","game_tick_motion","explicit_stateful","entities_64",64,3,1024,0,107.996,200,200,200,300,9259589.171,210.881,408.828,0,0,0,1536,0,0,2304,8367348781431229229
"Windows x86-64","Clang 21.1.0 ","-std=c11 -O3 -Wall -Wextra -Wpedantic","game_tick_motion","hidden_stateful","entities_64",64,4,1024,0,96.877,100,200,200,200,10322378.594,152.919,367.224,0,0,0,1536,0,0,2304,8367348781431229229
"Windows x86-64","Clang 21.1.0 ","-std=c11 -O3 -Wall -Wextra -Wpedantic","game_tick_motion","explicit_stateful","entities_64",64,4,1024,0,105.105,100,200,200,300,9514324.890,0.000,398.043,0,0,0,1536,0,0,2304,8367348781431229229
"Windows x86-64","Clang 21.1.0 ","-std=c11 -O3 -Wall -Wextra -Wpedantic","game_tick_motion","stateless_replay","entities_64",64,4,1024,0,3124.170,3100,6700,7900,18500,320085.023,122.103,11802.378,862,2,0,0,50688,1536,76416,8367348781431229229
"Windows x86-64","Clang 21.1.0 ","-std=c11 -O3 -Wall -Wextra -Wpedantic","game_tick_motion","explicit_stateful","entities_64",64,5,1024,0,112.653,100,200,200,200,8876811.896,130.240,426.057,0,0,0,1536,0,0,2304,8367348781431229229
"Windows x86-64","Clang 21.1.0 ","-std=c11 -O3 -Wall -Wextra -Wpedantic","game_tick_motion","stateless_replay","entities_64",64,5,1024,0,3462.939,3500,7000,8000,19500,288772.014,220.316,12980.467,873,2,0,0,50688,1536,76416,8367348781431229229
"Windows x86-64","Clang 21.1.0 ","-std=c11 -O3 -Wall -Wextra -Wpedantic","game_tick_motion","hidden_stateful","entities_64",64,5,1024,0,115.953,100,200,300,400,8624171.261,153.017,436.541,0,0,0,1536,0,0,2304,8367348781431229229
"Windows x86-64","Clang 21.1.0 ","-std=c11 -O3 -Wall -Wextra -Wpedantic","game_tick_motion","stateless_replay","entities_64",64,6,1024,0,3772.624,3700,7500,8400,120800,265067.518,134.820,13559.358,889,4,1,0,50688,1536,76416,8367348781431229229
"Windows x86-64","Clang 21.1.0 ","-std=c11 -O3 -Wall -Wextra -Wpedantic","game_tick_motion","hidden_stateful","entities_64",64,6,1024,0,119.481,100,200,200,200,8369499.022,125.204,449.402,0,0,0,1536,0,0,2304,8367348781431229229
"Windows x86-64","Clang 21.1.0 ","-std=c11 -O3 -Wall -Wextra -Wpedantic","game_tick_motion","explicit_stateful","entities_64",64,6,1024,0,133.334,200,200,200,400,7499975.256,0.000,500.529,0,0,0,1536,0,0,2304,8367348781431229229
"Windows x86-64","Clang 21.1.0 ","-std=c11 -O3 -Wall -Wextra -Wpedantic","game_tick_motion","hidden_stateful","entities_64",64,7,1024,0,138.669,200,200,300,300,7211392.999,0.000,522.150,0,0,0,1536,0,0,2304,8367348781431229229
"Windows x86-64","Clang 21.1.0 ","-std=c11 -O3 -Wall -Wextra -Wpedantic","game_tick_motion","explicit_stateful","entities_64",64,7,1024,0,139.332,200,200,200,12300,7177114.936,156.449,526.750,2,1,0,1536,0,0,2304,8367348781431229229
"Windows x86-64","Clang 21.1.0 ","-std=c11 -O3 -Wall -Wextra -Wpedantic","game_tick_motion","stateless_replay","entities_64",64,7,1024,0,3632.324,3500,7900,8700,23900,275305.821,105.021,13739.716,870,4,0,0,50688,1536,76416,8367348781431229229
"Windows x86-64","Clang 21.1.0 ","-std=c11 -O3 -Wall -Wextra -Wpedantic","game_tick_motion","explicit_stateful","entities_64",64,8,1024,0,137.472,100,200,300,400,7274224.766,0.000,518.928,0,0,0,1536,0,0,2304,8367348781431229229
"Windows x86-64","Clang 21.1.0 ","-std=c11 -O3 -Wall -Wextra -Wpedantic","game_tick_motion","stateless_replay","entities_64",64,8,1024,0,3713.737,3200,7100,8500,16900,269270.550,136.958,13989.651,870,3,0,0,50688,1536,76416,8367348781431229229
"Windows x86-64","Clang 21.1.0 ","-std=c11 -O3 -Wall -Wextra -Wpedantic","game_tick_motion","hidden_stateful","entities_64",64,8,1024,0,110.914,200,200,200,4100,9015967.766,0.000,414.552,1,0,0,1536,0,0,2304,8367348781431229229
"Windows x86-64","Clang 21.1.0 ","-std=c11 -O3 -Wall -Wextra -Wpedantic","game_tick_motion","stateless_replay","entities_64",64,9,1024,0,3839.811,3300,6900,7900,31100,260429.471,132.461,14527.362,870,2,0,0,50688,1536,76416,8367348781431229229
"Windows x86-64","Clang 21.1.0 ","-std=c11 -O3 -Wall -Wextra -Wpedantic","game_tick_motion","hidden_stateful","entities_64",64,9,1024,0,141.376,200,200,200,10900,7073354.297,0.000,533.783,2,1,0,1536,0,0,2304,8367348781431229229
"Windows x86-64","Clang 21.1.0 ","-std=c11 -O3 -Wall -Wextra -Wpedantic","game_tick_motion","explicit_stateful","entities_64",64,9,1024,0,130.405,200,200,300,400,7668442.562,167.159,492.482,0,0,0,1536,0,0,2304,8367348781431229229
"Windows x86-64","Clang 21.1.0 ","-std=c11 -O3 -Wall -Wextra -Wpedantic","game_tick_motion","hidden_stateful","entities_64",64,10,1024,0,111.127,200,200,200,300,8998721.772,0.000,416.459,0,0,0,1536,0,0,2304,8367348781431229229
"Windows x86-64","Clang 21.1.0 ","-std=c11 -O3 -Wall -Wextra -Wpedantic","game_tick_motion","explicit_stateful","entities_64",64,10,1024,0,109.734,100,200,200,3900,9112985.810,190.484,415.702,1,0,0,1536,0,0,2304,8367348781431229229
"Windows x86-64","Clang 21.1.0 ","-std=c11 -O3 -Wall -Wextra -Wpedantic","game_tick_motion","stateless_replay","entities_64",64,10,1024,0,3875.065,4000,7800,8500,23000,258060.180,0.000,14632.559,907,5,0,0,50688,1536,76416,8367348781431229229
"Windows x86-64","Clang 21.1.0 ","-std=c11 -O3 -Wall -Wextra -Wpedantic","game_tick_motion","explicit_stateful","entities_64",64,11,1024,0,120.011,100,200,200,200,8332575.449,124.652,450.041,0,0,0,1536,0,0,2304,8367348781431229229
"Windows x86-64","Clang 21.1.0 ","-std=c11 -O3 -Wall -Wextra -Wpedantic","game_tick_motion","stateless_replay","entities_64",64,11,1024,0,3703.255,3900,7800,9000,23700,270032.699,137.346,13980.266,891,3,0,0,50688,1536,76416,8367348781431229229
"Windows x86-64","Clang 21.1.0 ","-std=c11 -O3 -Wall -Wextra -Wpedantic","game_tick_motion","hidden_stateful","entities_64",64,11,1024,0,141.691,200,200,200,400,7057624.884,0.000,534.910,0,0,0,1536,0,0,2304,8367348781431229229
"Windows x86-64","Clang 21.1.0 ","-std=c11 -O3 -Wall -Wextra -Wpedantic","game_tick_motion","hidden_stateful","entities_64",256,1,256,0,153.485,200,200,300,400,6515306.870,143.044,557.075,0,0,0,1536,0,0,2304,1511479502219624643
"Windows x86-64","Clang 21.1.0 ","-std=c11 -O3 -Wall -Wextra -Wpedantic","game_tick_motion","explicit_stateful","entities_64",256,1,256,0,167.709,200,200,200,400,5962715.114,139.975,623.298,0,0,0,1536,0,0,2304,1511479502219624643
"Windows x86-64","Clang 21.1.0 ","-std=c11 -O3 -Wall -Wextra -Wpedantic","game_tick_motion","stateless_replay","entities_64",256,1,256,0,19241.536,15200,36200,40200,41400,51970.902,105.735,70541.902,247,175,0,0,198144,1536,297600,1511479502219624643
"Windows x86-64","Clang 21.1.0 ","-std=c11 -O3 -Wall -Wextra -Wpedantic","game_tick_motion","explicit_stateful","entities_64",256,2,256,0,194.373,200,300,300,400,5144734.300,0.000,633.188,0,0,0,1536,0,0,2304,1511479502219624643
"Windows x86-64","Clang 21.1.0 ","-std=c11 -O3 -Wall -Wextra -Wpedantic","game_tick_motion","stateless_replay","entities_64",256,2,256,0,16135.026,16800,36100,44200,49800,61976.968,126.092,60547.742,248,154,0,0,198144,1536,297600,1511479502219624643
"Windows x86-64","Clang 21.1.0 ","-std=c11 -O3 -Wall -Wextra -Wpedantic","game_tick_motion","hidden_stateful","entities_64",256,2,256,0,169.370,200,200,400,24000,5904231.952,0.000,613.564,1,1,0,1536,0,0,2304,1511479502219624643
"Windows x86-64","Clang 21.1.0 ","-std=c11 -O3 -Wall -Wextra -Wpedantic","game_tick_motion","stateless_replay","entities_64",256,3,256,0,17262.891,14700,28100,31200,36300,57927.726,0.000,63073.441,247,172,0,0,198144,1536,297600,1511479502219624643
"Windows x86-64","Clang 21.1.0 ","-std=c11 -O3 -Wall -Wextra -Wpedantic","game_tick_motion","hidden_stateful","entities_64",256,3,256,0,147.490,100,200,200,200,6780113.861,0.000,538.218,0,0,0,1536,0,0,2304,1511479502219624643
"Windows x86-64","Clang 21.1.0 ","-std=c11 -O3 -Wall -Wextra -Wpedantic","game_tick_motion","explicit_stateful","entities_64",256,3,256,0,193.440,200,200,300,600,5169571.785,0.000,641.395,0,0,0,1536,0,0,2304,1511479502219624643
"Windows x86-64","Clang 21.1.0 ","-std=c11 -O3 -Wall -Wextra -Wpedantic","game_tick_motion","hidden_stateful","entities_64",256,4,256,0,188.000,200,200,300,13600,5319145.587,122.975,571.156,1,1,0,1536,0,0,2304,1511479502219624643
"Windows x86-64","Clang 21.1.0 ","-std=c11 -O3 -Wall -Wextra -Wpedantic","game_tick_motion","explicit_stateful","entities_64",256,4,256,0,199.551,100,200,200,500,5011247.437,0.000,551.236,0,0,0,1536,0,0,2304,1511479502219624643
"Windows x86-64","Clang 21.1.0 ","-std=c11 -O3 -Wall -Wextra -Wpedantic","game_tick_motion","stateless_replay","entities_64",256,4,256,0,23038.151,16800,30500,59400,262000,43406.261,0.000,59889.889,244,166,1,0,198144,1536,297600,1511479502219624643
"Windows x86-64","Clang 21.1.0 ","-std=c11 -O3 -Wall -Wextra -Wpedantic","game_tick_motion","explicit_stateful","entities_64",256,5,256,0,196.610,100,200,200,400,5086213.014,0.000,531.706,0,0,0,1536,0,0,2304,1511479502219624643
"Windows x86-64","Clang 21.1.0 ","-std=c11 -O3 -Wall -Wextra -Wpedantic","game_tick_motion","stateless_replay","entities_64",256,5,256,0,19958.203,16100,31000,219000,1532400,50104.711,0.000,62780.082,247,175,4,0,198144,1536,297600,1511479502219624643
"Windows x86-64","Clang 21.1.0 ","-std=c11 -O3 -Wall -Wextra -Wpedantic","game_tick_motion","hidden_stateful","entities_64",256,5,256,0,238.051,200,200,300,30500,4200773.760,98.613,575.640,1,1,0,1536,0,0,2304,1511479502219624643
"Windows x86-64","Clang 21.1.0 ","-std=c11 -O3 -Wall -Wextra -Wpedantic","game_tick_motion","stateless_replay","entities_64",256,6,256,0,20706.250,15200,49700,454400,1767100,48294.597,0.000,65727.055,249,190,8,0,198144,1536,297600,1511479502219624643
"Windows x86-64","Clang 21.1.0 ","-std=c11 -O3 -Wall -Wextra -Wpedantic","game_tick_motion","hidden_stateful","entities_64",256,6,256,0,192.908,200,200,200,300,5183828.087,107.618,584.225,0,0,0,1536,0,0,2304,1511479502219624643
"Windows x86-64","Clang 21.1.0 ","-std=c11 -O3 -Wall -Wextra -Wpedantic","game_tick_motion","explicit_stateful","entities_64",256,6,256,0,235.619,200,200,300,300,4244139.208,0.000,569.533,0,0,0,1536,0,0,2304,1511479502219624643
"Windows x86-64","Clang 21.1.0 ","-std=c11 -O3 -Wall -Wextra -Wpedantic","game_tick_motion","hidden_stateful","entities_64",256,7,256,0,234.112,200,200,300,400,4271467.294,99.889,615.471,0,0,0,1536,0,0,2304,1511479502219624643
"Windows x86-64","Clang 21.1.0 ","-std=c11 -O3 -Wall -Wextra -Wpedantic","game_tick_motion","explicit_stateful","entities_64",256,7,256,0,319.315,200,200,200,300,3131700.913,0.000,560.072,0,0,0,1536,0,0,2304,1511479502219624643
"Windows x86-64","Clang 21.1.0 ","-std=c11 -O3 -Wall -Wextra -Wpedantic","game_tick_motion","stateless_replay","entities_64",256,7,256,0,27589.583,15200,80600,558700,2730700,36245.564,73.742,61036.182,248,180,12,0,198144,1536,297600,1511479502219624643
"Windows x86-64","Clang 21.1.0 ","-std=c11 -O3 -Wall -Wextra -Wpedantic","game_tick_motion","explicit_stateful","entities_64",256,8,256,0,289.217,100,200,200,300,3457612.959,72.521,564.469,0,0,0,1536,0,0,2304,1511479502219624643
"Windows x86-64","Clang 21.1.0 ","-std=c11 -O3 -Wall -Wextra -Wpedantic","game_tick_motion","stateless_replay","entities_64",256,8,256,0,25353.125,17100,33200,102600,1302300,39442.869,80.247,62756.383,247,179,3,0,198144,1536,297600,1511479502219624643
"Windows x86-64","Clang 21.1.0 ","-std=c11 -O3 -Wall -Wextra -Wpedantic","game_tick_motion","hidden_stateful","entities_64",256,8,256,0,219.934,200,200,300,300,4546808.754,99.468,555.286,0,0,0,1536,0,0,2304,1511479502219624643
"Windows x86-64","Clang 21.1.0 ","-std=c11 -O3 -Wall -Wextra -Wpedantic","game_tick_motion","stateless_replay","entities_64",256,9,256,0,29355.078,13600,30600,269000,488100,34065.656,0.000,66183.410,247,173,4,0,198144,1536,297600,1511479502219624643
"Windows x86-64","Clang 21.1.0 ","-std=c11 -O3 -Wall -Wextra -Wpedantic","game_tick_motion","hidden_stateful","entities_64",256,9,256,0,237.364,200,300,300,500,4212935.285,100.444,583.564,0,0,0,1536,0,0,2304,1511479502219624643
"Windows x86-64","Clang 21.1.0 ","-std=c11 -O3 -Wall -Wextra -Wpedantic","game_tick_motion","explicit_stateful","entities_64",256,9,256,0,244.076,200,200,300,14800,4097084.151,0.000,595.791,1,1,0,1536,0,0,2304,1511479502219624643
"Windows x86-64","Clang 21.1.0 ","-std=c11 -O3 -Wall -Wextra -Wpedantic","game_tick_motion","hidden_stateful","entities_64",256,10,256,0,174.461,200,200,300,400,5731942.143,139.940,588.798,0,0,0,1536,0,0,2304,1511479502219624643
"Windows x86-64","Clang 21.1.0 ","-std=c11 -O3 -Wall -Wextra -Wpedantic","game_tick_motion","explicit_stateful","entities_64",256,10,256,0,163.378,100,200,200,300,6120789.323,122.889,555.250,0,0,0,1536,0,0,2304,1511479502219624643
"Windows x86-64","Clang 21.1.0 ","-std=c11 -O3 -Wall -Wextra -Wpedantic","game_tick_motion","stateless_replay","entities_64",256,10,256,0,19796.289,16500,34800,51400,69200,50514.518,0.000,64089.848,248,181,0,0,198144,1536,297600,1511479502219624643
"Windows x86-64","Clang 21.1.0 ","-std=c11 -O3 -Wall -Wextra -Wpedantic","game_tick_motion","explicit_stateful","entities_64",256,11,256,0,190.592,200,200,200,300,5246804.150,116.876,567.977,0,0,0,1536,0,0,2304,1511479502219624643
"Windows x86-64","Clang 21.1.0 ","-std=c11 -O3 -Wall -Wextra -Wpedantic","game_tick_motion","stateless_replay","entities_64",256,11,256,0,21778.125,17100,33000,67200,1327900,45917.635,140.130,62275.576,248,179,2,0,198144,1536,297600,1511479502219624643
"Windows x86-64","Clang 21.1.0 ","-std=c11 -O3 -Wall -Wextra -Wpedantic","game_tick_motion","hidden_stateful","entities_64",256,11,256,0,211.072,200,200,300,600,4737730.200,0.000,532.243,0,0,0,1536,0,0,2304,1511479502219624643
"Windows x86-64","Clang 21.1.0 ","-std=c11 -O3 -Wall -Wextra -Wpedantic","game_tick_motion","hidden_stateful","entities_256",1,1,7812,0,2921.659,600,700,1100,2509800,342271.293,0.000,2248.465,88,30,5,6144,0,0,9216,15823509062252937984
"Windows x86-64","Clang 21.1.0 ","-std=c11 -O3 -Wall -Wextra -Wpedantic","game_tick_motion","explicit_stateful","entities_256",1,1,7812,0,780.524,600,700,900,708300,1281191.318,128.127,2226.931,44,14,4,6144,0,0,9216,15823509062252937984
"Windows x86-64","Clang 21.1.0 ","-std=c11 -O3 -Wall -Wextra -Wpedantic","game_tick_motion","stateless_replay","entities_256",1,1,7812,0,830.191,500,700,800,401200,1204542.476,120.462,2214.501,52,10,6,0,9216,6144,15360,15823509062252937984
"Windows x86-64","Clang 21.1.0 ","-std=c11 -O3 -Wall -Wextra -Wpedantic","game_tick_motion","explicit_stateful","entities_256",1,2,7812,0,845.052,600,800,1000,3436900,1183358.454,0.000,2318.381,59,20,3,6144,0,0,9216,15823509062252937984
"Windows x86-64","Clang 21.1.0 ","-std=c11 -O3 -Wall -Wextra -Wpedantic","game_tick_motion","stateless_replay","entities_256",1,2,7812,0,601.805,600,800,900,557800,1661668.049,332.355,2137.617,47,10,8,0,9216,6144,15360,15823509062252937984
"Windows x86-64","Clang 21.1.0 ","-std=c11 -O3 -Wall -Wextra -Wpedantic","game_tick_motion","hidden_stateful","entities_256",1,2,7812,0,1015.707,600,800,900,63200,984536.277,0.000,2488.416,20,5,0,6144,0,0,9216,15823509062252937984
"Windows x86-64","Clang 21.1.0 ","-std=c11 -O3 -Wall -Wextra -Wpedantic","game_tick_motion","stateless_replay","entities_256",1,3,7812,0,1002.989,600,700,1100,947800,997019.916,99.708,2247.299,81,24,4,0,9216,6144,15360,15823509062252937984
"Windows x86-64","Clang 21.1.0 ","-std=c11 -O3 -Wall -Wextra -Wpedantic","game_tick_motion","hidden_stateful","entities_256",1,3,7812,0,758.301,600,800,900,492200,1318736.970,131.882,2184.738,54,22,5,6144,0,0,9216,15823509062252937984
"Windows x86-64","Clang 21.1.0 ","-std=c11 -O3 -Wall -Wextra -Wpedantic","game_tick_motion","explicit_stateful","entities_256",1,3,7812,0,992.774,600,700,900,46500,1007278.659,0.000,2279.369,57,16,0,6144,0,0,9216,15823509062252937984
"Windows x86-64","Clang 21.1.0 ","-std=c11 -O3 -Wall -Wextra -Wpedantic","game_tick_motion","hidden_stateful","entities_256",1,4,7812,0,693.452,600,700,900,88100,1442060.086,0.000,2195.468,52,11,0,6144,0,0,9216,15823509062252937984
"Windows x86-64","Clang 21.1.0 ","-std=c11 -O3 -Wall -Wextra -Wpedantic","game_tick_motion","explicit_stateful","entities_256",1,4,7812,0,1177.170,600,800,900,2417000,849495.164,84.955,2382.787,56,24,4,6144,0,0,9216,15823509062252937984
"Windows x86-64","Clang 21.1.0 ","-std=c11 -O3 -Wall -Wextra -Wpedantic","game_tick_motion","stateless_replay","entities_256",1,4,7812,0,644.952,600,800,900,496200,1550502.478,103.373,2151.924,49,20,3,0,9216,6144,15360,15823509062252937984
"Windows x86-64","Clang 21.1.0 ","-std=c11 -O3 -Wall -Wextra -Wpedantic","game_tick_motion","explicit_stateful","entities_256",1,5,7812,0,1017.908,600,700,900,207200,982406.720,0.000,2268.371,37,14,2,6144,0,0,9216,15823509062252937984
"Windows x86-64","Clang 21.1.0 ","-std=c11 -O3 -Wall -Wextra -Wpedantic","game_tick_motion","stateless_replay","entities_256",1,5,7812,0,621.205,500,700,800,182800,1609775.699,0.000,2154.610,47,23,1,0,9216,6144,15360,15823509062252937984
"Windows x86-64","Clang 21.1.0 ","-std=c11 -O3 -Wall -Wextra -Wpedantic","game_tick_motion","hidden_stateful","entities_256",1,5,7812,0,528.571,600,800,800,36900,1891891.892,126.134,1941.881,14,3,0,6144,0,0,9216,15823509062252937984
"Windows x86-64","Clang 21.1.0 ","-std=c11 -O3 -Wall -Wextra -Wpedantic","game_tick_motion","stateless_replay","entities_256",1,6,7812,0,540.843,400,600,700,8600,1848964.908,123.272,2046.093,5,0,0,0,9216,6144,15360,15823509062252937984
"Windows x86-64","Clang 21.1.0 ","-std=c11 -O3 -Wall -Wextra -Wpedantic","game_tick_motion","hidden_stateful","entities_256",1,6,7812,0,518.104,400,400,500,5500,1930116.061,96.512,1957.774,3,0,0,6144,0,0,9216,15823509062252937984
"Windows x86-64","Clang 21.1.0 ","-std=c11 -O3 -Wall -Wextra -Wpedantic","game_tick_motion","explicit_stateful","entities_256",1,6,7812,0,508.952,400,700,900,13700,1964821.677,130.996,1925.211,66,1,0,6144,0,0,9216,15823509062252937984
"Windows x86-64","Clang 21.1.0 ","-std=c11 -O3 -Wall -Wextra -Wpedantic","game_tick_motion","hidden_stateful","entities_256",1,7,7812,0,471.198,600,700,800,14300,2122249.389,0.000,1758.284,48,2,0,6144,0,0,9216,15823509062252937984
"Windows x86-64","Clang 21.1.0 ","-std=c11 -O3 -Wall -Wextra -Wpedantic","game_tick_motion","explicit_stateful","entities_256",1,7,7812,0,448.285,400,600,700,16100,2230725.300,111.543,1697.091,19,2,0,6144,0,0,9216,15823509062252937984
"Windows x86-64","Clang 21.1.0 ","-std=c11 -O3 -Wall -Wextra -Wpedantic","game_tick_motion","stateless_replay","entities_256",1,7,7812,0,421.672,400,500,600,7700,2371512.705,118.583,1596.816,2,0,0,0,9216,6144,15360,15823509062252937984
"Windows x86-64","Clang 21.1.0 ","-std=c11 -O3 -Wall -Wextra -Wpedantic","game_tick_motion","explicit_stateful","entities_256",1,8,7812,0,430.597,400,600,700,20000,2322356.246,0.000,1629.031,3,1,0,6144,0,0,9216,15823509062252937984
"Windows x86-64","Clang 21.1.0 ","-std=c11 -O3 -Wall -Wextra -Wpedantic","game_tick_motion","stateless_replay","entities_256",1,8,7812,0,482.220,400,700,700,13200,2073743.729,103.694,1818.669,7,1,0,0,9216,6144,15360,15823509062252937984
"Windows x86-64","Clang 21.1.0 ","-std=c11 -O3 -Wall -Wextra -Wpedantic","game_tick_motion","hidden_stateful","entities_256",1,8,7812,0,415.828,400,700,800,20800,2404839.231,120.250,1574.323,2,1,0,6144,0,0,9216,15823509062252937984
"Windows x86-64","Clang 21.1.0 ","-std=c11 -O3 -Wall -Wextra -Wpedantic","game_tick_motion","stateless_replay","entities_256",1,9,7812,0,532.194,500,700,800,16000,1879013.830,0.000,2012.907,7,2,0,0,9216,6144,15360,15823509062252937984
"Windows x86-64","Clang 21.1.0 ","-std=c11 -O3 -Wall -Wextra -Wpedantic","game_tick_motion","hidden_stateful","entities_256",1,9,7812,0,542.913,500,600,700,25700,1841917.052,122.802,2050.026,8,2,0,6144,0,0,9216,15823509062252937984
"Windows x86-64","Clang 21.1.0 ","-std=c11 -O3 -Wall -Wextra -Wpedantic","game_tick_motion","explicit_stateful","entities_256",1,9,7812,0,501.835,400,700,800,12500,1992687.697,132.854,1892.713,18,2,0,6144,0,0,9216,15823509062252937984
"Windows x86-64","Clang 21.1.0 ","-std=c11 -O3 -Wall -Wextra -Wpedantic","game_tick_motion","hidden_stateful","entities_256",1,10,7812,0,488.791,400,600,700,57500,2045865.233,136.400,1845.211,6,3,0,6144,0,0,9216,15823509062252937984
"Windows x86-64","Clang 21.1.0 ","-std=c11 -O3 -Wall -Wextra -Wpedantic","game_tick_motion","explicit_stateful","entities_256",1,10,7812,0,531.665,600,700,700,20700,1880883.781,125.400,2011.394,9,2,0,6144,0,0,9216,15823509062252937984
"Windows x86-64","Clang 21.1.0 ","-std=c11 -O3 -Wall -Wextra -Wpedantic","game_tick_motion","stateless_replay","entities_256",1,10,7812,0,505.910,500,1000,1400,28900,1976637.288,131.784,1914.772,343,4,0,0,9216,6144,15360,15823509062252937984
"Windows x86-64","Clang 21.1.0 ","-std=c11 -O3 -Wall -Wextra -Wpedantic","game_tick_motion","explicit_stateful","entities_256",1,11,7812,0,551.877,500,700,700,14100,1811996.474,0.000,2069.496,27,3,0,6144,0,0,9216,15823509062252937984
"Windows x86-64","Clang 21.1.0 ","-std=c11 -O3 -Wall -Wextra -Wpedantic","game_tick_motion","stateless_replay","entities_256",1,11,7812,0,592.840,600,700,700,15100,1686795.549,112.460,2240.583,14,1,0,0,9216,6144,15360,15823509062252937984
"Windows x86-64","Clang 21.1.0 ","-std=c11 -O3 -Wall -Wextra -Wpedantic","game_tick_motion","hidden_stateful","entities_256",1,11,7812,0,507.843,500,700,700,16300,1969113.916,131.283,1921.732,7,3,0,6144,0,0,9216,15823509062252937984
"Windows x86-64","Clang 21.1.0 ","-std=c11 -O3 -Wall -Wextra -Wpedantic","game_tick_motion","hidden_stateful","entities_256",4,1,3908,0,416.053,400,500,700,23700,2403542.581,160.164,1574.140,1,1,0,6144,0,0,9216,11909432290359927891
"Windows x86-64","Clang 21.1.0 ","-std=c11 -O3 -Wall -Wextra -Wpedantic","game_tick_motion","explicit_stateful","entities_256",4,1,3908,0,524.164,500,600,700,13200,1907799.456,127.130,1982.202,2,1,0,6144,0,0,9216,11909432290359927891
"Windows x86-64","Clang 21.1.0 ","-std=c11 -O3 -Wall -Wextra -Wpedantic","game_tick_motion","stateless_replay","entities_256",4,1,3908,0,1312.410,1300,2300,2400,16000,761956.755,152.323,4963.463,2638,3,0,0,18432,6144,29184,11909432290359927891
"Windows x86-64","Clang 21.1.0 ","-std=c11 -O3 -Wall -Wextra -Wpedantic","game_tick_motion","explicit_stateful","entities_256",4,2,3908,0,476.552,500,700,700,13200,2098405.255,139.831,1801.546,2,2,0,6144,0,0,9216,11909432290359927891
"Windows x86-64","Clang 21.1.0 ","-std=c11 -O3 -Wall -Wextra -Wpedantic","game_tick_motion","stateless_replay","entities_256",4,2,3908,0,1259.007,1100,2200,2400,13300,794276.655,158.784,4703.592,2224,2,0,0,18432,6144,29184,11909432290359927891
"Windows x86-64","Clang 21.1.0 ","-std=c11 -O3 -Wall -Wextra -Wpedantic","game_tick_motion","hidden_stateful","entities_256",4,2,3908,0,586.963,600,800,900,20900,1703685.943,170.292,2126.574,18,3,0,6144,0,0,9216,11909432290359927891
"Windows x86-64","Clang 21.1.0 ","-std=c11 -O3 -Wall -Wextra -Wpedantic","game_tick_motion","stateless_replay","entities_256",4,3,3908,0,1473.759,1400,2600,3000,783000,678537.013,135.647,5491.357,2663,20,4,0,18432,6144,29184,11909432290359927891
"Windows x86-64","Clang 21.1.0 ","-std=c11 -O3 -Wall -Wextra -Wpedantic","game_tick_motion","hidden_stateful","entities_256",4,3,3908,0,643.854,600,900,1000,40600,1553148.026,124.196,2226.922,8,3,0,6144,0,0,9216,11909432290359927891
"Windows x86-64","Clang 21.1.0 ","-std=c11 -O3 -Wall -Wextra -Wpedantic","game_tick_motion","explicit_stateful","entities_256",4,3,3908,0,558.495,600,800,900,19300,1790525.062,143.178,2086.422,19,3,0,6144,0,0,9216,11909432290359927891
"Windows x86-64","Clang 21.1.0 ","-std=c11 -O3 -Wall -Wextra -Wpedantic","game_tick_motion","hidden_stateful","entities_256",4,4,3908,0,537.221,500,700,800,11600,1861431.035,148.848,2008.776,4,1,0,6144,0,0,9216,11909432290359927891
"Windows x86-64","Clang 21.1.0 ","-std=c11 -O3 -Wall -Wextra -Wpedantic","game_tick_motion","explicit_stateful","entities_256",4,4,3908,0,500.350,600,800,900,15600,1998602.138,266.361,1813.419,5,2,0,6144,0,0,9216,11909432290359927891
"Windows x86-64","Clang 21.1.0 ","-std=c11 -O3 -Wall -Wextra -Wpedantic","game_tick_motion","stateless_replay","entities_256",4,4,3908,0,1493.705,1300,2500,2900,44300,669476.137,0.000,5176.843,2543,8,0,0,18432,6144,29184,11909432290359927891
"Windows x86-64","Clang 21.1.0 ","-std=c11 -O3 -Wall -Wextra -Wpedantic","game_tick_motion","explicit_stateful","entities_256",4,5,3908,0,686.341,500,700,900,63600,1457002.036,116.508,1967.235,29,10,0,6144,0,0,9216,11909432290359927891
"Windows x86-64","Clang 21.1.0 ","-std=c11 -O3 -Wall -Wextra -Wpedantic","game_tick_motion","stateless_replay","entities_256",4,5,3908,0,1853.800,1300,2300,7300,178000,539432.547,0.000,4847.478,2620,29,2,0,18432,6144,29184,11909432290359927891
"Windows x86-64","Clang 21.1.0 ","-std=c11 -O3 -Wall -Wextra -Wpedantic","game_tick_motion","hidden_stateful","entities_256",4,5,3908,0,855.870,500,700,900,216500,1168401.729,0.000,2042.824,32,8,2,6144,0,0,9216,11909432290359927891
"Windows x86-64","Clang 21.1.0 ","-std=c11 -O3 -Wall -Wextra -Wpedantic","game_tick_motion","stateless_replay","entities_256",4,6,3908,0,1879.683,1200,2200,2800,380500,532004.683,0.000,5064.548,2367,26,6,0,18432,6144,29184,11909432290359927891
"Windows x86-64","Clang 21.1.0 ","-std=c11 -O3 -Wall -Wextra -Wpedantic","game_tick_motion","hidden_stateful","entities_256",4,6,3908,0,1293.334,600,700,1000,592700,773195.366,0.000,2063.148,38,14,2,6144,0,0,9216,11909432290359927891
"Windows x86-64","Clang 21.1.0 ","-std=c11 -O3 -Wall -Wextra -Wpedantic","game_tick_motion","explicit_stateful","entities_256",4,6,3908,0,654.894,600,800,900,249300,1526965.118,152.628,2115.267,16,12,1,6144,0,0,9216,11909432290359927891
"Windows x86-64","Clang 21.1.0 ","-std=c11 -O3 -Wall -Wextra -Wpedantic","game_tick_motion","hidden_stateful","entities_256",4,7,3908,0,1200.218,600,700,800,63500,833182.317,0.000,2142.201,13,8,0,6144,0,0,9216,11909432290359927891
"Windows x86-64","Clang 21.1.0 ","-std=c11 -O3 -Wall -Wextra -Wpedantic","game_tick_motion","explicit_stateful","entities_256",4,7,3908,0,696.098,500,700,900,128900,1436579.852,143.594,2113.569,31,12,1,6144,0,0,9216,11909432290359927891
"Windows x86-64","Clang 21.1.0 ","-std=c11 -O3 -Wall -Wextra -Wpedantic","game_tick_motion","stateless_replay","entities_256",4,7,3908,0,1578.915,1300,2400,3500,150200,633346.298,0.000,5157.529,2564,24,1,0,18432,6144,29184,11909432290359927891
"Windows x86-64","Clang 21.1.0 ","-std=c11 -O3 -Wall -Wextra -Wpedantic","game_tick_motion","explicit_stateful","entities_256",4,8,3908,0,1092.549,500,700,900,96400,915291.076,0.000,2075.998,27,14,0,6144,0,0,9216,11909432290359927891
"Windows x86-64","Clang 21.1.0 ","-std=c11 -O3 -Wall -Wextra -Wpedantic","game_tick_motion","stateless_replay","entities_256",4,8,3908,0,1720.432,1300,2400,6400,1285700,581249.210,116.198,5086.095,2563,24,4,0,18432,6144,29184,11909432290359927891
"Windows x86-64","Clang 21.1.0 ","-std=c11 -O3 -Wall -Wextra -Wpedantic","game_tick_motion","hidden_stateful","entities_256",4,8,3908,0,739.496,500,700,1300,7372900,1352272.531,0.000,2003.700,46,24,6,6144,0,0,9216,11909432290359927891
"Windows x86-64","Clang 21.1.0 ","-std=c11 -O3 -Wall -Wextra -Wpedantic","game_tick_motion","stateless_replay","entities_256",4,9,3908,0,3247.851,1300,2300,9400,10317900,307895.939,123.103,5265.068,2332,36,10,0,18432,6144,29184,11909432290359927891
"Windows x86-64","Clang 21.1.0 ","-std=c11 -O3 -Wall -Wextra -Wpedantic","game_tick_motion","hidden_stateful","entities_256",4,9,3908,0,1621.328,500,700,1000,2190000,616778.328,0.000,2156.371,35,17,4,6144,0,0,9216,11909432290359927891
"Windows x86-64","Clang 21.1.0 ","-std=c11 -O3 -Wall -Wextra -Wpedantic","game_tick_motion","explicit_stateful","entities_256",4,9,3908,0,656.512,500,700,800,1288200,1523200.748,152.252,2175.588,23,3,1,6144,0,0,9216,11909432290359927891
"Windows x86-64","Clang 21.1.0 ","-std=c11 -O3 -Wall -Wextra -Wpedantic","game_tick_motion","hidden_stateful","entities_256",4,10,3908,0,1070.594,600,800,900,87300,934061.206,74.691,2255.360,26,3,0,6144,0,0,9216,11909432290359927891
"Windows x86-64","Clang 21.1.0 ","-std=c11 -O3 -Wall -Wextra -Wpedantic","game_tick_motion","explicit_stateful","entities_256",4,10,3908,0,835.357,600,700,800,39200,1197093.037,119.656,2101.218,7,3,0,6144,0,0,9216,11909432290359927891
"Windows x86-64","Clang 21.1.0 ","-std=c11 -O3 -Wall -Wextra -Wpedantic","game_tick_motion","stateless_replay","entities_256",4,10,3908,0,1480.821,1400,2600,8300,483400,675300.887,135.000,5433.269,2602,37,6,0,18432,6144,29184,11909432290359927891
"Windows x86-64","Clang 21.1.0 ","-std=c11 -O3 -Wall -Wextra -Wpedantic","game_tick_motion","explicit_stateful","entities_256",4,11,3908,0,1658.526,500,700,900,5700,602944.988,48.214,2049.171,30,0,0,6144,0,0,9216,11909432290359927891
"Windows x86-64","Clang 21.1.0 ","-std=c11 -O3 -Wall -Wextra -Wpedantic","game_tick_motion","stateless_replay","entities_256",4,11,3908,0,1523.989,1300,2100,2500,22600,656172.606,0.000,4913.042,2238,8,0,0,18432,6144,29184,11909432290359927891
"Windows x86-64","Clang 21.1.0 ","-std=c11 -O3 -Wall -Wextra -Wpedantic","game_tick_motion","hidden_stateful","entities_256",4,11,3908,0,1161.839,500,700,800,314000,860704.480,0.000,1992.813,19,13,3,6144,0,0,9216,11909432290359927891
"Windows x86-64","Clang 21.1.0 ","-std=c11 -O3 -Wall -Wextra -Wpedantic","game_tick_motion","hidden_stateful","entities_256",16,1,976,0,1901.079,500,600,3200,117300,526017.201,44.322,2014.336,11,3,1,6144,0,0,9216,16644058984227584328
"Windows x86-64","Clang 21.1.0 ","-std=c11 -O3 -Wall -Wextra -Wpedantic","game_tick_motion","explicit_stateful","entities_256",16,1,976,0,1714.395,500,600,700,160100,583295.981,116.726,2209.831,5,4,1,6144,0,0,9216,16644058984227584328
"Windows x86-64","Clang 21.1.0 ","-std=c11 -O3 -Wall -Wextra -Wpedantic","game_tick_motion","stateless_replay","entities_256",16,1,976,0,6967.674,4800,9800,23300,240600,143519.914,0.000,18238.459,903,44,2,0,55296,6144,84480,16644058984227584328
"Windows x86-64","Clang 21.1.0 ","-std=c11 -O3 -Wall -Wextra -Wpedantic","game_tick_motion","explicit_stateful","entities_256",16,2,976,0,709.647,500,700,900,29300,1409150.665,118.734,2148.207,6,6,0,6144,0,0,9216,16644058984227584328
"Windows x86-64","Clang 21.1.0 ","-std=c11 -O3 -Wall -Wextra -Wpedantic","game_tick_motion","stateless_replay","entities_256",16,2,976,0,4857.633,4600,9900,472200,5111300,205861.571,164.784,17331.990,897,47,16,0,55296,6144,84480,16644058984227584328
"Windows x86-64","Clang 21.1.0 ","-std=c11 -O3 -Wall -Wextra -Wpedantic","game_tick_motion","hidden_stateful","entities_256",16,2,976,0,735.367,500,600,700,14800,1359865.229,98.956,2320.881,1,1,0,6144,0,0,9216,16644058984227584328
"Windows x86-64","Clang 21.1.0 ","-std=c11 -O3 -Wall -Wextra -Wpedantic","game_tick_motion","stateless_replay","entities_256",16,3,976,0,4114.720,4200,8200,26300,135200,243029.906,0.000,14636.990,886,31,3,0,55296,6144,84480,16644058984227584328
"Windows x86-64","Clang 21.1.0 ","-std=c11 -O3 -Wall -Wextra -Wpedantic","game_tick_motion","hidden_stateful","entities_256",16,3,976,0,452.572,500,700,700,800,2209591.898,186.178,1676.537,0,0,0,6144,0,0,9216,16644058984227584328
"Windows x86-64","Clang 21.1.0 ","-std=c11 -O3 -Wall -Wextra -Wpedantic","game_tick_motion","explicit_stateful","entities_256",16,3,976,0,492.374,500,600,800,11200,2030975.951,154.830,1836.892,2,1,0,6144,0,0,9216,16644058984227584328
"Windows x86-64","Clang 21.1.0 ","-std=c11 -O3 -Wall -Wextra -Wpedantic","game_tick_motion","hidden_stateful","entities_256",16,4,976,0,465.392,500,500,600,700,2148725.595,0.000,1753.856,0,0,0,6144,0,0,9216,16644058984227584328
"Windows x86-64","Clang 21.1.0 ","-std=c11 -O3 -Wall -Wextra -Wpedantic","game_tick_motion","explicit_stateful","entities_256",16,4,976,0,556.837,400,400,600,1000,1795856.282,191.668,1731.813,0,0,0,6144,0,0,9216,16644058984227584328
"Windows x86-64","Clang 21.1.0 ","-std=c11 -O3 -Wall -Wextra -Wpedantic","game_tick_motion","stateless_replay","entities_256",16,4,976,0,4439.959,3200,7000,8400,13400,225227.304,120.190,15854.688,850,3,0,0,55296,6144,84480,16644058984227584328
"Windows x86-64","Clang 21.1.0 ","-std=c11 -O3 -Wall -Wextra -Wpedantic","game_tick_motion","explicit_stateful","entities_256",16,5,976,0,421.119,400,600,700,12900,2374623.643,158.399,1590.553,1,1,0,6144,0,0,9216,16644058984227584328
"Windows x86-64","Clang 21.1.0 ","-std=c11 -O3 -Wall -Wextra -Wpedantic","game_tick_motion","stateless_replay","entities_256",16,5,976,0,4171.482,3400,7500,8800,83700,239722.943,0.000,15752.481,857,5,0,0,55296,6144,84480,16644058984227584328
"Windows x86-64","Clang 21.1.0 ","-std=c11 -O3 -Wall -Wextra -Wpedantic","game_tick_motion","hidden_stateful","entities_256",16,5,976,0,461.189,500,600,700,20000,2168310.673,0.000,1744.333,1,1,0,6144,0,0,9216,16644058984227584328
"Windows x86-64","Clang 21.1.0 ","-std=c11 -O3 -Wall -Wextra -Wpedantic","game_tick_motion","stateless_replay","entities_256",16,6,976,0,3609.699,4200,8000,8800,25700,277031.374,147.835,13642.105,894,5,0,0,55296,6144,84480,16644058984227584328
"Windows x86-64","Clang 21.1.0 ","-std=c11 -O3 -Wall -Wextra -Wpedantic","game_tick_motion","hidden_stateful","entities_256",16,6,976,0,371.922,500,600,800,6900,2688737.438,0.000,1408.182,7,0,0,6144,0,0,9216,16644058984227584328
"Windows x86-64","Clang 21.1.0 ","-std=c11 -O3 -Wall -Wextra -Wpedantic","game_tick_motion","explicit_stateful","entities_256",16,6,976,0,386.851,400,400,400,500,2584973.956,137.945,1465.137,0,0,0,6144,0,0,9216,16644058984227584328
"Windows x86-64","Clang 21.1.0 ","-std=c11 -O3 -Wall -Wextra -Wpedantic","game_tick_motion","hidden_stateful","entities_256",16,7,976,0,360.548,400,600,700,900,2773554.611,222.012,1366.860,0,0,0,6144,0,0,9216,16644058984227584328
"Windows x86-64","Clang 21.1.0 ","-std=c11 -O3 -Wall -Wextra -Wpedantic","game_tick_motion","explicit_stateful","entities_256",16,7,976,0,360.458,400,400,400,6100,2774251.009,0.000,1365.143,1,0,0,6144,0,0,9216,16644058984227584328
"Windows x86-64","Clang 21.1.0 ","-std=c11 -O3 -Wall -Wextra -Wpedantic","game_tick_motion","stateless_replay","entities_256",16,7,976,0,3418.417,3100,6400,7800,21200,292533.064,117.081,12939.823,837,3,0,0,55296,6144,84480,16644058984227584328
"Windows x86-64","Clang 21.1.0 ","-std=c11 -O3 -Wall -Wextra -Wpedantic","game_tick_motion","explicit_stateful","entities_256",16,8,976,0,396.904,500,600,700,800,2519501.218,0.000,1503.564,0,0,0,6144,0,0,9216,16644058984227584328
"Windows x86-64","Clang 21.1.0 ","-std=c11 -O3 -Wall -Wextra -Wpedantic","game_tick_motion","stateless_replay","entities_256",16,8,976,0,3665.164,3500,7400,8500,19300,272839.092,109.199,13832.111,866,1,0,0,55296,6144,84480,16644058984227584328
"Windows x86-64","Clang 21.1.0 ","-std=c11 -O3 -Wall -Wextra -Wpedantic","game_tick_motion","hidden_stateful","entities_256",16,8,976,0,442.380,500,600,700,800,2260502.012,150.787,1672.845,0,0,0,6144,0,0,9216,16644058984227584328
"Windows x86-64","Clang 21.1.0 ","-std=c11 -O3 -Wall -Wextra -Wpedantic","game_tick_motion","stateless_replay","entities_256",16,9,976,0,3594.980,3100,6500,7600,12300,278165.702,148.441,13536.398,844,1,0,0,55296,6144,84480,16644058984227584328
"Windows x86-64","Clang 21.1.0 ","-std=c11 -O3 -Wall -Wextra -Wpedantic","game_tick_motion","hidden_stateful","entities_256",16,9,976,0,505.240,500,600,700,700,1979257.199,150.887,1911.693,0,0,0,6144,0,0,9216,16644058984227584328
"Windows x86-64","Clang 21.1.0 ","-std=c11 -O3 -Wall -Wextra -Wpedantic","game_tick_motion","explicit_stateful","entities_256",16,9,976,0,507.411,500,600,700,700,1970788.181,150.242,1919.651,0,0,0,6144,0,0,9216,16644058984227584328
"Windows x86-64","Clang 21.1.0 ","-std=c11 -O3 -Wall -Wextra -Wpedantic","game_tick_motion","hidden_stateful","entities_256",16,10,976,0,528.093,500,600,700,900,1893604.834,0.000,1959.476,0,0,0,6144,0,0,9216,16644058984227584328
"Windows x86-64","Clang 21.1.0 ","-std=c11 -O3 -Wall -Wextra -Wpedantic","game_tick_motion","explicit_stateful","entities_256",16,10,976,0,477.098,500,700,800,1000,2096005.563,159.788,1804.025,0,0,0,6144,0,0,9216,16644058984227584328
"Windows x86-64","Clang 21.1.0 ","-std=c11 -O3 -Wall -Wextra -Wpedantic","game_tick_motion","stateless_replay","entities_256",16,10,976,0,4098.531,3700,7500,8900,21800,243989.834,130.203,15462.693,863,3,0,0,55296,6144,84480,16644058984227584328
"Windows x86-64","Clang 21.1.0 ","-std=c11 -O3 -Wall -Wextra -Wpedantic","game_tick_motion","explicit_stateful","entities_256",16,11,976,0,409.930,400,500,700,800,2439443.171,0.000,1550.115,0,0,0,6144,0,0,9216,16644058984227584328
"Windows x86-64","Clang 21.1.0 ","-std=c11 -O3 -Wall -Wextra -Wpedantic","game_tick_motion","stateless_replay","entities_256",16,11,976,0,3847.131,3300,6500,7800,13600,259933.951,138.711,14562.115,843,3,0,0,55296,6144,84480,16644058984227584328
"Windows x86-64","Clang 21.1.0 ","-std=c11 -O3 -Wall -Wextra -Wpedantic","game_tick_motion","hidden_stateful","entities_256",16,11,976,0,451.762,400,500,600,8600,2213553.479,141.749,1689.968,1,0,0,6144,0,0,9216,16644058984227584328
"Windows x86-64","Clang 21.1.0 ","-std=c11 -O3 -Wall -Wextra -Wpedantic","game_tick_motion","hidden_stateful","entities_256",64,1,256,0,588.408,500,600,800,1000,1699500.806,0.000,2217.593,0,0,0,6144,0,0,9216,17125438763184213583
"Windows x86-64","Clang 21.1.0 ","-std=c11 -O3 -Wall -Wextra -Wpedantic","game_tick_motion","explicit_stateful","entities_256",64,1,256,0,471.786,600,600,700,800,2119605.089,163.760,1785.058,0,0,0,6144,0,0,9216,17125438763184213583
"Windows x86-64","Clang 21.1.0 ","-std=c11 -O3 -Wall -Wextra -Wpedantic","game_tick_motion","stateless_replay","entities_256",64,1,256,0,15978.125,14100,29600,33000,282400,62585.566,95.498,58288.114,249,161,1,0,202752,6144,305664,17125438763184213583
"Windows x86-64","Clang 21.1.0 ","-std=c11 -O3 -Wall -Wextra -Wpedantic","game_tick_motion","explicit_stateful","entities_256",64,2,256,0,552.706,500,600,700,1000,1809278.611,0.000,2038.632,0,0,0,6144,0,0,9216,17125438763184213583
"Windows x86-64","Clang 21.1.0 ","-std=c11 -O3 -Wall -Wextra -Wpedantic","game_tick_motion","stateless_replay","entities_256",64,2,256,0,17996.875,18000,37900,52400,107400,55565.202,169.572,65402.568,252,189,1,0,202752,6144,305664,17125438763184213583
"Windows x86-64","Clang 21.1.0 ","-std=c11 -O3 -Wall -Wextra -Wpedantic","game_tick_motion","hidden_stateful","entities_256",64,2,256,0,596.854,600,700,800,11000,1675451.150,136.349,2119.359,1,1,0,6144,0,0,9216,17125438763184213583
"Windows x86-64","Clang 21.1.0 ","-std=c11 -O3 -Wall -Wextra -Wpedantic","game_tick_motion","stateless_replay","entities_256",64,3,256,0,20175.195,18400,36000,52100,91900,49565.815,151.263,67220.553,250,185,0,0,202752,6144,305664,17125438763184213583
"Windows x86-64","Clang 21.1.0 ","-std=c11 -O3 -Wall -Wextra -Wpedantic","game_tick_motion","hidden_stateful","entities_256",64,3,256,0,536.539,400,700,800,1000,1863796.462,102.484,1961.746,0,0,0,6144,0,0,9216,17125438763184213583
"Windows x86-64","Clang 21.1.0 ","-std=c11 -O3 -Wall -Wextra -Wpedantic","game_tick_motion","explicit_stateful","entities_256",64,3,256,0,581.357,500,700,800,21700,1720112.210,0.000,2004.067,1,1,0,6144,0,0,9216,17125438763184213583
"Windows x86-64","Clang 21.1.0 ","-std=c11 -O3 -Wall -Wextra -Wpedantic","game_tick_motion","hidden_stateful","entities_256",64,4,256,0,584.581,500,700,700,800,1710626.450,145.012,2015.957,0,0,0,6144,0,0,9216,17125438763184213583
"Windows x86-64","Clang 21.1.0 ","-std=c11 -O3 -Wall -Wextra -Wpedantic","game_tick_motion","explicit_stateful","entities_256",64,4,256,0,582.705,500,600,700,10200,1716135.520,137.822,2037.548,1,1,0,6144,0,0,9216,17125438763184213583
"Windows x86-64","Clang 21.1.0 ","-std=c11 -O3 -Wall -Wextra -Wpedantic","game_tick_motion","stateless_replay","entities_256",64,4,256,0,20695.182,16900,35200,58000,850100,48320.425,98.308,63628.070,252,178,2,0,202752,6144,305664,17125438763184213583
"Windows x86-64","Clang 21.1.0 ","-std=c11 -O3 -Wall -Wextra -Wpedantic","game_tick_motion","explicit_stateful","entities_256",64,5,256,0,707.333,500,700,800,9700,1413762.090,123.270,2044.262,1,0,0,6144,0,0,9216,17125438763184213583
"Windows x86-64","Clang 21.1.0 ","-std=c11 -O3 -Wall -Wextra -Wpedantic","game_tick_motion","stateless_replay","entities_256",64,5,256,0,21405.273,16200,59300,123100,454500,46717.460,142.570,61146.576,250,181,4,0,202752,6144,305664,17125438763184213583
"Windows x86-64","Clang 21.1.0 ","-std=c11 -O3 -Wall -Wextra -Wpedantic","game_tick_motion","hidden_stateful","entities_256",64,5,256,0,633.555,500,600,700,800,1578395.709,120.422,2024.310,0,0,0,6144,0,0,9216,17125438763184213583
"Windows x86-64","Clang 21.1.0 ","-std=c11 -O3 -Wall -Wextra -Wpedantic","game_tick_motion","stateless_replay","entities_256",64,6,256,0,30704.557,17600,37000,69300,363300,32568.455,66.261,62438.316,252,185,2,0,202752,6144,305664,17125438763184213583
"Windows x86-64","Clang 21.1.0 ","-std=c11 -O3 -Wall -Wextra -Wpedantic","game_tick_motion","hidden_stateful","entities_256",64,6,256,0,1278.279,500,700,700,1000,782301.633,0.000,2034.146,0,0,0,6144,0,0,9216,17125438763184213583
"Windows x86-64","Clang 21.1.0 ","-std=c11 -O3 -Wall -Wextra -Wpedantic","game_tick_motion","explicit_stateful","entities_256",64,6,256,0,802.055,600,600,900,3700,1246797.775,152.197,1963.411,1,0,0,6144,0,0,9216,17125438763184213583
"Windows x86-64","Clang 21.1.0 ","-std=c11 -O3 -Wall -Wextra -Wpedantic","game_tick_motion","hidden_stateful","entities_256",64,7,256,0,918.629,600,700,900,1000,1088579.227,89.786,2097.843,0,0,0,6144,0,0,9216,17125438763184213583
"Windows x86-64","Clang 21.1.0 ","-std=c11 -O3 -Wall -Wextra -Wpedantic","game_tick_motion","explicit_stateful","entities_256",64,7,256,0,689.411,500,600,700,800,1450513.775,119.638,2119.267,0,0,0,6144,0,0,9216,17125438763184213583
"Windows x86-64","Clang 21.1.0 ","-std=c11 -O3 -Wall -Wextra -Wpedantic","game_tick_motion","stateless_replay","entities_256",64,7,256,0,24483.594,16700,39100,190000,239100,40843.677,0.000,62619.309,251,185,5,0,202752,6144,305664,17125438763184213583
"Windows x86-64","Clang 21.1.0 ","-std=c11 -O3 -Wall -Wextra -Wpedantic","game_tick_motion","explicit_stateful","entities_256",64,8,256,0,1359.061,500,600,700,900,735801.890,59.092,2193.140,0,0,0,6144,0,0,9216,17125438763184213583
"Windows x86-64","Clang 21.1.0 ","-std=c11 -O3 -Wall -Wextra -Wpedantic","game_tick_motion","stateless_replay","entities_256",64,8,256,0,19022.852,15300,49000,1312900,6116200,52568.354,0.000,61584.391,251,169,7,0,202752,6144,305664,17125438763184213583
"Windows x86-64","Clang 21.1.0 ","-std=c11 -O3 -Wall -Wextra -Wpedantic","game_tick_motion","hidden_stateful","entities_256",64,8,256,0,657.663,500,600,800,4500,1520535.590,114.575,1944.370,1,0,0,6144,0,0,9216,17125438763184213583
"Windows x86-64","Clang 21.1.0 ","-std=c11 -O3 -Wall -Wextra -Wpedantic","game_tick_motion","stateless_replay","entities_256",64,9,256,0,27283.008,13600,30100,40900,71900,36652.850,111.856,75122.143,250,167,0,0,202752,6144,305664,17125438763184213583
"Windows x86-64","Clang 21.1.0 ","-std=c11 -O3 -Wall -Wextra -Wpedantic","game_tick_motion","hidden_stateful","entities_256",64,9,256,0,849.603,600,700,800,14700,1177020.988,126.034,2103.956,1,1,0,6144,0,0,9216,17125438763184213583
"Windows x86-64","Clang 21.1.0 ","-std=c11 -O3 -Wall -Wextra -Wpedantic","game_tick_motion","explicit_stateful","entities_256",64,9,256,0,1833.019,600,700,800,900,545548.182,46.247,2149.922,0,0,0,6144,0,0,9216,17125438763184213583
"Windows x86-64","Clang 21.1.0 ","-std=c11 -O3 -Wall -Wextra -Wpedantic","game_tick_motion","hidden_stateful","entities_256",64,10,256,0,969.428,500,600,700,900,1031536.283,0.000,2039.696,0,0,0,6144,0,0,9216,17125438763184213583
"Windows x86-64","Clang 21.1.0 ","-std=c11 -O3 -Wall -Wextra -Wpedantic","game_tick_motion","explicit_stateful","entities_256",64,10,256,0,583.559,600,800,900,26800,1713621.364,0.000,1973.779,2,2,0,6144,0,0,9216,17125438763184213583
"Windows x86-64","Clang 21.1.0 ","-std=c11 -O3 -Wall -Wextra -Wpedantic","game_tick_motion","stateless_replay","entities_256",64,10,256,0,17649.219,16600,39100,66700,188800,56659.732,115.275,59212.779,249,172,1,0,202752,6144,305664,17125438763184213583
"Windows x86-64","Clang 21.1.0 ","-std=c11 -O3 -Wall -Wextra -Wpedantic","game_tick_motion","explicit_stateful","entities_256",64,11,256,0,544.832,500,600,700,800,1835429.076,143.623,1951.283,0,0,0,6144,0,0,9216,17125438763184213583
"Windows x86-64","Clang 21.1.0 ","-std=c11 -O3 -Wall -Wextra -Wpedantic","game_tick_motion","stateless_replay","entities_256",64,11,256,0,20069.792,18700,37000,59100,246200,49826.128,0.000,70955.276,251,187,2,0,202752,6144,305664,17125438763184213583
"Windows x86-64","Clang 21.1.0 ","-std=c11 -O3 -Wall -Wextra -Wpedantic","game_tick_motion","hidden_stateful","entities_256",64,11,256,0,756.877,500,700,2400,3300,1321217.778,85.788,2160.878,6,0,0,6144,0,0,9216,17125438763184213583
"Windows x86-64","Clang 21.1.0 ","-std=c11 -O3 -Wall -Wextra -Wpedantic","game_tick_motion","hidden_stateful","entities_256",256,1,256,0,604.183,500,600,700,900,1655127.261,0.000,2143.015,0,0,0,6144,0,0,9216,8538006080549423498
"Windows x86-64","Clang 21.1.0 ","-std=c11 -O3 -Wall -Wextra -Wpedantic","game_tick_motion","explicit_stateful","entities_256",256,1,256,0,578.048,600,700,800,800,1729959.966,0.000,2033.686,0,0,0,6144,0,0,9216,8538006080549423498
"Windows x86-64","Clang 21.1.0 ","-std=c11 -O3 -Wall -Wextra -Wpedantic","game_tick_motion","stateless_replay","entities_256",256,1,256,0,82728.906,58700,125200,215000,249900,12087.673,0.000,248114.055,256,241,47,0,792576,6144,1190400,8538006080549423498
"Windows x86-64","Clang 21.1.0 ","-std=c11 -O3 -Wall -Wextra -Wpedantic","game_tick_motion","explicit_stateful","entities_256",256,2,256,0,633.558,500,700,800,14500,1578388.026,126.759,2056.927,1,1,0,6144,0,0,9216,8538006080549423498
"Windows x86-64","Clang 21.1.0 ","-std=c11 -O3 -Wall -Wextra -Wpedantic","game_tick_motion","stateless_replay","entities_256",256,2,256,0,60558.984,68800,287000,1345900,3026300,16512.826,100.786,224016.668,254,240,72,0,792576,6144,1190400,8538006080549423498
"Windows x86-64","Clang 21.1.0 ","-std=c11 -O3 -Wall -Wextra -Wpedantic","game_tick_motion","hidden_stateful","entities_256",256,2,256,0,520.703,600,700,1000,80000,1920480.120,0.000,1893.873,2,2,0,6144,0,0,9216,8538006080549423498
"Windows x86-64","Clang 21.1.0 ","-std=c11 -O3 -Wall -Wextra -Wpedantic","game_tick_motion","stateless_replay","entities_256",256,3,256,0,64049.609,59500,122100,136700,150800,15612.898,95.294,231479.691,254,232,44,0,792576,6144,1190400,8538006080549423498
"Windows x86-64","Clang 21.1.0 ","-std=c11 -O3 -Wall -Wextra -Wpedantic","game_tick_motion","hidden_stateful","entities_256",256,3,256,0,507.594,400,500,500,600,1970078.862,110.316,1868.145,0,0,0,6144,0,0,9216,8538006080549423498
"Windows x86-64","Clang 21.1.0 ","-std=c11 -O3 -Wall -Wextra -Wpedantic","game_tick_motion","explicit_stateful","entities_256",256,3,256,0,520.962,500,600,600,700,1919526.351,152.154,1938.101,0,0,0,6144,0,0,9216,8538006080549423498
"Windows x86-64","Clang 21.1.0 ","-std=c11 -O3 -Wall -Wextra -Wpedantic","game_tick_motion","hidden_stateful","entities_256",256,4,256,0,513.874,400,500,600,800,1946003.194,133.455,1942.448,0,0,0,6144,0,0,9216,8538006080549423498
"Windows x86-64","Clang 21.1.0 ","-std=c11 -O3 -Wall -Wextra -Wpedantic","game_tick_motion","explicit_stateful","entities_256",256,4,256,0,514.444,500,600,700,700,1943847.259,0.000,1943.288,0,0,0,6144,0,0,9216,8538006080549423498
"Windows x86-64","Clang 21.1.0 ","-std=c11 -O3 -Wall -Wextra -Wpedantic","game_tick_motion","stateless_replay","entities_256",256,4,256,0,57689.453,62000,120900,132700,141000,17334.191,105.800,218337.535,255,232,34,0,792576,6144,1190400,8538006080549423498
"Windows x86-64","Clang 21.1.0 ","-std=c11 -O3 -Wall -Wextra -Wpedantic","game_tick_motion","explicit_stateful","entities_256",256,5,256,0,485.345,500,600,700,700,2060390.764,144.547,1834.918,0,0,0,6144,0,0,9216,8538006080549423498
"Windows x86-64","Clang 21.1.0 ","-std=c11 -O3 -Wall -Wextra -Wpedantic","game_tick_motion","stateless_replay","entities_256",256,5,256,0,51450.391,50100,100700,112000,128800,19436.198,118.629,194610.539,254,234,14,0,792576,6144,1190400,8538006080549423498
"Windows x86-64","Clang 21.1.0 ","-std=c11 -O3 -Wall -Wextra -Wpedantic","game_tick_motion","hidden_stateful","entities_256",256,5,256,0,353.788,400,600,800,900,2826551.595,158.274,1340.545,0,0,0,6144,0,0,9216,8538006080549423498
"Windows x86-64","Clang 21.1.0 ","-std=c11 -O3 -Wall -Wextra -Wpedantic","game_tick_motion","stateless_replay","entities_256",256,6,256,0,62531.250,58800,110300,116700,130100,15992.004,97.607,236646.145,256,237,34,0,792576,6144,1190400,8538006080549423498
"Windows x86-64","Clang 21.1.0 ","-std=c11 -O3 -Wall -Wextra -Wpedantic","game_tick_motion","hidden_stateful","entities_256",256,6,256,0,522.703,500,600,700,800,1913134.114,0.000,1977.893,0,0,0,6144,0,0,9216,8538006080549423498
"Windows x86-64","Clang 21.1.0 ","-std=c11 -O3 -Wall -Wextra -Wpedantic","game_tick_motion","explicit_stateful","entities_256",256,6,256,0,459.513,500,600,700,700,2176215.948,204.347,1735.753,0,0,0,6144,0,0,9216,8538006080549423498
"Windows x86-64","Clang 21.1.0 ","-std=c11 -O3 -Wall -Wextra -Wpedantic","game_tick_motion","hidden_stateful","entities_256",256,7,256,0,495.971,600,600,700,900,2016245.636,183.674,1868.216,0,0,0,6144,0,0,9216,8538006080549423498
"Windows x86-64","Clang 21.1.0 ","-std=c11 -O3 -Wall -Wextra -Wpedantic","game_tick_motion","explicit_stateful","entities_256",256,7,256,0,419.274,500,600,600,2500,2385073.675,0.000,1578.727,1,0,0,6144,0,0,9216,8538006080549423498
"Windows x86-64","Clang 21.1.0 ","-std=c11 -O3 -Wall -Wextra -Wpedantic","game_tick_motion","stateless_replay","entities_256",256,7,256,0,54253.906,55600,121500,127900,129000,18431.853,0.000,205162.770,254,226,45,0,792576,6144,1190400,8538006080549423498
"Windows x86-64","Clang 21.1.0 ","-std=c11 -O3 -Wall -Wextra -Wpedantic","game_tick_motion","explicit_stateful","entities_256",256,8,256,0,405.753,400,600,600,800,2464552.633,131.951,1532.484,0,0,0,6144,0,0,9216,8538006080549423498
"Windows x86-64","Clang 21.1.0 ","-std=c11 -O3 -Wall -Wextra -Wpedantic","game_tick_motion","stateless_replay","entities_256",256,8,256,0,50471.094,42500,119800,127700,135600,19813.321,120.931,189793.730,254,227,33,0,792576,6144,1190400,8538006080549423498
"Windows x86-64","Clang 21.1.0 ","-std=c11 -O3 -Wall -Wextra -Wpedantic","game_tick_motion","hidden_stateful","entities_256",256,8,256,0,433.547,400,600,800,900,2306555.664,0.000,1636.842,0,0,0,6144,0,0,9216,8538006080549423498
"Windows x86-64","Clang 21.1.0 ","-std=c11 -O3 -Wall -Wextra -Wpedantic","game_tick_motion","stateless_replay","entities_256",256,9,256,0,52930.078,45300,114800,129100,1688900,18892.849,115.313,199454.020,254,228,27,0,792576,6144,1190400,8538006080549423498
"Windows x86-64","Clang 21.1.0 ","-std=c11 -O3 -Wall -Wextra -Wpedantic","game_tick_motion","hidden_stateful","entities_256",256,9,256,0,467.867,400,600,800,4600,2137358.692,130.454,1750.381,1,0,0,6144,0,0,9216,8538006080549423498
"Windows x86-64","Clang 21.1.0 ","-std=c11 -O3 -Wall -Wextra -Wpedantic","game_tick_motion","explicit_stateful","entities_256",256,9,256,0,468.686,400,500,800,800,2133623.228,0.000,1764.360,0,0,0,6144,0,0,9216,8538006080549423498
"Windows x86-64","Clang 21.1.0 ","-std=c11 -O3 -Wall -Wextra -Wpedantic","game_tick_motion","hidden_stateful","entities_256",256,10,256,0,474.192,400,600,700,1600,2108851.860,127.440,1780.169,1,0,0,6144,0,0,9216,8538006080549423498
"Windows x86-64","Clang 21.1.0 ","-std=c11 -O3 -Wall -Wextra -Wpedantic","game_tick_motion","explicit_stateful","entities_256",256,10,256,0,491.302,400,400,500,9600,2035406.622,113.974,1792.146,1,0,0,6144,0,0,9216,8538006080549423498
"Windows x86-64","Clang 21.1.0 ","-std=c11 -O3 -Wall -Wextra -Wpedantic","game_tick_motion","stateless_replay","entities_256",256,10,256,0,67541.016,65600,124500,140100,161400,14805.818,90.368,246330.164,254,226,57,0,792576,6144,1190400,8538006080549423498
"Windows x86-64","Clang 21.1.0 ","-std=c11 -O3 -Wall -Wextra -Wpedantic","game_tick_motion","explicit_stateful","entities_256",256,11,256,0,528.912,500,600,700,700,1890673.398,172.235,1897.827,0,0,0,6144,0,0,9216,8538006080549423498
"Windows x86-64","Clang 21.1.0 ","-std=c11 -O3 -Wall -Wextra -Wpedantic","game_tick_motion","stateless_replay","entities_256",256,11,256,0,67688.672,63900,133300,290100,312800,14773.521,90.170,241027.367,255,232,49,0,792576,6144,1190400,8538006080549423498
"Windows x86-64","Clang 21.1.0 ","-std=c11 -O3 -Wall -Wextra -Wpedantic","game_tick_motion","hidden_stateful","entities_256",256,11,256,0,584.623,500,600,600,1000,1710504.873,127.318,1863.181,0,0,0,6144,0,0,9216,8538006080549423498
"Windows x86-64","Clang 21.1.0 ","-std=c11 -O3 -Wall -Wextra -Wpedantic","game_tick_motion","hidden_stateful","entities_1024",1,1,1953,0,3173.810,2700,3500,18900,274300,315078.770,126.040,11319.765,1953,29,4,24576,0,0,36864,4088465893209646157
"Windows x86-64","Clang 21.1.0 ","-std=c11 -O3 -Wall -Wextra -Wpedantic","game_tick_motion","explicit_stateful","entities_1024",1,1,1953,0,3263.185,2600,3300,13700,1185300,306449.082,122.587,10293.052,1953,26,6,24576,0,0,36864,4088465893209646157
"Windows x86-64","Clang 21.1.0 ","-std=c11 -O3 -Wall -Wextra -Wpedantic","game_tick_motion","stateless_replay","entities_1024",1,1,1953,0,3876.370,2800,3400,15500,359100,257973.331,0.000,10315.192,1953,25,7,0,36864,24576,61440,4088465893209646157
"Windows x86-64","Clang 21.1.0 ","-std=c11 -O3 -Wall -Wextra -Wpedantic","game_tick_motion","explicit_stateful","entities_1024",1,2,1953,0,3784.972,2500,3100,3700,190100,264202.758,105.688,10685.559,1953,8,4,24576,0,0,36864,4088465893209646157
"Windows x86-64","Clang 21.1.0 ","-std=c11 -O3 -Wall -Wextra -Wpedantic","game_tick_motion","stateless_replay","entities_1024",1,2,1953,0,3655.146,2500,3100,30400,737700,273586.888,218.884,10060.481,1953,31,10,0,36864,24576,61440,4088465893209646157
"Windows x86-64","Clang 21.1.0 ","-std=c11 -O3 -Wall -Wextra -Wpedantic","game_tick_motion","hidden_stateful","entities_1024",1,2,1953,0,3317.179,2700,3400,4200,174600,301460.998,0.000,10813.352,1953,13,1,24576,0,0,36864,4088465893209646157
"Windows x86-64","Clang 21.1.0 ","-std=c11 -O3 -Wall -Wextra -Wpedantic","game_tick_motion","stateless_replay","entities_1024",1,3,1953,0,2904.916,2700,3400,8900,407300,344244.091,275.413,9659.235,1953,19,8,0,36864,24576,61440,4088465893209646157
"Windows x86-64","Clang 21.1.0 ","-std=c11 -O3 -Wall -Wextra -Wpedantic","game_tick_motion","hidden_stateful","entities_1024",1,3,1953,0,3497.952,3100,3700,18300,238700,285881.578,114.360,11108.072,1953,28,3,24576,0,0,36864,4088465893209646157
"Windows x86-64","Clang 21.1.0 ","-std=c11 -O3 -Wall -Wextra -Wpedantic","game_tick_motion","explicit_stateful","entities_1024",1,3,1953,0,3179.877,2400,3100,4300,98100,314477.561,0.000,9803.632,1953,14,0,24576,0,0,36864,4088465893209646157
"Windows x86-64","Clang 21.1.0 ","-std=c11 -O3 -Wall -Wextra -Wpedantic","game_tick_motion","hidden_stateful","entities_1024",1,4,1953,0,3787.148,2900,3600,19100,1505900,264050.944,211.254,11733.826,1953,42,2,24576,0,0,36864,4088465893209646157
"Windows x86-64","Clang 21.1.0 ","-std=c11 -O3 -Wall -Wextra -Wpedantic","game_tick_motion","explicit_stateful","entities_1024",1,4,1953,0,3173.963,2700,3300,12400,172400,315063.521,0.000,10056.401,1953,22,6,24576,0,0,36864,4088465893209646157
"Windows x86-64","Clang 21.1.0 ","-std=c11 -O3 -Wall -Wextra -Wpedantic","game_tick_motion","stateless_replay","entities_1024",1,4,1953,0,2919.355,2400,3200,10800,283100,342541.436,0.000,10073.688,1953,20,1,0,36864,24576,61440,4088465893209646157
"Windows x86-64","Clang 21.1.0 ","-std=c11 -O3 -Wall -Wextra -Wpedantic","game_tick_motion","explicit_stateful","entities_1024",1,5,1953,0,2794.368,2700,3400,26200,3023000,357862.719,0.000,9513.185,1953,35,10,24576,0,0,36864,4088465893209646157
"Windows x86-64","Clang 21.1.0 ","-std=c11 -O3 -Wall -Wextra -Wpedantic","game_tick_motion","stateless_replay","entities_1024",1,5,1953,0,3393.958,2500,3100,12800,8685200,294641.241,0.000,10663.127,1953,26,4,0,36864,24576,61440,4088465893209646157
"Windows x86-64","Clang 21.1.0 ","-std=c11 -O3 -Wall -Wextra -Wpedantic","game_tick_motion","hidden_stateful","entities_1024",1,5,1953,0,3745.341,2800,4200,45300,10312800,266998.421,106.806,11172.551,1953,73,12,24576,0,0,36864,4088465893209646157
"Windows x86-64","Clang 21.1.0 ","-std=c11 -O3 -Wall -Wextra -Wpedantic","game_tick_motion","stateless_replay","entities_1024",1,6,1953,0,6902.227,2500,3300,11700,1295600,144880.768,115.912,10195.071,1953,25,2,0,36864,24576,61440,4088465893209646157
"Windows x86-64","Clang 21.1.0 ","-std=c11 -O3 -Wall -Wextra -Wpedantic","game_tick_motion","hidden_stateful","entities_1024",1,6,1953,0,5172.453,2900,3600,19300,284900,193331.881,0.000,11200.033,1953,39,6,24576,0,0,36864,4088465893209646157
"Windows x86-64","Clang 21.1.0 ","-std=c11 -O3 -Wall -Wextra -Wpedantic","game_tick_motion","explicit_stateful","entities_1024",1,6,1953,0,6992.524,2500,3100,4900,1065500,143009.871,57.208,9745.950,1953,14,5,24576,0,0,36864,4088465893209646157
"Windows x86-64","Clang 21.1.0 ","-std=c11 -O3 -Wall -Wextra -Wpedantic","game_tick_motion","hidden_stateful","entities_1024",1,7,1953,0,3743.446,2800,3400,10800,799100,267133.546,106.860,11126.229,1953,22,2,24576,0,0,36864,4088465893209646157
"Windows x86-64","Clang 21.1.0 ","-std=c11 -O3 -Wall -Wextra -Wpedantic","game_tick_motion","explicit_stateful","entities_1024",1,7,1953,0,7663.850,2600,3200,16500,618500,130482.713,0.000,9985.029,1953,39,2,24576,0,0,36864,4088465893209646157
"Windows x86-64","Clang 21.1.0 ","-std=c11 -O3 -Wall -Wextra -Wpedantic","game_tick_motion","stateless_replay","entities_1024",1,7,1953,0,3440.271,2700,3400,10800,6709200,290674.743,116.277,10995.622,1953,20,3,0,36864,24576,61440,4088465893209646157
"Windows x86-64","Clang 21.1.0 ","-std=c11 -O3 -Wall -Wextra -Wpedantic","game_tick_motion","explicit_stateful","entities_1024",1,8,1953,0,2965.694,2600,3200,12800,582000,337189.227,0.000,10414.144,1953,22,5,24576,0,0,36864,4088465893209646157
"Windows x86-64","Clang 21.1.0 ","-std=c11 -O3 -Wall -Wextra -Wpedantic","game_tick_motion","stateless_replay","entities_1024",1,8,1953,0,4214.030,2700,4100,15900,1216100,237302.552,0.000,9905.013,1953,60,1,0,36864,24576,61440,4088465893209646157
"Windows x86-64","Clang 21.1.0 ","-std=c11 -O3 -Wall -Wextra -Wpedantic","game_tick_motion","hidden_stateful","entities_1024",1,8,1953,0,4746.365,2700,3400,14500,160000,210687.566,84.280,10998.146,1953,33,2,24576,0,0,36864,4088465893209646157
"Windows x86-64","Clang 21.1.0 ","-std=c11 -O3 -Wall -Wextra -Wpedantic","game_tick_motion","stateless_replay","entities_1024",1,9,1953,0,4950.794,2400,2800,13700,991400,201987.817,0.000,9670.112,1953,25,9,0,36864,24576,61440,4088465893209646157
"Windows x86-64","Clang 21.1.0 ","-std=c11 -O3 -Wall -Wextra -Wpedantic","game_tick_motion","hidden_stateful","entities_1024",1,9,1953,0,10171.377,2600,3300,53900,2875700,98315.102,78.657,10806.074,1953,35,12,24576,0,0,36864,4088465893209646157
"Windows x86-64","Clang 21.1.0 ","-std=c11 -O3 -Wall -Wextra -Wpedantic","game_tick_motion","explicit_stateful","entities_1024",1,9,1953,0,2508.756,2600,3100,11800,1543800,398603.968,318.904,9442.686,1953,22,9,24576,0,0,36864,4088465893209646157
"Windows x86-64","Clang 21.1.0 ","-std=c11 -O3 -Wall -Wextra -Wpedantic","game_tick_motion","hidden_stateful","entities_1024",1,10,1953,0,2765.335,2800,3400,4100,25300,361619.790,0.000,10250.326,1953,6,0,24576,0,0,36864,4088465893209646157
"Windows x86-64","Clang 21.1.0 ","-std=c11 -O3 -Wall -Wextra -Wpedantic","game_tick_motion","explicit_stateful","entities_1024",1,10,1953,0,2615.344,2400,2800,4500,27700,382358.891,101.969,9746.696,1953,12,0,24576,0,0,36864,4088465893209646157
"Windows x86-64","Clang 21.1.0 ","-std=c11 -O3 -Wall -Wextra -Wpedantic","game_tick_motion","stateless_replay","entities_1024",1,10,1953,0,2432.446,2500,3100,3700,65200,411108.850,109.636,9183.410,1953,6,0,0,36864,24576,61440,4088465893209646157
"Windows x86-64","Clang 21.1.0 ","-std=c11 -O3 -Wall -Wextra -Wpedantic","game_tick_motion","explicit_stateful","entities_1024",1,11,1953,0,2182.079,1800,2300,3000,10200,458278.581,122.215,8247.947,1953,1,0,24576,0,0,36864,4088465893209646157
"Windows x86-64","Clang 21.1.0 ","-std=c11 -O3 -Wall -Wextra -Wpedantic","game_tick_motion","stateless_replay","entities_1024",1,11,1953,0,2037.344,2400,2700,2800,18500,490835.065,130.898,7673.655,1953,2,0,0,36864,24576,61440,4088465893209646157
"Windows x86-64","Clang 21.1.0 ","-std=c11 -O3 -Wall -Wextra -Wpedantic","game_tick_motion","hidden_stateful","entities_1024",1,11,1953,0,2173.903,1800,2700,3300,9200,460002.041,122.675,8220.368,1953,0,0,24576,0,0,36864,4088465893209646157
"Windows x86-64","Clang 21.1.0 ","-std=c11 -O3 -Wall -Wextra -Wpedantic","game_tick_motion","hidden_stateful","entities_1024",4,1,976,0,1586.437,1300,1800,1800,5300,630343.347,126.141,6003.073,976,0,0,24576,0,0,36864,2215918951882239030
"Windows x86-64","Clang 21.1.0 ","-std=c11 -O3 -Wall -Wextra -Wpedantic","game_tick_motion","explicit_stateful","entities_1024",4,1,976,0,1861.612,2100,2500,2700,14400,537168.856,0.000,7041.793,976,1,0,24576,0,0,36864,2215918951882239030
"Windows x86-64","Clang 21.1.0 ","-std=c11 -O3 -Wall -Wextra -Wpedantic","game_tick_motion","stateless_replay","entities_1024",4,1,976,0,4646.619,4400,8400,9000,45000,215210.249,172.267,17517.363,976,5,0,0,73728,24576,116736,2215918951882239030
"Windows x86-64","Clang 21.1.0 ","-std=c11 -O3 -Wall -Wextra -Wpedantic","game_tick_motion","explicit_stateful","entities_1024",4,2,976,0,1841.057,1700,2400,2900,14200,543166.297,124.224,6955.869,976,1,0,24576,0,0,36864,2215918951882239030
"Windows x86-64","Clang 21.1.0 ","-std=c11 -O3 -Wall -Wextra -Wpedantic","game_tick_motion","stateless_replay","entities_1024",4,2,976,0,5562.295,5100,8300,9000,14500,179781.904,95.939,21013.582,976,2,0,0,73728,24576,116736,2215918951882239030
"Windows x86-64","Clang 21.1.0 ","-std=c11 -O3 -Wall -Wextra -Wpedantic","game_tick_motion","hidden_stateful","entities_1024",4,2,976,0,1542.691,1400,1900,2900,11400,648217.844,172.958,5840.482,976,1,0,24576,0,0,36864,2215918951882239030
"Windows x86-64","Clang 21.1.0 ","-std=c11 -O3 -Wall -Wextra -Wpedantic","game_tick_motion","stateless_replay","entities_1024",4,3,976,0,4136.714,4300,6100,9000,15400,241737.738,129.001,15664.132,976,5,0,0,73728,24576,116736,2215918951882239030
"Windows x86-64","Clang 21.1.0 ","-std=c11 -O3 -Wall -Wextra -Wpedantic","game_tick_motion","hidden_stateful","entities_1024",4,3,976,0,1736.124,1400,2300,3000,8500,575995.683,0.000,6566.076,976,0,0,24576,0,0,36864,2215918951882239030
"Windows x86-64","Clang 21.1.0 ","-std=c11 -O3 -Wall -Wextra -Wpedantic","game_tick_motion","explicit_stateful","entities_1024",4,3,976,0,2034.204,2100,2600,2700,17800,491592.723,0.000,7700.386,976,1,0,24576,0,0,36864,2215918951882239030
"Windows x86-64","Clang 21.1.0 ","-std=c11 -O3 -Wall -Wextra -Wpedantic","game_tick_motion","hidden_stateful","entities_1024",4,4,976,0,2121.885,2100,2900,3000,19400,471279.020,150.896,8029.113,976,2,0,24576,0,0,36864,2215918951882239030
"Windows x86-64","Clang 21.1.0 ","-std=c11 -O3 -Wall -Wextra -Wpedantic","game_tick_motion","explicit_stateful","entities_1024",4,4,976,0,2087.193,2100,2500,2700,15500,479112.464,153.404,7894.570,976,1,0,24576,0,0,36864,2215918951882239030
"Windows x86-64","Clang 21.1.0 ","-std=c11 -O3 -Wall -Wextra -Wpedantic","game_tick_motion","stateless_replay","entities_1024",4,4,976,0,5514.754,5200,9100,9500,30300,181331.748,0.000,20713.432,976,4,0,0,73728,24576,116736,2215918951882239030
"Windows x86-64","Clang 21.1.0 ","-std=c11 -O3 -Wall -Wextra -Wpedantic","game_tick_motion","explicit_stateful","entities_1024",4,5,976,0,1815.647,1700,2400,2700,28300,550767.867,0.000,6842.279,976,1,0,24576,0,0,36864,2215918951882239030
"Windows x86-64","Clang 21.1.0 ","-std=c11 -O3 -Wall -Wextra -Wpedantic","game_tick_motion","stateless_replay","entities_1024",4,5,976,0,6165.113,5300,9000,12900,53200,162203.036,129.837,22028.549,976,14,0,0,73728,24576,116736,2215918951882239030
"Windows x86-64","Clang 21.1.0 ","-std=c11 -O3 -Wall -Wextra -Wpedantic","game_tick_motion","hidden_stateful","entities_1024",4,5,976,0,2649.467,2200,3200,3900,19000,377434.374,0.000,9477.370,976,1,0,24576,0,0,36864,2215918951882239030
"Windows x86-64","Clang 21.1.0 ","-std=c11 -O3 -Wall -Wextra -Wpedantic","game_tick_motion","stateless_replay","entities_1024",4,6,976,0,6542.828,6000,10800,13200,134700,152839.112,122.342,23865.588,976,103,1,0,73728,24576,116736,2215918951882239030
"Windows x86-64","Clang 21.1.0 ","-std=c11 -O3 -Wall -Wextra -Wpedantic","game_tick_motion","hidden_stateful","entities_1024",4,6,976,0,2573.873,2300,3400,10700,83100,388519.565,155.497,9255.736,976,10,0,24576,0,0,36864,2215918951882239030
"Windows x86-64","Clang 21.1.0 ","-std=c11 -O3 -Wall -Wextra -Wpedantic","game_tick_motion","explicit_stateful","entities_1024",4,6,976,0,2657.684,2000,2900,4000,18800,376267.397,150.594,8783.748,976,3,0,24576,0,0,36864,2215918951882239030
"Windows x86-64","Clang 21.1.0 ","-std=c11 -O3 -Wall -Wextra -Wpedantic","game_tick_motion","hidden_stateful","entities_1024",4,7,976,0,2486.803,2200,3300,4300,22800,402122.680,128.753,9135.378,976,5,0,24576,0,0,36864,2215918951882239030
"Windows x86-64","Clang 21.1.0 ","-std=c11 -O3 -Wall -Wextra -Wpedantic","game_tick_motion","explicit_stateful","entities_1024",4,7,976,0,2724.631,2200,3100,3500,35200,367022.157,117.515,8863.184,976,3,0,24576,0,0,36864,2215918951882239030
"Windows x86-64","Clang 21.1.0 ","-std=c11 -O3 -Wall -Wextra -Wpedantic","game_tick_motion","stateless_replay","entities_1024",4,7,976,0,8095.697,5400,9700,12900,30100,123522.414,98.875,25089.177,976,32,0,0,73728,24576,116736,2215918951882239030
"Windows x86-64","Clang 21.1.0 ","-std=c11 -O3 -Wall -Wextra -Wpedantic","game_tick_motion","explicit_stateful","entities_1024",4,8,976,0,3967.172,2200,2900,3300,383100,252068.720,161.417,8329.910,976,4,1,24576,0,0,36864,2215918951882239030
"Windows x86-64","Clang 21.1.0 ","-std=c11 -O3 -Wall -Wextra -Wpedantic","game_tick_motion","stateless_replay","entities_1024",4,8,976,0,8067.674,5400,9700,24100,2940500,123951.461,0.000,21478.831,976,43,3,0,73728,24576,116736,2215918951882239030
"Windows x86-64","Clang 21.1.0 ","-std=c11 -O3 -Wall -Wextra -Wpedantic","game_tick_motion","hidden_stateful","entities_1024",4,8,976,0,4252.152,2200,3400,9100,4212400,235175.056,188.248,9294.211,976,9,3,24576,0,0,36864,2215918951882239030
"Windows x86-64","Clang 21.1.0 ","-std=c11 -O3 -Wall -Wextra -Wpedantic","game_tick_motion","stateless_replay","entities_1024",4,9,976,0,14625.564,5800,10100,20200,417000,68373.434,54.730,23148.764,976,49,5,0,73728,24576,116736,2215918951882239030
"Windows x86-64","Clang 21.1.0 ","-std=c11 -O3 -Wall -Wextra -Wpedantic","game_tick_motion","hidden_stateful","entities_1024",4,9,976,0,2732.992,2300,3300,3900,255900,365899.378,117.155,9015.137,976,3,1,24576,0,0,36864,2215918951882239030
"Windows x86-64","Clang 21.1.0 ","-std=c11 -O3 -Wall -Wextra -Wpedantic","game_tick_motion","explicit_stateful","entities_1024",4,9,976,0,3323.832,2300,3100,7400,225600,300857.567,96.330,8997.260,976,7,2,24576,0,0,36864,2215918951882239030
"Windows x86-64","Clang 21.1.0 ","-std=c11 -O3 -Wall -Wextra -Wpedantic","game_tick_motion","hidden_stateful","entities_1024",4,10,976,0,4724.334,2200,3200,3500,45300,211670.046,84.717,9052.094,976,5,0,24576,0,0,36864,2215918951882239030
"Windows x86-64","Clang 21.1.0 ","-std=c11 -O3 -Wall -Wextra -Wpedantic","game_tick_motion","explicit_stateful","entities_1024",4,10,976,0,3514.191,2200,3300,6200,2983200,284560.549,113.890,8945.904,976,9,2,24576,0,0,36864,2215918951882239030
"Windows x86-64","Clang 21.1.0 ","-std=c11 -O3 -Wall -Wextra -Wpedantic","game_tick_motion","stateless_replay","entities_1024",4,10,976,0,6532.275,6200,12100,45700,1298000,153086.032,0.000,21744.848,976,113,7,0,73728,24576,116736,2215918951882239030
"Windows x86-64","Clang 21.1.0 ","-std=c11 -O3 -Wall -Wextra -Wpedantic","game_tick_motion","explicit_stateful","entities_1024",4,11,976,0,4836.322,2200,3000,10700,214500,206768.709,82.755,8653.850,976,10,1,24576,0,0,36864,2215918951882239030
"Windows x86-64","Clang 21.1.0 ","-std=c11 -O3 -Wall -Wextra -Wpedantic","game_tick_motion","stateless_replay","entities_1024",4,11,976,0,7575.564,6100,13600,138100,1182900,132003.381,105.664,22538.812,976,77,12,0,73728,24576,116736,2215918951882239030
"Windows x86-64","Clang 21.1.0 ","-std=c11 -O3 -Wall -Wextra -Wpedantic","game_tick_motion","hidden_stateful","entities_1024",4,11,976,0,2501.562,2300,3500,20300,466200,399750.156,0.000,9141.285,976,27,3,24576,0,0,36864,2215918951882239030
"Windows x86-64","Clang 21.1.0 ","-std=c11 -O3 -Wall -Wextra -Wpedantic","game_tick_motion","hidden_stateful","entities_1024",16,1,256,0,3395.681,2300,3200,17800,48200,294491.701,99.857,8679.946,256,3,0,24576,0,0,36864,983735744530131880
"Windows x86-64","Clang 21.1.0 ","-std=c11 -O3 -Wall -Wextra -Wpedantic","game_tick_motion","explicit_stateful","entities_1024",16,1,256,0,4736.945,2000,3000,18200,18800,211106.530,67.815,8861.769,256,6,0,24576,0,0,36864,983735744530131880
"Windows x86-64","Clang 21.1.0 ","-std=c11 -O3 -Wall -Wextra -Wpedantic","game_tick_motion","stateless_replay","entities_1024",16,1,256,0,26464.062,18200,35400,225200,1283700,37787.093,0.000,71941.775,256,192,6,0,221184,24576,337920,983735744530131880
"Windows x86-64","Clang 21.1.0 ","-std=c11 -O3 -Wall -Wextra -Wpedantic","game_tick_motion","explicit_stateful","entities_1024",16,2,256,0,5099.062,2100,3900,348900,537100,196114.482,0.000,8352.602,256,9,4,24576,0,0,36864,983735744530131880
"Windows x86-64","Clang 21.1.0 ","-std=c11 -O3 -Wall -Wextra -Wpedantic","game_tick_motion","stateless_replay","entities_1024",16,2,256,0,29094.922,17700,40100,170600,259400,34370.259,0.000,68008.785,256,191,5,0,221184,24576,337920,983735744530131880
"Windows x86-64","Clang 21.1.0 ","-std=c11 -O3 -Wall -Wextra -Wpedantic","game_tick_motion","hidden_stateful","entities_1024",16,2,256,0,4430.140,2300,3400,18100,242900,225726.511,72.512,8808.900,256,3,1,24576,0,0,36864,983735744530131880
"Windows x86-64","Clang 21.1.0 ","-std=c11 -O3 -Wall -Wextra -Wpedantic","game_tick_motion","stateless_replay","entities_1024",16,3,256,0,26160.938,20300,44700,314500,1781500,38224.930,116.653,80411.594,256,198,6,0,221184,24576,337920,983735744530131880
"Windows x86-64","Clang 21.1.0 ","-std=c11 -O3 -Wall -Wextra -Wpedantic","game_tick_motion","hidden_stateful","entities_1024",16,3,256,0,3274.668,2200,3400,16000,461000,305374.471,0.000,8906.959,256,5,1,24576,0,0,36864,983735744530131880
"Windows x86-64","Clang 21.1.0 ","-std=c11 -O3 -Wall -Wextra -Wpedantic","game_tick_motion","explicit_stateful","entities_1024",16,3,256,0,5038.143,2200,6300,14200,885500,198485.816,71.262,8607.722,256,3,1,24576,0,0,36864,983735744530131880
"Windows x86-64","Clang 21.1.0 ","-std=c11 -O3 -Wall -Wextra -Wpedantic","game_tick_motion","hidden_stateful","entities_1024",16,4,256,0,3853.730,1900,2600,3000,3300,259488.827,79.190,8266.518,256,0,0,24576,0,0,36864,983735744530131880
"Windows x86-64","Clang 21.1.0 ","-std=c11 -O3 -Wall -Wextra -Wpedantic","game_tick_motion","explicit_stateful","entities_1024",16,4,256,0,2452.344,2100,2600,3200,30100,407773.176,0.000,8092.722,256,1,0,24576,0,0,36864,983735744530131880
"Windows x86-64","Clang 21.1.0 ","-std=c11 -O3 -Wall -Wextra -Wpedantic","game_tick_motion","stateless_replay","entities_1024",16,4,256,0,21118.359,19300,54300,432100,1874100,47352.163,0.000,69660.824,256,193,10,0,221184,24576,337920,983735744530131880
"Windows x86-64","Clang 21.1.0 ","-std=c11 -O3 -Wall -Wextra -Wpedantic","game_tick_motion","explicit_stateful","entities_1024",16,5,256,0,3079.502,1900,3500,69700,118400,324727.780,104.315,8230.512,256,9,1,24576,0,0,36864,983735744530131880
"Windows x86-64","Clang 21.1.0 ","-std=c11 -O3 -Wall -Wextra -Wpedantic","game_tick_motion","stateless_replay","entities_1024",16,5,256,0,20555.273,18800,44200,92200,419100,48649.316,0.000,67591.709,256,192,2,0,221184,24576,337920,983735744530131880
"Windows x86-64","Clang 21.1.0 ","-std=c11 -O3 -Wall -Wextra -Wpedantic","game_tick_motion","hidden_stateful","entities_1024",16,5,256,0,2248.295,1400,2100,2900,14700,444781.400,123.397,8356.857,256,1,0,24576,0,0,36864,983735744530131880
"Windows x86-64","Clang 21.1.0 ","-std=c11 -O3 -Wall -Wextra -Wpedantic","game_tick_motion","stateless_replay","entities_1024",16,6,256,0,16523.698,17700,35100,38700,74100,60519.141,123.127,62466.466,256,185,0,0,221184,24576,337920,983735744530131880
"Windows x86-64","Clang 21.1.0 ","-std=c11 -O3 -Wall -Wextra -Wpedantic","game_tick_motion","hidden_stateful","entities_1024",16,6,256,0,1922.461,2000,2600,2800,3000,520166.616,158.742,7252.927,256,0,0,24576,0,0,36864,983735744530131880
"Windows x86-64","Clang 21.1.0 ","-std=c11 -O3 -Wall -Wextra -Wpedantic","game_tick_motion","explicit_stateful","entities_1024",16,6,256,0,1969.707,2000,2400,2700,2900,507689.714,0.000,7418.575,256,0,0,24576,0,0,36864,983735744530131880
"Windows x86-64","Clang 21.1.0 ","-std=c11 -O3 -Wall -Wextra -Wpedantic","game_tick_motion","hidden_stateful","entities_1024",16,7,256,0,2049.380,1400,1700,1900,2000,487952.362,102.697,7740.806,256,0,0,24576,0,0,36864,983735744530131880
"Windows x86-64","Clang 21.1.0 ","-std=c11 -O3 -Wall -Wextra -Wpedantic","game_tick_motion","explicit_stateful","entities_1024",16,7,256,0,1960.955,2100,2600,2900,16900,509955.542,141.478,7346.041,256,1,0,24576,0,0,36864,983735744530131880
"Windows x86-64","Clang 21.1.0 ","-std=c11 -O3 -Wall -Wextra -Wpedantic","game_tick_motion","stateless_replay","entities_1024",16,7,256,0,14654.557,12300,21700,29200,32900,68238.158,138.831,54880.954,256,153,0,0,221184,24576,337920,983735744530131880
"Windows x86-64","Clang 21.1.0 ","-std=c11 -O3 -Wall -Wextra -Wpedantic","game_tick_motion","explicit_stateful","entities_1024",16,8,256,0,1520.736,2000,2500,2800,3100,657576.471,0.000,5750.062,256,0,0,24576,0,0,36864,983735744530131880
"Windows x86-64","Clang 21.1.0 ","-std=c11 -O3 -Wall -Wextra -Wpedantic","game_tick_motion","stateless_replay","entities_1024",16,8,256,0,13424.349,13400,27700,31000,37500,74491.508,151.553,50697.792,256,157,0,0,221184,24576,337920,983735744530131880
"Windows x86-64","Clang 21.1.0 ","-std=c11 -O3 -Wall -Wextra -Wpedantic","game_tick_motion","hidden_stateful","entities_1024",16,8,256,0,1428.785,1300,1700,1900,2000,699895.355,0.000,5406.609,256,0,0,24576,0,0,36864,983735744530131880
"Windows x86-64","Clang 21.1.0 ","-std=c11 -O3 -Wall -Wextra -Wpedantic","game_tick_motion","stateless_replay","entities_1024",16,9,256,0,16503.027,12300,21600,26300,48900,60594.943,92.461,57752.125,256,150,0,0,221184,24576,337920,983735744530131880
"Windows x86-64","Clang 21.1.0 ","-std=c11 -O3 -Wall -Wextra -Wpedantic","game_tick_motion","hidden_stateful","entities_1024",16,9,256,0,1667.598,2000,2700,2800,2800,599665.031,183.003,6314.308,256,0,0,24576,0,0,36864,983735744530131880
"Windows x86-64","Clang 21.1.0 ","-std=c11 -O3 -Wall -Wextra -Wpedantic","game_tick_motion","explicit_stateful","entities_1024",16,9,256,0,1530.148,1400,1700,1800,1800,653531.605,0.000,5770.726,256,0,0,24576,0,0,36864,983735744530131880
"Windows x86-64","Clang 21.1.0 ","-std=c11 -O3 -Wall -Wextra -Wpedantic","game_tick_motion","hidden_stateful","entities_1024",16,10,256,0,1729.171,1400,1700,1800,1900,578311.698,126.062,6527.209,256,0,0,24576,0,0,36864,983735744530131880
"Windows x86-64","Clang 21.1.0 ","-std=c11 -O3 -Wall -Wextra -Wpedantic","game_tick_motion","explicit_stateful","entities_1024",16,10,256,0,1889.079,2000,2400,3200,3300,529358.549,134.623,7111.505,256,0,0,24576,0,0,36864,983735744530131880
"Windows x86-64","Clang 21.1.0 ","-std=c11 -O3 -Wall -Wextra -Wpedantic","game_tick_motion","stateless_replay","entities_1024",16,10,256,0,15407.943,15400,29700,32600,42700,64901.591,132.043,58248.233,256,177,0,0,221184,24576,337920,983735744530131880
"Windows x86-64","Clang 21.1.0 ","-std=c11 -O3 -Wall -Wextra -Wpedantic","game_tick_motion","explicit_stateful","entities_1024",16,11,256,0,1957.793,2000,2300,2600,3300,510779.238,0.000,7406.425,256,0,0,24576,0,0,36864,983735744530131880
"Windows x86-64","Clang 21.1.0 ","-std=c11 -O3 -Wall -Wextra -Wpedantic","game_tick_motion","stateless_replay","entities_1024",16,11,256,0,17275.000,17000,31600,32800,41100,57887.120,117.772,65367.021,256,185,0,0,221184,24576,337920,983735744530131880
"Windows x86-64","Clang 21.1.0 ","-std=c11 -O3 -Wall -Wextra -Wpedantic","game_tick_motion","hidden_stateful","entities_1024",16,11,256,0,1491.227,1400,3400,4400,4500,670588.621,170.540,5652.212,256,0,0,24576,0,0,36864,983735744530131880
"Windows x86-64","Clang 21.1.0 ","-std=c11 -O3 -Wall -Wextra -Wpedantic","game_tick_motion","hidden_stateful","entities_1024",64,1,64,0,1884.208,1700,2000,3200,3200,530726.875,0.000,7124.755,64,0,0,24576,0,0,36864,7713690110741239743
"Windows x86-64","Clang 21.1.0 ","-std=c11 -O3 -Wall -Wextra -Wpedantic","game_tick_motion","explicit_stateful","entities_1024",64,1,64,0,1909.258,2000,2200,3000,3000,523763.733,159.840,7217.072,64,0,0,24576,0,0,36864,7713690110741239743
"Windows x86-64","Clang 21.1.0 ","-std=c11 -O3 -Wall -Wextra -Wpedantic","game_tick_motion","stateless_replay","entities_1024",64,1,64,0,55942.708,63100,120400,127700,127700,17875.431,145.471,211380.729,64,59,14,0,811008,24576,1222656,7713690110741239743
"Windows x86-64","Clang 21.1.0 ","-std=c11 -O3 -Wall -Wextra -Wpedantic","game_tick_motion","explicit_stateful","entities_1024",64,2,64,0,1872.446,1600,2000,4200,4200,534060.728,0.000,7020.364,64,0,0,24576,0,0,36864,7713690110741239743
"Windows x86-64","Clang 21.1.0 ","-std=c11 -O3 -Wall -Wextra -Wpedantic","game_tick_motion","stateless_replay","entities_1024",64,2,64,0,61434.375,56900,106400,115500,115500,16277.532,132.467,230430.667,64,57,8,0,811008,24576,1222656,7713690110741239743
"Windows x86-64","Clang 21.1.0 ","-std=c11 -O3 -Wall -Wextra -Wpedantic","game_tick_motion","hidden_stateful","entities_1024",64,2,64,0,1745.415,1400,1500,3200,3200,572929.739,0.000,6584.577,64,0,0,24576,0,0,36864,7713690110741239743
"Windows x86-64","Clang 21.1.0 ","-std=c11 -O3 -Wall -Wextra -Wpedantic","game_tick_motion","stateless_replay","entities_1024",64,3,64,0,58244.271,54300,86000,108100,108100,17169.071,139.722,218488.677,64,59,1,0,811008,24576,1222656,7713690110741239743
"Windows x86-64","Clang 21.1.0 ","-std=c11 -O3 -Wall -Wextra -Wpedantic","game_tick_motion","hidden_stateful","entities_1024",64,3,64,0,2048.013,1400,2600,2700,2700,488278.244,104.569,7514.881,64,0,0,24576,0,0,36864,7713690110741239743
"Windows x86-64","Clang 21.1.0 ","-std=c11 -O3 -Wall -Wextra -Wpedantic","game_tick_motion","explicit_stateful","entities_1024",64,3,64,0,2315.283,2000,2500,3700,3700,431912.605,164.762,8231.254,64,0,0,24576,0,0,36864,7713690110741239743
"Windows x86-64","Clang 21.1.0 ","-std=c11 -O3 -Wall -Wextra -Wpedantic","game_tick_motion","hidden_stateful","entities_1024",64,4,64,0,2536.444,2100,2600,4600,4600,394252.794,0.000,8785.753,64,0,0,24576,0,0,36864,7713690110741239743
"Windows x86-64","Clang 21.1.0 ","-std=c11 -O3 -Wall -Wextra -Wpedantic","game_tick_motion","explicit_stateful","entities_1024",64,4,64,0,2562.596,2300,2800,22100,22100,390229.260,146.570,8583.303,64,1,0,24576,0,0,36864,7713690110741239743
"Windows x86-64","Clang 21.1.0 ","-std=c11 -O3 -Wall -Wextra -Wpedantic","game_tick_motion","stateless_replay","entities_1024",64,4,64,0,84151.042,81700,182500,977200,977200,11883.394,96.707,289403.885,64,60,25,0,811008,24576,1222656,7713690110741239743
"Windows x86-64","Clang 21.1.0 ","-std=c11 -O3 -Wall -Wextra -Wpedantic","game_tick_motion","explicit_stateful","entities_1024",64,5,64,0,2362.949,2100,2600,3400,3400,423199.906,141.535,8603.988,64,0,0,24576,0,0,36864,7713690110741239743
"Windows x86-64","Clang 21.1.0 ","-std=c11 -O3 -Wall -Wextra -Wpedantic","game_tick_motion","stateless_replay","entities_1024",64,5,64,0,71149.219,68300,118100,135200,135200,14054.968,0.000,260096.094,64,62,15,0,811008,24576,1222656,7713690110741239743
"Windows x86-64","Clang 21.1.0 ","-std=c11 -O3 -Wall -Wextra -Wpedantic","game_tick_motion","hidden_stateful","entities_1024",64,5,64,0,2249.796,2100,2400,3000,3000,444484.706,157.271,8362.896,64,0,0,24576,0,0,36864,7713690110741239743
"Windows x86-64","Clang 21.1.0 ","-std=c11 -O3 -Wall -Wextra -Wpedantic","game_tick_motion","stateless_replay","entities_1024",64,6,64,0,81082.812,73200,155300,159500,159500,12333.070,150.550,273798.328,64,59,25,0,811008,24576,1222656,7713690110741239743
"Windows x86-64","Clang 21.1.0 ","-std=c11 -O3 -Wall -Wextra -Wpedantic","game_tick_motion","hidden_stateful","entities_1024",64,6,64,0,2397.782,2100,2800,16600,16600,417052.047,0.000,8250.251,64,1,0,24576,0,0,36864,7713690110741239743
"Windows x86-64","Clang 21.1.0 ","-std=c11 -O3 -Wall -Wextra -Wpedantic","game_tick_motion","explicit_stateful","entities_1024",64,6,64,0,2395.965,1900,2200,2700,2700,417368.334,128.983,8122.316,64,0,0,24576,0,0,36864,7713690110741239743
"Windows x86-64","Clang 21.1.0 ","-std=c11 -O3 -Wall -Wextra -Wpedantic","game_tick_motion","hidden_stateful","entities_1024",64,7,64,0,2563.728,2400,2800,27400,27400,390057.028,136.041,8145.212,64,1,0,24576,0,0,36864,7713690110741239743
"Windows x86-64","Clang 21.1.0 ","-std=c11 -O3 -Wall -Wextra -Wpedantic","game_tick_motion","explicit_stateful","entities_1024",64,7,64,0,2348.211,1900,2400,23900,23900,425856.166,167.692,7961.093,64,2,0,24576,0,0,36864,7713690110741239743
"Windows x86-64","Clang 21.1.0 ","-std=c11 -O3 -Wall -Wextra -Wpedantic","game_tick_motion","stateless_replay","entities_1024",64,7,64,0,99601.562,73100,284900,687600,687600,10040.003,0.000,271294.344,64,59,23,0,811008,24576,1222656,7713690110741239743
"Windows x86-64","Clang 21.1.0 ","-std=c11 -O3 -Wall -Wextra -Wpedantic","game_tick_motion","explicit_stateful","entities_1024",64,8,64,0,3382.928,1800,2300,25500,25500,295601.895,0.000,8201.485,64,1,0,24576,0,0,36864,7713690110741239743
"Windows x86-64","Clang 21.1.0 ","-std=c11 -O3 -Wall -Wextra -Wpedantic","game_tick_motion","stateless_replay","entities_1024",64,8,64,0,102795.312,71200,272400,6045100,6045100,9728.070,118.751,244651.469,64,60,20,0,811008,24576,1222656,7713690110741239743
"Windows x86-64","Clang 21.1.0 ","-std=c11 -O3 -Wall -Wextra -Wpedantic","game_tick_motion","hidden_stateful","entities_1024",64,8,64,0,4326.788,1800,2300,128900,128900,231118.316,62.695,7919.995,64,1,1,24576,0,0,36864,7713690110741239743
"Windows x86-64","Clang 21.1.0 ","-std=c11 -O3 -Wall -Wextra -Wpedantic","game_tick_motion","stateless_replay","entities_1024",64,9,64,0,82239.062,62500,124500,181300,181300,12159.672,148.433,258765.531,64,60,13,0,811008,24576,1222656,7713690110741239743
"Windows x86-64","Clang 21.1.0 ","-std=c11 -O3 -Wall -Wextra -Wpedantic","game_tick_motion","hidden_stateful","entities_1024",64,9,64,0,3112.587,2100,2500,3400,3400,321276.180,108.940,7935.667,64,0,0,24576,0,0,36864,7713690110741239743
"Windows x86-64","Clang 21.1.0 ","-std=c11 -O3 -Wall -Wextra -Wpedantic","game_tick_motion","explicit_stateful","entities_1024",64,9,64,0,2289.062,2200,2400,3300,3300,436860.068,0.000,8154.866,64,0,0,24576,0,0,36864,7713690110741239743
"Windows x86-64","Clang 21.1.0 ","-std=c11 -O3 -Wall -Wextra -Wpedantic","game_tick_motion","hidden_stateful","entities_1024",64,10,64,0,2275.336,1800,2000,2700,2700,439495.525,115.375,8127.293,64,0,0,24576,0,0,36864,7713690110741239743
"Windows x86-64","Clang 21.1.0 ","-std=c11 -O3 -Wall -Wextra -Wpedantic","game_tick_motion","explicit_stateful","entities_1024",64,10,64,0,2056.494,2100,2500,30000,30000,486264.604,154.178,7575.686,64,1,0,24576,0,0,36864,7713690110741239743
"Windows x86-64","Clang 21.1.0 ","-std=c11 -O3 -Wall -Wextra -Wpedantic","game_tick_motion","stateless_replay","entities_1024",64,10,64,0,85235.156,76700,150000,170600,170600,11732.248,143.216,285266.133,64,60,21,0,811008,24576,1222656,7713690110741239743
"Windows x86-64","Clang 21.1.0 ","-std=c11 -O3 -Wall -Wextra -Wpedantic","game_tick_motion","explicit_stateful","entities_1024",64,11,64,0,2382.692,2300,9900,36700,36700,419693.301,0.000,8879.244,64,3,0,24576,0,0,36864,7713690110741239743
"Windows x86-64","Clang 21.1.0 ","-std=c11 -O3 -Wall -Wextra -Wpedantic","game_tick_motion","stateless_replay","entities_1024",64,11,64,0,67592.708,63900,113800,142200,142200,14794.495,120.398,253269.688,64,60,7,0,811008,24576,1222656,7713690110741239743
"Windows x86-64","Clang 21.1.0 ","-std=c11 -O3 -Wall -Wextra -Wpedantic","game_tick_motion","hidden_stateful","entities_1024",64,11,64,0,2134.896,2200,2600,4000,4000,468406.929,158.829,7791.536,64,0,0,24576,0,0,36864,7713690110741239743
"Windows x86-64","Clang 21.1.0 ","-std=c11 -O3 -Wall -Wextra -Wpedantic","game_tick_motion","hidden_stateful","entities_4096",1,1,488,0,10032.923,9700,11800,21100,92400,99671.845,106.378,37664.955,488,207,0,98304,0,0,147456,12750534038178684300
"Windows x86-64","Clang 21.1.0 ","-std=c11 -O3 -Wall -Wextra -Wpedantic","game_tick_motion","explicit_stateful","entities_4096",1,1,488,0,11131.865,10200,13000,27400,37800,89832.209,143.814,40298.680,488,262,0,98304,0,0,147456,12750534038178684300
"Windows x86-64","Clang 21.1.0 ","-std=c11 -O3 -Wall -Wextra -Wpedantic","game_tick_motion","stateless_replay","entities_4096",1,1,488,0,11783.402,11000,14200,33800,108400,84865.137,135.862,43573.641,488,388,1,0,147456,98304,245760,12750534038178684300
"Windows x86-64","Clang 21.1.0 ","-std=c11 -O3 -Wall -Wextra -Wpedantic","game_tick_motion","explicit_stateful","entities_4096",1,2,488,0,11756.762,11800,13600,20100,36600,85057.431,136.170,43297.718,488,461,0,98304,0,0,147456,12750534038178684300
"Windows x86-64","Clang 21.1.0 ","-std=c11 -O3 -Wall -Wextra -Wpedantic","game_tick_motion","stateless_replay","entities_4096",1,2,488,0,13318.750,11500,13800,39300,449200,75082.121,0.000,43677.018,488,451,3,0,147456,98304,245760,12750534038178684300
"Windows x86-64","Clang 21.1.0 ","-std=c11 -O3 -Wall -Wextra -Wpedantic","game_tick_motion","hidden_stateful","entities_4096",1,2,488,0,13505.225,11200,22700,90800,246800,74045.414,118.541,43158.976,488,431,3,98304,0,0,147456,12750534038178684300
"Windows x86-64","Clang 21.1.0 ","-std=c11 -O3 -Wall -Wextra -Wpedantic","game_tick_motion","stateless_replay","entities_4096",1,3,488,0,13927.049,11800,14000,39900,88500,71802.719,0.000,46821.015,488,476,0,0,147456,98304,245760,12750534038178684300
"Windows x86-64","Clang 21.1.0 ","-std=c11 -O3 -Wall -Wextra -Wpedantic","game_tick_motion","hidden_stateful","entities_4096",1,3,488,0,22372.234,12200,15100,32600,821000,44698.264,71.558,51627.939,488,477,3,98304,0,0,147456,12750534038178684300
"Windows x86-64","Clang 21.1.0 ","-std=c11 -O3 -Wall -Wextra -Wpedantic","game_tick_motion","explicit_stateful","entities_4096",1,3,488,0,17699.180,12800,26300,119000,562600,56499.792,90.452,53873.037,488,479,6,98304,0,0,147456,12750534038178684300
"Windows x86-64","Clang 21.1.0 ","-std=c11 -O3 -Wall -Wextra -Wpedantic","game_tick_motion","hidden_stateful","entities_4096",1,4,488,0,18576.230,13500,26500,71500,326800,53832.238,172.362,55063.398,488,488,3,98304,0,0,147456,12750534038178684300
"Windows x86-64","Clang 21.1.0 ","-std=c11 -O3 -Wall -Wextra -Wpedantic","game_tick_motion","explicit_stateful","entities_4096",1,4,488,0,19148.873,14100,43400,152600,827700,52222.395,167.208,54522.826,488,488,16,98304,0,0,147456,12750534038178684300
"Windows x86-64","Clang 21.1.0 ","-std=c11 -O3 -Wall -Wextra -Wpedantic","game_tick_motion","stateless_replay","entities_4096",1,4,488,0,15316.496,14100,47300,122500,379500,65289.085,104.523,51715.774,488,488,8,0,147456,98304,245760,12750534038178684300
"Windows x86-64","Clang 21.1.0 ","-std=c11 -O3 -Wall -Wextra -Wpedantic","game_tick_motion","explicit_stateful","entities_4096",1,5,488,0,26665.574,13200,50200,5076800,17682800,37501.537,60.037,67097.238,488,488,18,98304,0,0,147456,12750534038178684300
"Windows x86-64","Clang 21.1.0 ","-std=c11 -O3 -Wall -Wextra -Wpedantic","game_tick_motion","stateless_replay","entities_4096",1,5,488,0,15861.783,18000,20800,51100,89000,63044.616,100.930,58812.869,488,488,0,0,147456,98304,245760,12750534038178684300
"Windows x86-64","Clang 21.1.0 ","-std=c11 -O3 -Wall -Wextra -Wpedantic","game_tick_motion","hidden_stateful","entities_4096",1,5,488,0,11333.197,14800,17800,29300,52200,88236.358,141.260,42851.572,488,488,0,98304,0,0,147456,12750534038178684300
"Windows x86-64","Clang 21.1.0 ","-std=c11 -O3 -Wall -Wextra -Wpedantic","game_tick_motion","stateless_replay","entities_4096",1,6,488,0,10735.451,14800,16700,20300,39800,93149.325,149.125,40523.307,488,483,0,0,147456,98304,245760,12750534038178684300
"Windows x86-64","Clang 21.1.0 ","-std=c11 -O3 -Wall -Wextra -Wpedantic","game_tick_motion","hidden_stateful","entities_4096",1,6,488,0,10356.148,9900,13600,15300,20100,96561.004,154.587,39172.443,488,58,0,98304,0,0,147456,12750534038178684300
"Windows x86-64","Clang 21.1.0 ","-std=c11 -O3 -Wall -Wextra -Wpedantic","game_tick_motion","explicit_stateful","entities_4096",1,6,488,0,10568.750,14700,15900,18400,30400,94618.569,151.477,39915.498,488,488,0,98304,0,0,147456,12750534038178684300
"Windows x86-64","Clang 21.1.0 ","-std=c11 -O3 -Wall -Wextra -Wpedantic","game_tick_motion","hidden_stateful","entities_4096",1,7,488,0,10909.324,11800,14600,18700,42600,91664.710,146.748,41274.911,488,313,0,98304,0,0,147456,12750534038178684300
"Windows x86-64","Clang 21.1.0 ","-std=c11 -O3 -Wall -Wextra -Wpedantic","game_tick_motion","explicit_stateful","entities_4096",1,7,488,0,11171.107,9000,13800,22400,24500,89516.647,143.309,41721.834,488,88,0,98304,0,0,147456,12750534038178684300
"Windows x86-64","Clang 21.1.0 ","-std=c11 -O3 -Wall -Wextra -Wpedantic","game_tick_motion","stateless_replay","entities_4096",1,7,488,0,11382.480,12300,13600,16800,50000,87854.320,0.000,42977.490,488,488,0,0,147456,98304,245760,12750534038178684300
"Windows x86-64","Clang 21.1.0 ","-std=c11 -O3 -Wall -Wextra -Wpedantic","game_tick_motion","explicit_stateful","entities_4096",1,8,488,0,12195.799,9000,13400,14200,22800,81995.447,131.268,46134.304,488,241,0,98304,0,0,147456,12750534038178684300
"Windows x86-64","Clang 21.1.0 ","-std=c11 -O3 -Wall -Wextra -Wpedantic","game_tick_motion","stateless_replay","entities_4096",1,8,488,0,10839.652,12600,15800,84300,172900,92253.887,147.691,40664.770,488,420,1,0,147456,98304,245760,12750534038178684300
"Windows x86-64","Clang 21.1.0 ","-std=c11 -O3 -Wall -Wextra -Wpedantic","game_tick_motion","hidden_stateful","entities_4096",1,8,488,0,11414.447,11200,14100,16600,33300,87608.276,140.254,42655.707,488,309,0,98304,0,0,147456,12750534038178684300
"Windows x86-64","Clang 21.1.0 ","-std=c11 -O3 -Wall -Wextra -Wpedantic","game_tick_motion","stateless_replay","entities_4096",1,9,488,0,10729.303,8500,12300,13600,30900,93202.697,149.210,40405.555,488,118,0,0,147456,98304,245760,12750534038178684300
"Windows x86-64","Clang 21.1.0 ","-std=c11 -O3 -Wall -Wextra -Wpedantic","game_tick_motion","hidden_stateful","entities_4096",1,9,488,0,9135.246,8100,11600,15500,19300,109466.128,175.247,34490.651,488,69,0,98304,0,0,147456,12750534038178684300
"Windows x86-64","Clang 21.1.0 ","-std=c11 -O3 -Wall -Wextra -Wpedantic","game_tick_motion","explicit_stateful","entities_4096",1,9,488,0,9842.896,11100,13600,25000,38300,101596.114,108.432,37135.386,488,356,0,98304,0,0,147456,12750534038178684300
"Windows x86-64","Clang 21.1.0 ","-std=c11 -O3 -Wall -Wextra -Wpedantic","game_tick_motion","hidden_stateful","entities_4096",1,10,488,0,10192.213,8100,11800,12600,28300,98114.118,0.000,38500.116,488,127,0,98304,0,0,147456,12750534038178684300
"Windows x86-64","Clang 21.1.0 ","-std=c11 -O3 -Wall -Wextra -Wpedantic","game_tick_motion","explicit_stateful","entities_4096",1,10,488,0,9906.831,7600,11100,12800,16800,100940.456,107.732,37495.255,488,82,0,98304,0,0,147456,12750534038178684300
"Windows x86-64","Clang 21.1.0 ","-std=c11 -O3 -Wall -Wextra -Wpedantic","game_tick_motion","stateless_replay","entities_4096",1,10,488,0,10474.795,10300,11700,15700,24800,95467.261,152.836,39548.244,488,328,0,0,147456,98304,245760,12750534038178684300
"Windows x86-64","Clang 21.1.0 ","-std=c11 -O3 -Wall -Wextra -Wpedantic","game_tick_motion","explicit_stateful","entities_4096",1,11,488,0,10586.544,8800,12400,101900,168800,94459.535,100.815,39829.088,488,159,5,98304,0,0,147456,12750534038178684300
"Windows x86-64","Clang 21.1.0 ","-std=c11 -O3 -Wall -Wextra -Wpedantic","game_tick_motion","stateless_replay","entities_4096",1,11,488,0,13533.402,12800,16300,36700,94900,73891.253,118.294,48970.117,488,442,0,0,147456,98304,245760,12750534038178684300
"Windows x86-64","Clang 21.1.0 ","-std=c11 -O3 -Wall -Wextra -Wpedantic","game_tick_motion","hidden_stateful","entities_4096",1,11,488,0,15422.131,13700,17000,19500,31800,64841.881,103.807,54204.534,488,463,0,98304,0,0,147456,12750534038178684300
"Windows x86-64","Clang 21.1.0 ","-std=c11 -O3 -Wall -Wextra -Wpedantic","game_tick_motion","hidden_stateful","entities_4096",4,1,244,0,12747.678,12100,15900,17500,28000,78445.661,0.000,43283.727,244,220,0,98304,0,0,147456,10439740204959961726
"Windows x86-64","Clang 21.1.0 ","-std=c11 -O3 -Wall -Wextra -Wpedantic","game_tick_motion","explicit_stateful","entities_4096",4,1,244,0,13979.918,11700,19500,40200,153000,71531.178,114.516,48160.603,244,212,1,98304,0,0,147456,10439740204959961726
"Windows x86-64","Clang 21.1.0 ","-std=c11 -O3 -Wall -Wextra -Wpedantic","game_tick_motion","stateless_replay","entities_4096",4,1,244,0,41601.639,36200,69500,146400,360200,24037.514,76.964,132554.465,244,244,3,0,294912,98304,466944,10439740204959961726
"Windows x86-64","Clang 21.1.0 ","-std=c11 -O3 -Wall -Wextra -Wpedantic","game_tick_motion","explicit_stateful","entities_4096",4,2,244,0,14055.601,12900,18500,43900,56600,71146.015,0.000,50418.400,244,244,0,98304,0,0,147456,10439740204959961726
"Windows x86-64","Clang 21.1.0 ","-std=c11 -O3 -Wall -Wextra -Wpedantic","game_tick_motion","stateless_replay","entities_4096",4,2,244,0,66030.328,38800,92500,224000,2164900,15144.556,96.981,143787.324,244,244,12,0,294912,98304,466944,10439740204959961726
"Windows x86-64","Clang 21.1.0 ","-std=c11 -O3 -Wall -Wextra -Wpedantic","game_tick_motion","hidden_stateful","entities_4096",4,2,244,0,38650.137,15100,21000,28500,749900,25873.130,55.228,57157.195,244,244,2,98304,0,0,147456,10439740204959961726
"Windows x86-64","Clang 21.1.0 ","-std=c11 -O3 -Wall -Wextra -Wpedantic","game_tick_motion","stateless_replay","entities_4096",4,3,244,0,59997.951,44700,82600,344000,520600,16667.236,0.000,159103.922,244,244,10,0,294912,98304,466944,10439740204959961726
"Windows x86-64","Clang 21.1.0 ","-std=c11 -O3 -Wall -Wextra -Wpedantic","game_tick_motion","hidden_stateful","entities_4096",4,3,244,0,26496.107,16400,24300,41400,297400,37741.394,0.000,71877.348,244,244,1,98304,0,0,147456,10439740204959961726
"Windows x86-64","Clang 21.1.0 ","-std=c11 -O3 -Wall -Wextra -Wpedantic","game_tick_motion","explicit_stateful","entities_4096",4,3,244,0,58159.221,17500,47300,263200,495800,17194.178,55.053,77831.895,244,244,4,98304,0,0,147456,10439740204959961726
"Windows x86-64","Clang 21.1.0 ","-std=c11 -O3 -Wall -Wextra -Wpedantic","game_tick_motion","hidden_stateful","entities_4096",4,4,244,0,42923.361,21500,64700,366200,868400,23297.337,74.594,91591.621,244,244,9,98304,0,0,147456,10439740204959961726
"Windows x86-64","Clang 21.1.0 ","-std=c11 -O3 -Wall -Wextra -Wpedantic","game_tick_motion","explicit_stateful","entities_4096",4,4,244,0,171675.000,31300,122300,9448200,23351200,5824.960,37.301,139252.852,244,244,14,98304,0,0,147456,10439740204959961726
"Windows x86-64","Clang 21.1.0 ","-std=c11 -O3 -Wall -Wextra -Wpedantic","game_tick_motion","stateless_replay","entities_4096",4,4,244,0,115620.082,93500,235600,976300,9954600,8649.017,55.386,333508.844,244,244,114,0,294912,98304,466944,10439740204959961726
"Windows x86-64","Clang 21.1.0 ","-std=c11 -O3 -Wall -Wextra -Wpedantic","game_tick_motion","explicit_stateful","entities_4096",4,5,244,0,57710.041,33200,63300,337900,18526500,17328.007,110.963,136498.262,244,244,7,98304,0,0,147456,10439740204959961726
"Windows x86-64","Clang 21.1.0 ","-std=c11 -O3 -Wall -Wextra -Wpedantic","game_tick_motion","stateless_replay","entities_4096",4,5,244,0,113949.590,94900,223400,624900,20182600,8775.810,112.395,343858.762,244,244,110,0,294912,98304,466944,10439740204959961726
"Windows x86-64","Clang 21.1.0 ","-std=c11 -O3 -Wall -Wextra -Wpedantic","game_tick_motion","hidden_stateful","entities_4096",4,5,244,0,47424.795,34100,69700,355700,5079400,21086.016,135.028,125807.906,244,244,7,98304,0,0,147456,10439740204959961726
"Windows x86-64","Clang 21.1.0 ","-std=c11 -O3 -Wall -Wextra -Wpedantic","game_tick_motion","stateless_replay","entities_4096",4,6,244,0,119588.115,92200,306700,1766800,2781500,8362.035,53.548,324270.422,244,244,108,0,294912,98304,466944,10439740204959961726
"Windows x86-64","Clang 21.1.0 ","-std=c11 -O3 -Wall -Wextra -Wpedantic","game_tick_motion","hidden_stateful","entities_4096",4,6,244,0,49567.213,31800,109800,892200,1548900,20174.626,129.192,139044.533,244,244,13,98304,0,0,147456,10439740204959961726
"Windows x86-64","Clang 21.1.0 ","-std=c11 -O3 -Wall -Wextra -Wpedantic","game_tick_motion","explicit_stateful","entities_4096",4,6,244,0,51197.131,32300,64500,208300,411600,19532.344,62.540,137067.980,244,244,6,98304,0,0,147456,10439740204959961726
"Windows x86-64","Clang 21.1.0 ","-std=c11 -O3 -Wall -Wextra -Wpedantic","game_tick_motion","hidden_stateful","entities_4096",4,7,244,0,45885.656,35500,147700,475900,964900,21793.303,139.558,133383.033,244,244,17,98304,0,0,147456,10439740204959961726
"Windows x86-64","Clang 21.1.0 ","-std=c11 -O3 -Wall -Wextra -Wpedantic","game_tick_motion","explicit_stateful","entities_4096",4,7,244,0,48362.295,35600,66600,197000,766900,20677.265,0.000,139210.869,244,244,7,98304,0,0,147456,10439740204959961726
"Windows x86-64","Clang 21.1.0 ","-std=c11 -O3 -Wall -Wextra -Wpedantic","game_tick_motion","stateless_replay","entities_4096",4,7,244,0,87103.279,94000,167300,330600,2202800,11480.624,73.518,301734.705,244,244,109,0,294912,98304,466944,10439740204959961726
"Windows x86-64","Clang 21.1.0 ","-std=c11 -O3 -Wall -Wextra -Wpedantic","game_tick_motion","explicit_stateful","entities_4096",4,8,244,0,42288.525,33700,53000,88200,287800,23647.077,75.714,133716.463,244,244,1,98304,0,0,147456,10439740204959961726
"Windows x86-64","Clang 21.1.0 ","-std=c11 -O3 -Wall -Wextra -Wpedantic","game_tick_motion","stateless_replay","entities_4096",4,8,244,0,117560.246,98000,263500,936700,1552600,8506.277,108.943,346855.861,244,244,117,0,294912,98304,466944,10439740204959961726
"Windows x86-64","Clang 21.1.0 ","-std=c11 -O3 -Wall -Wextra -Wpedantic","game_tick_motion","hidden_stateful","entities_4096",4,8,244,0,40999.590,33200,117200,724700,1175600,24390.488,0.000,137584.861,244,244,14,98304,0,0,147456,10439740204959961726
"Windows x86-64","Clang 21.1.0 ","-std=c11 -O3 -Wall -Wextra -Wpedantic","game_tick_motion","stateless_replay","entities_4096",4,9,244,0,123279.098,94500,194300,670700,4770600,8111.675,103.889,343372.205,244,244,113,0,294912,98304,466944,10439740204959961726
"Windows x86-64","Clang 21.1.0 ","-std=c11 -O3 -Wall -Wextra -Wpedantic","game_tick_motion","hidden_stateful","entities_4096",4,9,244,0,40290.984,33800,157400,1513700,3453900,24819.449,158.936,126180.984,244,244,19,98304,0,0,147456,10439740204959961726
"Windows x86-64","Clang 21.1.0 ","-std=c11 -O3 -Wall -Wextra -Wpedantic","game_tick_motion","explicit_stateful","entities_4096",4,9,244,0,44526.639,31900,101500,508900,1556300,22458.466,143.817,128058.836,244,244,13,98304,0,0,147456,10439740204959961726
"Windows x86-64","Clang 21.1.0 ","-std=c11 -O3 -Wall -Wextra -Wpedantic","game_tick_motion","hidden_stateful","entities_4096",4,10,244,0,66491.393,30200,78100,165600,796000,15039.540,48.154,129660.752,244,244,8,98304,0,0,147456,10439740204959961726
"Windows x86-64","Clang 21.1.0 ","-std=c11 -O3 -Wall -Wextra -Wpedantic","game_tick_motion","explicit_stateful","entities_4096",4,10,244,0,44011.475,33000,98900,561000,2374300,22721.347,145.500,123118.611,244,244,12,98304,0,0,147456,10439740204959961726
"Windows x86-64","Clang 21.1.0 ","-std=c11 -O3 -Wall -Wextra -Wpedantic","game_tick_motion","stateless_replay","entities_4096",4,10,244,0,102956.967,86500,284500,400300,791700,9712.796,62.198,341284.492,244,244,101,0,294912,98304,466944,10439740204959961726
"Windows x86-64","Clang 21.1.0 ","-std=c11 -O3 -Wall -Wextra -Wpedantic","game_tick_motion","explicit_stateful","entities_4096",4,11,244,0,39436.885,29100,58100,91500,162400,25356.972,81.189,133145.176,244,244,1,98304,0,0,147456,10439740204959961726
"Windows x86-64","Clang 21.1.0 ","-std=c11 -O3 -Wall -Wextra -Wpedantic","game_tick_motion","stateless_replay","entities_4096",4,11,244,0,81046.311,85100,177900,383400,711100,12338.624,79.013,299171.311,244,244,98,0,294912,98304,466944,10439740204959961726
"Windows x86-64","Clang 21.1.0 ","-std=c11 -O3 -Wall -Wextra -Wpedantic","game_tick_motion","hidden_stateful","entities_4096",4,11,244,0,24722.336,26300,40200,136000,193500,40449.252,129.512,93201.318,244,244,5,98304,0,0,147456,10439740204959961726
"Windows x86-64","Clang 21.1.0 ","-std=c11 -O3 -Wall -Wextra -Wpedantic","game_tick_motion","hidden_stateful","entities_4096",16,1,64,0,35045.312,29600,40100,93300,93300,28534.487,0.000,120337.663,64,64,0,98304,0,0,147456,13599424736866091172
"Windows x86-64","Clang 21.1.0 ","-std=c11 -O3 -Wall -Wextra -Wpedantic","game_tick_motion","explicit_stateful","entities_4096",16,1,64,0,26626.823,28000,33300,78300,78300,37556.114,152.816,99140.526,64,64,0,98304,0,0,147456,13599424736866091172
"Windows x86-64","Clang 21.1.0 ","-std=c11 -O3 -Wall -Wextra -Wpedantic","game_tick_motion","stateless_replay","entities_4096",16,1,64,0,187726.562,232700,438300,486200,486200,5326.897,130.051,705782.516,64,64,50,0,884736,98304,1351680,13599424736866091172
"Windows x86-64","Clang 21.1.0 ","-std=c11 -O3 -Wall -Wextra -Wpedantic","game_tick_motion","explicit_stateful","entities_4096",16,2,64,0,22748.177,27100,34800,71600,71600,43959.566,178.872,85585.490,64,64,0,98304,0,0,147456,13599424736866091172
"Windows x86-64","Clang 21.1.0 ","-std=c11 -O3 -Wall -Wextra -Wpedantic","game_tick_motion","stateless_replay","entities_4096",16,2,64,0,200170.312,156500,350700,405900,405900,4995.746,121.966,753906.125,64,64,46,0,884736,98304,1351680,13599424736866091172
"Windows x86-64","Clang 21.1.0 ","-std=c11 -O3 -Wall -Wextra -Wpedantic","game_tick_motion","hidden_stateful","entities_4096",16,2,64,0,19614.915,15100,21800,34000,34000,50981.613,113.152,73952.726,64,64,0,98304,0,0,147456,13599424736866091172
"Windows x86-64","Clang 21.1.0 ","-std=c11 -O3 -Wall -Wextra -Wpedantic","game_tick_motion","stateless_replay","entities_4096",16,3,64,0,151909.375,123000,238600,276400,276400,6582.872,80.357,572256.992,64,64,40,0,884736,98304,1351680,13599424736866091172
"Windows x86-64","Clang 21.1.0 ","-std=c11 -O3 -Wall -Wextra -Wpedantic","game_tick_motion","hidden_stateful","entities_4096",16,3,64,0,19425.195,20900,29600,53500,53500,51479.534,157.103,73243.418,64,64,0,98304,0,0,147456,13599424736866091172
"Windows x86-64","Clang 21.1.0 ","-std=c11 -O3 -Wall -Wextra -Wpedantic","game_tick_motion","explicit_stateful","entities_4096",16,3,64,0,22534.801,14900,23000,36100,36100,44375.808,98.490,83108.183,64,64,0,98304,0,0,147456,13599424736866091172
"Windows x86-64","Clang 21.1.0 ","-std=c11 -O3 -Wall -Wextra -Wpedantic","game_tick_motion","hidden_stateful","entities_4096",16,4,64,0,22029.492,22900,32200,53800,53800,45393.693,138.531,82930.387,64,64,0,98304,0,0,147456,13599424736866091172
"Windows x86-64","Clang 21.1.0 ","-std=c11 -O3 -Wall -Wextra -Wpedantic","game_tick_motion","explicit_stateful","entities_4096",16,4,64,0,19843.750,16400,24900,105100,105100,50393.701,123.031,72339.030,64,64,1,98304,0,0,147456,13599424736866091172
"Windows x86-64","Clang 21.1.0 ","-std=c11 -O3 -Wall -Wextra -Wpedantic","game_tick_motion","stateless_replay","entities_4096",16,4,64,0,163070.312,143700,307700,389400,389400,6132.324,149.715,614525.297,64,64,43,0,884736,98304,1351680,13599424736866091172
"Windows x86-64","Clang 21.1.0 ","-std=c11 -O3 -Wall -Wextra -Wpedantic","game_tick_motion","explicit_stateful","entities_4096",16,5,64,0,18187.642,14400,22500,42500,42500,54982.388,122.031,68539.080,64,64,0,98304,0,0,147456,13599424736866091172
"Windows x86-64","Clang 21.1.0 ","-std=c11 -O3 -Wall -Wextra -Wpedantic","game_tick_motion","stateless_replay","entities_4096",16,5,64,0,149531.250,163700,320600,339700,339700,6687.565,81.635,563136.016,64,64,48,0,884736,98304,1351680,13599424736866091172
"Windows x86-64","Clang 21.1.0 ","-std=c11 -O3 -Wall -Wextra -Wpedantic","game_tick_motion","hidden_stateful","entities_4096",16,5,64,0,21168.945,21200,29600,80800,80800,47239.009,144.162,79737.453,64,64,0,98304,0,0,147456,13599424736866091172
"Windows x86-64","Clang 21.1.0 ","-std=c11 -O3 -Wall -Wextra -Wpedantic","game_tick_motion","stateless_replay","entities_4096",16,6,64,0,169614.062,174300,353200,455800,455800,5895.738,143.939,636678.719,64,64,46,0,884736,98304,1351680,13599424736866091172
"Windows x86-64","Clang 21.1.0 ","-std=c11 -O3 -Wall -Wextra -Wpedantic","game_tick_motion","hidden_stateful","entities_4096",16,6,64,0,18172.098,20200,27000,60400,60400,55029.419,191.927,68572.022,64,64,0,98304,0,0,147456,13599424736866091172
"Windows x86-64","Clang 21.1.0 ","-std=c11 -O3 -Wall -Wextra -Wpedantic","game_tick_motion","explicit_stateful","entities_4096",16,6,64,0,22952.344,18900,23300,27000,27000,43568.535,132.961,86044.797,64,64,0,98304,0,0,147456,13599424736866091172
"Windows x86-64","Clang 21.1.0 ","-std=c11 -O3 -Wall -Wextra -Wpedantic","game_tick_motion","hidden_stateful","entities_4096",16,7,64,0,20625.670,25600,36500,62900,62900,48483.274,169.096,77206.176,64,64,0,98304,0,0,147456,13599424736866091172
"Windows x86-64","Clang 21.1.0 ","-std=c11 -O3 -Wall -Wextra -Wpedantic","game_tick_motion","explicit_stateful","entities_4096",16,7,64,0,18558.482,22400,28100,39400,39400,53883.717,187.931,69844.542,64,64,0,98304,0,0,147456,13599424736866091172
"Windows x86-64","Clang 21.1.0 ","-std=c11 -O3 -Wall -Wextra -Wpedantic","game_tick_motion","stateless_replay","entities_4096",16,7,64,0,163465.625,164200,316400,345500,345500,6117.494,0.000,616812.922,64,64,45,0,884736,98304,1351680,13599424736866091172
"Windows x86-64","Clang 21.1.0 ","-std=c11 -O3 -Wall -Wextra -Wpedantic","game_tick_motion","explicit_stateful","entities_4096",16,8,64,0,20839.648,18300,24200,26600,26600,47985.454,0.000,78538.809,64,64,0,98304,0,0,147456,13599424736866091172
"Windows x86-64","Clang 21.1.0 ","-std=c11 -O3 -Wall -Wextra -Wpedantic","game_tick_motion","stateless_replay","entities_4096",16,8,64,0,166248.438,159900,353900,383100,383100,6015.094,0.000,620683.000,64,64,45,0,884736,98304,1351680,13599424736866091172
"Windows x86-64","Clang 21.1.0 ","-std=c11 -O3 -Wall -Wextra -Wpedantic","game_tick_motion","hidden_stateful","entities_4096",16,8,64,0,22035.714,27700,116500,308000,308000,45380.875,0.000,82631.518,64,64,6,98304,0,0,147456,13599424736866091172
"Windows x86-64","Clang 21.1.0 ","-std=c11 -O3 -Wall -Wextra -Wpedantic","game_tick_motion","stateless_replay","entities_4096",16,9,64,0,237606.250,248100,484100,554700,554700,4208.644,102.750,892901.828,64,64,53,0,884736,98304,1351680,13599424736866091172
"Windows x86-64","Clang 21.1.0 ","-std=c11 -O3 -Wall -Wextra -Wpedantic","game_tick_motion","hidden_stateful","entities_4096",16,9,64,0,27277.604,26900,41100,63800,63800,36660.111,149.170,101966.503,64,64,0,98304,0,0,147456,13599424736866091172
"Windows x86-64","Clang 21.1.0 ","-std=c11 -O3 -Wall -Wextra -Wpedantic","game_tick_motion","explicit_stateful","entities_4096",16,9,64,0,27595.703,21700,32600,47000,47000,36237.526,110.588,101288.650,64,64,0,98304,0,0,147456,13599424736866091172
"Windows x86-64","Clang 21.1.0 ","-std=c11 -O3 -Wall -Wextra -Wpedantic","game_tick_motion","hidden_stateful","entities_4096",16,10,64,0,29585.677,30600,47400,65800,65800,33800.139,137.533,106683.062,64,64,0,98304,0,0,147456,13599424736866091172
"Windows x86-64","Clang 21.1.0 ","-std=c11 -O3 -Wall -Wextra -Wpedantic","game_tick_motion","explicit_stateful","entities_4096",16,10,64,0,26229.167,24800,53300,80600,80600,38125.496,155.133,96731.378,64,64,0,98304,0,0,147456,13599424736866091172
"Windows x86-64","Clang 21.1.0 ","-std=c11 -O3 -Wall -Wextra -Wpedantic","game_tick_motion","stateless_replay","entities_4096",16,10,64,0,239967.188,237200,453700,500400,500400,4167.236,101.739,892771.516,64,64,52,0,884736,98304,1351680,13599424736866091172
"Windows x86-64","Clang 21.1.0 ","-std=c11 -O3 -Wall -Wextra -Wpedantic","game_tick_motion","explicit_stateful","entities_4096",16,11,64,0,22346.205,30000,38500,73200,73200,44750.327,0.000,84398.484,64,64,0,98304,0,0,147456,13599424736866091172
"Windows x86-64","Clang 21.1.0 ","-std=c11 -O3 -Wall -Wextra -Wpedantic","game_tick_motion","stateless_replay","entities_4096",16,11,64,0,285873.438,259900,538600,1825200,1825200,3498.051,85.402,1023878.859,64,64,54,0,884736,98304,1351680,13599424736866091172
"Windows x86-64","Clang 21.1.0 ","-std=c11 -O3 -Wall -Wextra -Wpedantic","game_tick_motion","hidden_stateful","entities_4096",16,11,64,0,33738.125,29500,39600,71200,71200,29640.059,144.727,119323.047,64,64,0,98304,0,0,147456,13599424736866091172
"Windows x86-64","Clang 21.1.0 ","-std=c11 -O3 -Wall -Wextra -Wpedantic","game_tick_motion","hidden_stateful","entities_4096",64,1,64,0,33642.812,32400,72100,85200,85200,29724.031,145.137,117340.003,64,64,0,98304,0,0,147456,17976087613289073894
"Windows x86-64","Clang 21.1.0 ","-std=c11 -O3 -Wall -Wextra -Wpedantic","game_tick_motion","explicit_stateful","entities_4096",64,1,64,0,31999.740,34100,47500,82500,82500,31250.254,0.000,110961.055,64,64,0,98304,0,0,147456,17976087613289073894
"Windows x86-64","Clang 21.1.0 ","-std=c11 -O3 -Wall -Wextra -Wpedantic","game_tick_motion","stateless_replay","entities_4096",64,1,64,0,855878.125,896700,1631200,1816800,1816800,1168.391,85.575,3206323.625,64,64,64,0,3244032,98304,4890624,17976087613289073894
"Windows x86-64","Clang 21.1.0 ","-std=c11 -O3 -Wall -Wextra -Wpedantic","game_tick_motion","explicit_stateful","entities_4096",64,2,64,0,27841.927,17900,27600,42100,42100,35917.054,0.000,104492.214,64,64,0,98304,0,0,147456,17976087613289073894
"Windows x86-64","Clang 21.1.0 ","-std=c11 -O3 -Wall -Wextra -Wpedantic","game_tick_motion","stateless_replay","entities_4096",64,2,64,0,780943.750,740900,1876900,2573000,2573000,1280.502,93.787,2880937.625,64,64,62,0,3244032,98304,4890624,17976087613289073894
"Windows x86-64","Clang 21.1.0 ","-std=c11 -O3 -Wall -Wextra -Wpedantic","game_tick_motion","hidden_stateful","entities_4096",64,2,64,0,25078.125,24900,26300,45800,45800,39875.389,121.690,88701.391,64,64,0,98304,0,0,147456,17976087613289073894
"Windows x86-64","Clang 21.1.0 ","-std=c11 -O3 -Wall -Wextra -Wpedantic","game_tick_motion","stateless_replay","entities_4096",64,3,64,0,1019893.750,738800,2065600,2347700,2347700,980.494,119.689,3569995.234,64,64,61,0,3244032,98304,4890624,17976087613289073894
"Windows x86-64","Clang 21.1.0 ","-std=c11 -O3 -Wall -Wextra -Wpedantic","game_tick_motion","hidden_stateful","entities_4096",64,3,64,0,28984.115,18200,30300,79200,79200,34501.658,140.388,106171.393,64,64,0,98304,0,0,147456,17976087613289073894
"Windows x86-64","Clang 21.1.0 ","-std=c11 -O3 -Wall -Wextra -Wpedantic","game_tick_motion","explicit_stateful","entities_4096",64,3,64,0,24575.446,25700,29100,68300,68300,40691.021,141.919,92805.737,64,64,0,98304,0,0,147456,17976087613289073894
"Windows x86-64","Clang 21.1.0 ","-std=c11 -O3 -Wall -Wextra -Wpedantic","game_tick_motion","hidden_stateful","entities_4096",64,4,64,0,30666.406,25200,31500,52700,52700,32608.973,132.686,108763.279,64,64,0,98304,0,0,147456,17976087613289073894
"Windows x86-64","Clang 21.1.0 ","-std=c11 -O3 -Wall -Wextra -Wpedantic","game_tick_motion","explicit_stateful","entities_4096",64,4,64,0,29686.198,26300,32900,46200,46200,33685.688,137.067,106872.711,64,64,0,98304,0,0,147456,17976087613289073894
"Windows x86-64","Clang 21.1.0 ","-std=c11 -O3 -Wall -Wextra -Wpedantic","game_tick_motion","stateless_replay","entities_4096",64,4,64,0,883487.500,1006400,2051700,2706100,2706100,1131.878,82.901,3221525.344,64,64,62,0,3244032,98304,4890624,17976087613289073894
"Windows x86-64","Clang 21.1.0 ","-std=c11 -O3 -Wall -Wextra -Wpedantic","game_tick_motion","explicit_stateful","entities_4096",64,5,64,0,27068.750,26000,29000,44400,44400,36942.969,0.000,98223.888,64,64,0,98304,0,0,147456,17976087613289073894
"Windows x86-64","Clang 21.1.0 ","-std=c11 -O3 -Wall -Wextra -Wpedantic","game_tick_motion","stateless_replay","entities_4096",64,5,64,0,946634.375,1031100,1986400,2573500,2573500,1056.374,103.162,3452068.547,64,64,61,0,3244032,98304,4890624,17976087613289073894
"Windows x86-64","Clang 21.1.0 ","-std=c11 -O3 -Wall -Wextra -Wpedantic","game_tick_motion","hidden_stateful","entities_4096",64,5,64,0,23728.646,18000,29200,35200,35200,42143.155,0.000,88751.266,64,64,0,98304,0,0,147456,17976087613289073894
"Windows x86-64","Clang 21.1.0 ","-std=c11 -O3 -Wall -Wextra -Wpedantic","game_tick_motion","stateless_replay","entities_4096",64,6,64,0,1630628.125,945900,1993400,2653300,2653300,613.261,104.805,4304077.031,64,64,59,0,3244032,98304,4890624,17976087613289073894
"Windows x86-64","Clang 21.1.0 ","-std=c11 -O3 -Wall -Wextra -Wpedantic","game_tick_motion","hidden_stateful","entities_4096",64,6,64,0,50858.203,37500,70100,142800,142800,19662.511,120.010,140450.645,64,64,1,98304,0,0,147456,17976087613289073894
"Windows x86-64","Clang 21.1.0 ","-std=c11 -O3 -Wall -Wextra -Wpedantic","game_tick_motion","explicit_stateful","entities_4096",64,6,64,0,48248.750,32600,81700,394800,394800,20725.926,101.201,129220.400,64,64,3,98304,0,0,147456,17976087613289073894
"Windows x86-64","Clang 21.1.0 ","-std=c11 -O3 -Wall -Wextra -Wpedantic","game_tick_motion","hidden_stateful","entities_4096",64,7,64,0,35682.031,34800,73800,260500,260500,28025.310,114.035,129145.724,64,64,2,98304,0,0,147456,17976087613289073894
"Windows x86-64","Clang 21.1.0 ","-std=c11 -O3 -Wall -Wextra -Wpedantic","game_tick_motion","explicit_stateful","entities_4096",64,7,64,0,35156.771,35800,41900,74000,74000,28444.023,231.478,125338.896,64,64,0,98304,0,0,147456,17976087613289073894
"Windows x86-64","Clang 21.1.0 ","-std=c11 -O3 -Wall -Wextra -Wpedantic","game_tick_motion","stateless_replay","entities_4096",64,7,64,0,1319317.188,1208100,2351600,9391200,9391200,757.968,55.515,3792828.062,64,64,63,0,3244032,98304,4890624,17976087613289073894
"Windows x86-64","Clang 21.1.0 ","-std=c11 -O3 -Wall -Wextra -Wpedantic","game_tick_motion","explicit_stateful","entities_4096",64,8,64,0,33576.562,31100,92900,4179700,4179700,29782.680,121.186,111757.198,64,64,2,98304,0,0,147456,17976087613289073894
"Windows x86-64","Clang 21.1.0 ","-std=c11 -O3 -Wall -Wextra -Wpedantic","game_tick_motion","stateless_replay","entities_4096",64,8,64,0,2076668.750,1121400,2927100,3183400,3183400,481.540,35.269,4277745.438,64,64,61,0,3244032,98304,4890624,17976087613289073894
"Windows x86-64","Clang 21.1.0 ","-std=c11 -O3 -Wall -Wextra -Wpedantic","game_tick_motion","hidden_stateful","entities_4096",64,8,64,0,118989.844,34800,295600,378200,378200,8404.079,0.000,145485.250,64,64,11,98304,0,0,147456,17976087613289073894
"Windows x86-64","Clang 21.1.0 ","-std=c11 -O3 -Wall -Wextra -Wpedantic","game_tick_motion","stateless_replay","entities_4096",64,9,64,0,930287.500,1124600,1643100,1765700,1765700,1074.937,78.731,3329625.781,64,64,61,0,3244032,98304,4890624,17976087613289073894
"Windows x86-64","Clang 21.1.0 ","-std=c11 -O3 -Wall -Wextra -Wpedantic","game_tick_motion","hidden_stateful","entities_4096",64,9,64,0,32434.062,26300,33600,59500,59500,30831.784,0.000,120266.538,64,64,0,98304,0,0,147456,17976087613289073894
"Windows x86-64","Clang 21.1.0 ","-std=c11 -O3 -Wall -Wextra -Wpedantic","game_tick_motion","explicit_stateful","entities_4096",64,9,64,0,29486.979,25400,30900,63400,63400,33913.274,137.993,105364.406,64,64,0,98304,0,0,147456,17976087613289073894
"Windows x86-64","Clang 21.1.0 ","-std=c11 -O3 -Wall -Wextra -Wpedantic","game_tick_motion","hidden_stateful","entities_4096",64,10,64,0,32685.714,26400,72300,167200,167200,30594.406,106.705,116692.319,64,64,1,98304,0,0,147456,17976087613289073894
"Windows x86-64","Clang 21.1.0 ","-std=c11 -O3 -Wall -Wextra -Wpedantic","game_tick_motion","explicit_stateful","entities_4096",64,10,64,0,35677.865,29200,37500,60900,60900,28028.583,114.049,124748.211,64,64,0,98304,0,0,147456,17976087613289073894
"Windows x86-64","Clang 21.1.0 ","-std=c11 -O3 -Wall -Wextra -Wpedantic","game_tick_motion","stateless_replay","entities_4096",64,10,64,0,1088660.938,874600,2012500,2511800,2511800,918.560,112.129,3735820.422,64,64,61,0,3244032,98304,4890624,17976087613289073894
"Windows x86-64","Clang 21.1.0 ","-std=c11 -O3 -Wall -Wextra -Wpedantic","game_tick_motion","explicit_stateful","entities_4096",64,11,64,0,31119.792,29400,36600,62900,62900,32133.891,130.753,115210.398,64,64,0,98304,0,0,147456,17976087613289073894
"Windows x86-64","Clang 21.1.0 ","-std=c11 -O3 -Wall -Wextra -Wpedantic","game_tick_motion","stateless_replay","entities_4096",64,11,64,0,1357798.438,872600,1747400,2088600,2088600,736.486,71.922,4075246.531,64,64,60,0,3244032,98304,4890624,17976087613289073894
"Windows x86-64","Clang 21.1.0 ","-std=c11 -O3 -Wall -Wextra -Wpedantic","game_tick_motion","hidden_stateful","entities_4096",64,11,64,0,31823.125,31500,96400,258300,258300,31423.690,153.436,115093.847,64,64,3,98304,0,0,147456,17976087613289073894
