platform,compiler,build_flags,algorithm,variant,workload,parameter,repetition,iterations,timer_overhead_ns,mean_ns,median_ns,p95_ns,p99_ns,max_ns,throughput_updates_s,cpu_utilization_pct,cycles_per_update,deadline_1us_misses,deadline_10us_misses,deadline_100us_misses,persistent_bytes,history_bytes,temporary_bytes,bytes_read_per_update,checksum
"Windows x86-64","Clang 21.1.0 ","-std=c11 -O3 -Wall -Wextra -Wpedantic","sliding_mean","hidden_incremental","continuous",4,1,12000,0,5.442,0,100,100,300,183767228.178,0.000,20.893,0,0,0,72,32,0,8,15887254284878139765
"Windows x86-64","Clang 21.1.0 ","-std=c11 -O3 -Wall -Wextra -Wpedantic","sliding_mean","explicit_incremental","continuous",4,1,12000,0,5.408,0,100,100,20900,184899845.917,0.000,20.672,1,1,0,72,32,0,8,15887254284878139765
"Windows x86-64","Clang 21.1.0 ","-std=c11 -O3 -Wall -Wextra -Wpedantic","sliding_mean","full_recompute","continuous",4,1,12000,0,3.608,0,100,100,300,277136258.661,0.000,13.844,0,0,0,0,32,0,32,15887254284878139765
"Windows x86-64","Clang 21.1.0 ","-std=c11 -O3 -Wall -Wextra -Wpedantic","rolling_max","hidden_incremental","continuous",4,1,12000,0,8.958,0,100,100,200,111627906.977,0.000,34.105,0,0,0,49184,0,0,8,13879756857014277832
"Windows x86-64","Clang 21.1.0 ","-std=c11 -O3 -Wall -Wextra -Wpedantic","rolling_max","explicit_incremental","continuous",4,1,12000,0,10.867,0,100,100,200,92024539.877,0.000,41.281,0,0,0,49184,0,0,8,13879756857014277832
"Windows x86-64","Clang 21.1.0 ","-std=c11 -O3 -Wall -Wextra -Wpedantic","rolling_max","full_recompute","continuous",4,1,12000,0,3.833,0,100,100,300,260869565.217,0.000,14.666,0,0,0,0,16,0,16,13879756857014277832
"Windows x86-64","Clang 21.1.0 ","-std=c11 -O3 -Wall -Wextra -Wpedantic","sliding_mean","explicit_incremental","continuous",4,2,12000,0,5.550,0,100,100,200,180180180.180,0.000,21.209,0,0,0,72,32,0,8,15887254284878139765
"Windows x86-64","Clang 21.1.0 ","-std=c11 -O3 -Wall -Wextra -Wpedantic","sliding_mean","full_recompute","continuous",4,2,12000,0,6.283,0,100,100,1100,159151193.634,0.000,23.991,1,0,0,0,32,0,32,15887254284878139765
"Windows x86-64","Clang 21.1.0 ","-std=c11 -O3 -Wall -Wextra -Wpedantic","rolling_max","hidden_incremental","continuous",4,2,12000,0,9.067,0,100,100,300,110294117.647,0.000,34.580,0,0,0,49184,0,0,8,13879756857014277832
"Windows x86-64","Clang 21.1.0 ","-std=c11 -O3 -Wall -Wextra -Wpedantic","rolling_max","explicit_incremental","continuous",4,2,12000,0,9.683,0,100,100,7600,103270223.752,0.000,36.919,1,0,0,49184,0,0,8,13879756857014277832
"Windows x86-64","Clang 21.1.0 ","-std=c11 -O3 -Wall -Wextra -Wpedantic","rolling_max","full_recompute","continuous",4,2,12000,0,4.058,0,100,100,32900,246406570.842,0.000,15.520,1,1,0,0,16,0,16,13879756857014277832
"Windows x86-64","Clang 21.1.0 ","-std=c11 -O3 -Wall -Wextra -Wpedantic","sliding_mean","hidden_incremental","continuous",4,2,12000,0,5.442,0,100,100,5100,183767228.178,0.000,20.735,1,0,0,72,32,0,8,15887254284878139765
"Windows x86-64","Clang 21.1.0 ","-std=c11 -O3 -Wall -Wextra -Wpedantic","sliding_mean","full_recompute","continuous",4,3,12000,0,4.508,0,100,100,100,221811460.259,0.000,17.227,0,0,0,0,32,0,32,15887254284878139765
"Windows x86-64","Clang 21.1.0 ","-std=c11 -O3 -Wall -Wextra -Wpedantic","rolling_max","hidden_incremental","continuous",4,3,12000,0,8.892,0,100,100,200,112464854.733,0.000,33.821,0,0,0,49184,0,0,8,13879756857014277832
"Windows x86-64","Clang 21.1.0 ","-std=c11 -O3 -Wall -Wextra -Wpedantic","rolling_max","explicit_incremental","continuous",4,3,12000,0,10.608,0,100,100,4400,94265514.533,0.000,40.332,1,0,0,49184,0,0,8,13879756857014277832
"Windows x86-64","Clang 21.1.0 ","-std=c11 -O3 -Wall -Wextra -Wpedantic","rolling_max","full_recompute","continuous",4,3,12000,0,3.492,0,100,100,800,286396181.384,0.000,13.370,0,0,0,0,16,0,16,13879756857014277832
"Windows x86-64","Clang 21.1.0 ","-std=c11 -O3 -Wall -Wextra -Wpedantic","sliding_mean","hidden_incremental","continuous",4,3,12000,0,5.450,0,100,100,11000,183486238.532,0.000,20.830,1,1,0,72,32,0,8,15887254284878139765
"Windows x86-64","Clang 21.1.0 ","-std=c11 -O3 -Wall -Wextra -Wpedantic","sliding_mean","explicit_incremental","continuous",4,3,12000,0,5.417,0,100,100,300,184615384.615,0.000,20.703,0,0,0,72,32,0,8,15887254284878139765
"Windows x86-64","Clang 21.1.0 ","-std=c11 -O3 -Wall -Wextra -Wpedantic","rolling_max","hidden_incremental","continuous",4,4,12000,0,9.333,0,100,100,200,107142857.143,0.000,35.528,0,0,0,49184,0,0,8,13879756857014277832
"Windows x86-64","Clang 21.1.0 ","-std=c11 -O3 -Wall -Wextra -Wpedantic","rolling_max","explicit_incremental","continuous",4,4,12000,0,10.800,0,100,100,400,92592592.593,0.000,41.122,0,0,0,49184,0,0,8,13879756857014277832
"Windows x86-64","Clang 21.1.0 ","-std=c11 -O3 -Wall -Wextra -Wpedantic","rolling_max","full_recompute","continuous",4,4,12000,0,5.583,0,100,100,300,179104477.612,0.000,21.399,0,0,0,0,16,0,16,13879756857014277832
"Windows x86-64","Clang 21.1.0 ","-std=c11 -O3 -Wall -Wextra -Wpedantic","sliding_mean","hidden_incremental","continuous",4,4,12000,0,5.442,0,100,100,300,183767228.178,0.000,20.798,0,0,0,72,32,0,8,15887254284878139765
"Windows x86-64","Clang 21.1.0 ","-std=c11 -O3 -Wall -Wextra -Wpedantic","sliding_mean","explicit_incremental","continuous",4,4,12000,0,5.417,0,100,100,300,184615384.615,0.000,20.703,0,0,0,72,32,0,8,15887254284878139765
"Windows x86-64","Clang 21.1.0 ","-std=c11 -O3 -Wall -Wextra -Wpedantic","sliding_mean","full_recompute","continuous",4,4,12000,0,4.292,0,100,100,200,233009708.738,0.000,16.373,0,0,0,0,32,0,32,15887254284878139765
"Windows x86-64","Clang 21.1.0 ","-std=c11 -O3 -Wall -Wextra -Wpedantic","rolling_max","explicit_incremental","continuous",4,5,12000,0,12.000,0,100,100,500,83333333.333,0.000,45.800,0,0,0,49184,0,0,8,13879756857014277832
"Windows x86-64","Clang 21.1.0 ","-std=c11 -O3 -Wall -Wextra -Wpedantic","rolling_max","full_recompute","continuous",4,5,12000,0,3.450,0,100,100,300,289855072.464,0.000,13.244,0,0,0,0,16,0,16,13879756857014277832
"Windows x86-64","Clang 21.1.0 ","-std=c11 -O3 -Wall -Wextra -Wpedantic","sliding_mean","hidden_incremental","continuous",4,5,12000,0,5.442,0,100,100,10100,183767228.178,0.000,20.767,1,1,0,72,32,0,8,15887254284878139765
"Windows x86-64","Clang 21.1.0 ","-std=c11 -O3 -Wall -Wextra -Wpedantic","sliding_mean","explicit_incremental","continuous",4,5,12000,0,5.417,0,100,100,200,184615384.615,0.000,20.640,0,0,0,72,32,0,8,15887254284878139765
"Windows x86-64","Clang 21.1.0 ","-std=c11 -O3 -Wall -Wextra -Wpedantic","sliding_mean","full_recompute","continuous",4,5,12000,0,4.617,0,100,100,300,216606498.195,0.000,17.163,0,0,0,0,32,0,32,15887254284878139765
"Windows x86-64","Clang 21.1.0 ","-std=c11 -O3 -Wall -Wextra -Wpedantic","rolling_max","hidden_incremental","continuous",4,5,12000,0,9.625,0,100,100,200,103896103.896,0.000,36.666,0,0,0,49184,0,0,8,13879756857014277832
"Windows x86-64","Clang 21.1.0 ","-std=c11 -O3 -Wall -Wextra -Wpedantic","rolling_max","full_recompute","continuous",4,6,12000,0,3.450,0,100,100,200,289855072.464,0.000,13.212,0,0,0,0,16,0,16,13879756857014277832
"Windows x86-64","Clang 21.1.0 ","-std=c11 -O3 -Wall -Wextra -Wpedantic","sliding_mean","hidden_incremental","continuous",4,6,12000,0,5.417,0,100,100,200,184615384.615,0.000,20.672,0,0,0,72,32,0,8,15887254284878139765
"Windows x86-64","Clang 21.1.0 ","-std=c11 -O3 -Wall -Wextra -Wpedantic","sliding_mean","explicit_incremental","continuous",4,6,12000,0,5.417,0,100,100,200,184615384.615,0.000,20.640,0,0,0,72,32,0,8,15887254284878139765
"Windows x86-64","Clang 21.1.0 ","-std=c11 -O3 -Wall -Wextra -Wpedantic","sliding_mean","full_recompute","continuous",4,6,12000,0,4.292,0,100,100,300,233009708.738,0.000,16.405,0,0,0,0,32,0,32,15887254284878139765
"Windows x86-64","Clang 21.1.0 ","-std=c11 -O3 -Wall -Wextra -Wpedantic","rolling_max","hidden_incremental","continuous",4,6,12000,0,9.383,0,100,100,300,106571936.057,0.000,35.749,0,0,0,49184,0,0,8,13879756857014277832
"Windows x86-64","Clang 21.1.0 ","-std=c11 -O3 -Wall -Wextra -Wpedantic","rolling_max","explicit_incremental","continuous",4,6,12000,0,9.758,0,100,100,400,102476515.798,0.000,37.266,0,0,0,49184,0,0,8,13879756857014277832
"Windows x86-64","Clang 21.1.0 ","-std=c11 -O3 -Wall -Wextra -Wpedantic","sliding_mean","hidden_incremental","continuous",4,7,12000,0,5.442,0,100,100,200,183767228.178,0.000,20.798,0,0,0,72,32,0,8,15887254284878139765
"Windows x86-64","Clang 21.1.0 ","-std=c11 -O3 -Wall -Wextra -Wpedantic","sliding_mean","explicit_incremental","continuous",4,7,12000,0,5.408,0,100,100,300,184899845.917,0.000,20.672,0,0,0,72,32,0,8,15887254284878139765
"Windows x86-64","Clang 21.1.0 ","-std=c11 -O3 -Wall -Wextra -Wpedantic","sliding_mean","full_recompute","continuous",4,7,12000,0,5.050,0,100,100,500,198019801.980,0.000,18.586,0,0,0,0,32,0,32,15887254284878139765
"Windows x86-64","Clang 21.1.0 ","-std=c11 -O3 -Wall -Wextra -Wpedantic","rolling_max","hidden_incremental","continuous",4,7,12000,0,9.458,0,100,100,200,105726872.247,0.000,36.033,0,0,0,49184,0,0,8,13879756857014277832
"Windows x86-64","Clang 21.1.0 ","-std=c11 -O3 -Wall -Wextra -Wpedantic","rolling_max","explicit_incremental","continuous",4,7,12000,0,10.350,0,100,100,200,96618357.488,0.000,39.352,0,0,0,49184,0,0,8,13879756857014277832
"Windows x86-64","Clang 21.1.0 ","-std=c11 -O3 -Wall -Wextra -Wpedantic","rolling_max","full_recompute","continuous",4,7,12000,0,4.058,0,100,100,4700,246406570.842,0.000,15.520,1,0,0,0,16,0,16,13879756857014277832
"Windows x86-64","Clang 21.1.0 ","-std=c11 -O3 -Wall -Wextra -Wpedantic","sliding_mean","hidden_incremental","continuous",16,1,12000,0,5.567,0,100,100,300,179640718.563,0.000,21.304,0,0,0,168,128,0,8,6045763259776721384
"Windows x86-64","Clang 21.1.0 ","-std=c11 -O3 -Wall -Wextra -Wpedantic","sliding_mean","explicit_incremental","continuous",16,1,12000,0,6.167,0,100,100,600,162162162.162,0.000,22.631,0,0,0,168,128,0,8,6045763259776721384
"Windows x86-64","Clang 21.1.0 ","-std=c11 -O3 -Wall -Wextra -Wpedantic","sliding_mean","full_recompute","continuous",16,1,12000,0,4.975,0,100,100,200,201005025.126,0.000,18.997,0,0,0,0,128,0,128,6045763259776721384
"Windows x86-64","Clang 21.1.0 ","-std=c11 -O3 -Wall -Wextra -Wpedantic","rolling_max","hidden_incremental","continuous",16,1,12000,0,10.908,0,100,100,200,91673032.850,0.000,41.470,0,0,0,49184,0,0,8,16875857350270652090
"Windows x86-64","Clang 21.1.0 ","-std=c11 -O3 -Wall -Wextra -Wpedantic","rolling_max","explicit_incremental","continuous",16,1,12000,0,10.975,0,100,100,5000,91116173.121,0.000,41.755,1,0,0,49184,0,0,8,16875857350270652090
"Windows x86-64","Clang 21.1.0 ","-std=c11 -O3 -Wall -Wextra -Wpedantic","rolling_max","full_recompute","continuous",16,1,12000,0,10.042,0,100,100,200,99585062.241,0.000,38.215,0,0,0,0,64,0,64,16875857350270652090
"Windows x86-64","Clang 21.1.0 ","-std=c11 -O3 -Wall -Wextra -Wpedantic","sliding_mean","explicit_incremental","continuous",16,2,12000,0,5.408,0,100,100,4200,184899845.917,0.000,20.640,1,0,0,168,128,0,8,6045763259776721384
"Windows x86-64","Clang 21.1.0 ","-std=c11 -O3 -Wall -Wextra -Wpedantic","sliding_mean","full_recompute","continuous",16,2,12000,0,5.200,0,100,100,200,192307692.308,0.000,19.787,0,0,0,0,128,0,128,6045763259776721384
"Windows x86-64","Clang 21.1.0 ","-std=c11 -O3 -Wall -Wextra -Wpedantic","rolling_max","hidden_incremental","continuous",16,2,12000,0,10.617,0,100,100,800,94191522.763,12264.521,40.395,0,0,0,49184,0,0,8,16875857350270652090
"Windows x86-64","Clang 21.1.0 ","-std=c11 -O3 -Wall -Wextra -Wpedantic","rolling_max","explicit_incremental","continuous",16,2,12000,0,12.508,0,100,100,300,79946702.199,0.000,47.634,0,0,0,49184,0,0,8,16875857350270652090
"Windows x86-64","Clang 21.1.0 ","-std=c11 -O3 -Wall -Wextra -Wpedantic","rolling_max","full_recompute","continuous",16,2,12000,0,10.033,0,100,100,900,99667774.086,0.000,38.183,0,0,0,0,64,0,64,16875857350270652090
"Windows x86-64","Clang 21.1.0 ","-std=c11 -O3 -Wall -Wextra -Wpedantic","sliding_mean","hidden_incremental","continuous",16,2,12000,0,5.450,0,100,100,600,183486238.532,0.000,20.798,0,0,0,168,128,0,8,6045763259776721384
"Windows x86-64","Clang 21.1.0 ","-std=c11 -O3 -Wall -Wextra -Wpedantic","sliding_mean","full_recompute","continuous",16,3,12000,0,4.967,0,100,100,200,201342281.879,0.000,18.965,0,0,0,0,128,0,128,6045763259776721384
"Windows x86-64","Clang 21.1.0 ","-std=c11 -O3 -Wall -Wextra -Wpedantic","rolling_max","hidden_incremental","continuous",16,3,12000,0,10.192,0,100,100,200,98119378.577,0.000,38.783,0,0,0,49184,0,0,8,16875857350270652090
"Windows x86-64","Clang 21.1.0 ","-std=c11 -O3 -Wall -Wextra -Wpedantic","rolling_max","explicit_incremental","continuous",16,3,12000,0,10.767,0,100,100,200,92879256.966,0.000,40.964,0,0,0,49184,0,0,8,16875857350270652090
"Windows x86-64","Clang 21.1.0 ","-std=c11 -O3 -Wall -Wextra -Wpedantic","rolling_max","full_recompute","continuous",16,3,12000,0,10.033,0,100,100,200,99667774.086,0.000,38.151,0,0,0,0,64,0,64,16875857350270652090
"Windows x86-64","Clang 21.1.0 ","-std=c11 -O3 -Wall -Wextra -Wpedantic","sliding_mean","hidden_incremental","continuous",16,3,12000,0,5.475,0,100,100,400,182648401.826,0.000,20.925,0,0,0,168,128,0,8,6045763259776721384
"Windows x86-64","Clang 21.1.0 ","-std=c11 -O3 -Wall -Wextra -Wpedantic","sliding_mean","explicit_incremental","continuous",16,3,12000,0,5.417,0,100,100,300,184615384.615,0.000,20.735,0,0,0,168,128,0,8,6045763259776721384
"Windows x86-64","Clang 21.1.0 ","-std=c11 -O3 -Wall -Wextra -Wpedantic","rolling_max","hidden_incremental","continuous",16,4,12000,0,12.217,0,100,100,9200,81855388.813,0.000,46.528,1,0,0,49184,0,0,8,16875857350270652090
"Windows x86-64","Clang 21.1.0 ","-std=c11 -O3 -Wall -Wextra -Wpedantic","rolling_max","explicit_incremental","continuous",16,4,12000,0,11.942,0,100,100,800,83740404.745,0.000,45.516,0,0,0,49184,0,0,8,16875857350270652090
"Windows x86-64","Clang 21.1.0 ","-std=c11 -O3 -Wall -Wextra -Wpedantic","rolling_max","full_recompute","continuous",16,4,12000,0,10.033,0,100,100,8400,99667774.086,0.000,38.151,1,0,0,0,64,0,64,16875857350270652090
"Windows x86-64","Clang 21.1.0 ","-std=c11 -O3 -Wall -Wextra -Wpedantic","sliding_mean","hidden_incremental","continuous",16,4,12000,0,5.442,0,100,100,200,183767228.178,0.000,20.735,0,0,0,168,128,0,8,6045763259776721384
"Windows x86-64","Clang 21.1.0 ","-std=c11 -O3 -Wall -Wextra -Wpedantic","sliding_mean","explicit_incremental","continuous",16,4,12000,0,5.558,0,100,100,200,179910044.978,0.000,21.304,0,0,0,168,128,0,8,6045763259776721384
"Windows x86-64","Clang 21.1.0 ","-std=c11 -O3 -Wall -Wextra -Wpedantic","sliding_mean","full_recompute","continuous",16,4,12000,0,4.592,0,100,100,200,217785843.920,0.000,17.637,0,0,0,0,128,0,128,6045763259776721384
"Windows x86-64","Clang 21.1.0 ","-std=c11 -O3 -Wall -Wextra -Wpedantic","rolling_max","explicit_incremental","continuous",16,5,12000,0,13.550,0,100,100,200,73800738.007,0.000,50.162,0,0,0,49184,0,0,8,16875857350270652090
"Windows x86-64","Clang 21.1.0 ","-std=c11 -O3 -Wall -Wextra -Wpedantic","rolling_max","full_recompute","continuous",16,5,12000,0,10.075,0,100,100,600,99255583.127,0.000,38.404,0,0,0,0,64,0,64,16875857350270652090
"Windows x86-64","Clang 21.1.0 ","-std=c11 -O3 -Wall -Wextra -Wpedantic","sliding_mean","hidden_incremental","continuous",16,5,12000,0,5.558,0,100,100,35300,179910044.978,0.000,21.241,1,1,0,168,128,0,8,6045763259776721384
"Windows x86-64","Clang 21.1.0 ","-std=c11 -O3 -Wall -Wextra -Wpedantic","sliding_mean","explicit_incremental","continuous",16,5,12000,0,6.833,0,100,100,500,146341463.415,0.000,22.948,0,0,0,168,128,0,8,6045763259776721384
"Windows x86-64","Clang 21.1.0 ","-std=c11 -O3 -Wall -Wextra -Wpedantic","sliding_mean","full_recompute","continuous",16,5,12000,0,8.017,0,100,100,208100,124740124.740,0.000,30.692,5,5,1,0,128,0,128,6045763259776721384
"Windows x86-64","Clang 21.1.0 ","-std=c11 -O3 -Wall -Wextra -Wpedantic","rolling_max","hidden_incremental","continuous",16,5,12000,0,15.792,0,100,100,400,63324538.259,0.000,53.671,0,0,0,49184,0,0,8,16875857350270652090
"Windows x86-64","Clang 21.1.0 ","-std=c11 -O3 -Wall -Wextra -Wpedantic","rolling_max","full_recompute","continuous",16,6,12000,0,10.108,0,100,100,12400,98928276.999,0.000,38.562,1,1,0,0,64,0,64,16875857350270652090
"Windows x86-64","Clang 21.1.0 ","-std=c11 -O3 -Wall -Wextra -Wpedantic","sliding_mean","hidden_incremental","continuous",16,6,12000,0,5.567,0,100,100,500,179640718.563,0.000,21.430,0,0,0,168,128,0,8,6045763259776721384
"Windows x86-64","Clang 21.1.0 ","-std=c11 -O3 -Wall -Wextra -Wpedantic","sliding_mean","explicit_incremental","continuous",16,6,12000,0,5.517,0,100,100,200,181268882.175,0.000,21.146,0,0,0,168,128,0,8,6045763259776721384
"Windows x86-64","Clang 21.1.0 ","-std=c11 -O3 -Wall -Wextra -Wpedantic","sliding_mean","full_recompute","continuous",16,6,12000,0,5.583,0,100,100,15500,179104477.612,0.000,21.399,3,2,0,0,128,0,128,6045763259776721384
"Windows x86-64","Clang 21.1.0 ","-std=c11 -O3 -Wall -Wextra -Wpedantic","rolling_max","hidden_incremental","continuous",16,6,12000,0,12.550,0,100,100,600,79681274.900,0.000,47.887,0,0,0,49184,0,0,8,16875857350270652090
"Windows x86-64","Clang 21.1.0 ","-std=c11 -O3 -Wall -Wextra -Wpedantic","rolling_max","explicit_incremental","continuous",16,6,12000,0,11.075,0,100,100,10300,90293453.725,0.000,42.260,2,1,0,49184,0,0,8,16875857350270652090
"Windows x86-64","Clang 21.1.0 ","-std=c11 -O3 -Wall -Wextra -Wpedantic","sliding_mean","hidden_incremental","continuous",16,7,12000,0,5.475,0,100,100,300,182648401.826,0.000,20.925,0,0,0,168,128,0,8,6045763259776721384
"Windows x86-64","Clang 21.1.0 ","-std=c11 -O3 -Wall -Wextra -Wpedantic","sliding_mean","explicit_incremental","continuous",16,7,12000,0,5.417,0,100,100,20400,184615384.615,0.000,20.767,1,1,0,168,128,0,8,6045763259776721384
"Windows x86-64","Clang 21.1.0 ","-std=c11 -O3 -Wall -Wextra -Wpedantic","sliding_mean","full_recompute","continuous",16,7,12000,0,8.225,0,100,100,300,121580547.112,0.000,31.514,0,0,0,0,128,0,128,6045763259776721384
"Windows x86-64","Clang 21.1.0 ","-std=c11 -O3 -Wall -Wextra -Wpedantic","rolling_max","hidden_incremental","continuous",16,7,12000,0,12.642,0,100,100,700,79103493.738,0.000,48.266,0,0,0,49184,0,0,8,16875857350270652090
"Windows x86-64","Clang 21.1.0 ","-std=c11 -O3 -Wall -Wextra -Wpedantic","rolling_max","explicit_incremental","continuous",16,7,12000,0,14.392,0,100,100,400,69484655.472,0.000,53.513,0,0,0,49184,0,0,8,16875857350270652090
"Windows x86-64","Clang 21.1.0 ","-std=c11 -O3 -Wall -Wextra -Wpedantic","rolling_max","full_recompute","continuous",16,7,12000,0,10.217,0,100,100,800,97879282.219,0.000,38.941,0,0,0,0,64,0,64,16875857350270652090
"Windows x86-64","Clang 21.1.0 ","-std=c11 -O3 -Wall -Wextra -Wpedantic","sliding_mean","hidden_incremental","continuous",64,1,12000,0,6.392,0,100,100,500,156453715.776,20371.578,23.327,0,0,0,552,512,0,8,14428824853121788438
"Windows x86-64","Clang 21.1.0 ","-std=c11 -O3 -Wall -Wextra -Wpedantic","sliding_mean","explicit_incremental","continuous",64,1,12000,0,5.508,0,100,100,1000,181543116.490,0.000,21.083,0,0,0,552,512,0,8,14428824853121788438
"Windows x86-64","Clang 21.1.0 ","-std=c11 -O3 -Wall -Wextra -Wpedantic","sliding_mean","full_recompute","continuous",64,1,12000,0,17.542,100,100,100,10200,57007125.891,0.000,66.694,1,1,0,0,512,0,512,14428824853121788438
"Windows x86-64","Clang 21.1.0 ","-std=c11 -O3 -Wall -Wextra -Wpedantic","rolling_max","hidden_incremental","continuous",64,1,12000,0,12.425,0,100,100,300,80482897.384,0.000,47.413,0,0,0,49184,0,0,8,9178546068091772445
"Windows x86-64","Clang 21.1.0 ","-std=c11 -O3 -Wall -Wextra -Wpedantic","rolling_max","explicit_incremental","continuous",64,1,12000,0,13.025,0,100,100,600,76775431.862,0.000,49.815,0,0,0,49184,0,0,8,9178546068091772445
"Windows x86-64","Clang 21.1.0 ","-std=c11 -O3 -Wall -Wextra -Wpedantic","rolling_max","full_recompute","continuous",64,1,12000,0,13.417,0,100,100,11000,74534161.491,0.000,51.047,1,1,0,0,256,0,256,9178546068091772445
"Windows x86-64","Clang 21.1.0 ","-std=c11 -O3 -Wall -Wextra -Wpedantic","sliding_mean","explicit_incremental","continuous",64,2,12000,0,5.500,0,100,100,800,181818181.818,0.000,21.083,0,0,0,552,512,0,8,14428824853121788438
"Windows x86-64","Clang 21.1.0 ","-std=c11 -O3 -Wall -Wextra -Wpedantic","sliding_mean","full_recompute","continuous",64,2,12000,0,20.933,100,100,100,18700,47770700.637,0.000,77.725,1,1,0,0,512,0,512,14428824853121788438
"Windows x86-64","Clang 21.1.0 ","-std=c11 -O3 -Wall -Wextra -Wpedantic","rolling_max","hidden_incremental","continuous",64,2,12000,0,13.175,0,100,100,400,75901328.273,0.000,50.226,0,0,0,49184,0,0,8,9178546068091772445
"Windows x86-64","Clang 21.1.0 ","-std=c11 -O3 -Wall -Wextra -Wpedantic","rolling_max","explicit_incremental","continuous",64,2,12000,0,13.567,0,100,100,12600,73710073.710,0.000,51.648,1,1,0,49184,0,0,8,9178546068091772445
"Windows x86-64","Clang 21.1.0 ","-std=c11 -O3 -Wall -Wextra -Wpedantic","rolling_max","full_recompute","continuous",64,2,12000,0,22.167,0,100,100,11400,45112781.955,0.000,60.182,1,1,0,0,256,0,256,9178546068091772445
"Windows x86-64","Clang 21.1.0 ","-std=c11 -O3 -Wall -Wextra -Wpedantic","sliding_mean","hidden_incremental","continuous",64,2,12000,0,5.658,0,100,100,1100,176730486.009,0.000,21.747,1,0,0,552,512,0,8,14428824853121788438
"Windows x86-64","Clang 21.1.0 ","-std=c11 -O3 -Wall -Wextra -Wpedantic","sliding_mean","full_recompute","continuous",64,3,12000,0,20.200,100,100,100,23800,49504950.495,0.000,76.871,1,1,0,0,512,0,512,14428824853121788438
"Windows x86-64","Clang 21.1.0 ","-std=c11 -O3 -Wall -Wextra -Wpedantic","rolling_max","hidden_incremental","continuous",64,3,12000,0,13.675,0,100,100,800,73126142.596,0.000,52.154,0,0,0,49184,0,0,8,9178546068091772445
"Windows x86-64","Clang 21.1.0 ","-std=c11 -O3 -Wall -Wextra -Wpedantic","rolling_max","explicit_incremental","continuous",64,3,12000,0,13.550,0,100,100,20300,73800738.007,9609.471,51.616,1,1,0,49184,0,0,8,9178546068091772445
"Windows x86-64","Clang 21.1.0 ","-std=c11 -O3 -Wall -Wextra -Wpedantic","rolling_max","full_recompute","continuous",64,3,12000,0,12.442,0,100,100,400,80375083.724,0.000,47.349,0,0,0,0,256,0,256,9178546068091772445
"Windows x86-64","Clang 21.1.0 ","-std=c11 -O3 -Wall -Wextra -Wpedantic","sliding_mean","hidden_incremental","continuous",64,3,12000,0,5.883,0,100,100,15600,169971671.388,0.000,22.568,3,2,0,552,512,0,8,14428824853121788438
"Windows x86-64","Clang 21.1.0 ","-std=c11 -O3 -Wall -Wextra -Wpedantic","sliding_mean","explicit_incremental","continuous",64,3,12000,0,5.850,0,100,100,18000,170940170.940,0.000,22.379,3,2,0,552,512,0,8,14428824853121788438
"Windows x86-64","Clang 21.1.0 ","-std=c11 -O3 -Wall -Wextra -Wpedantic","rolling_max","hidden_incremental","continuous",64,4,12000,0,13.683,0,100,100,3100,73081607.795,0.000,52.154,10,0,0,49184,0,0,8,9178546068091772445
"Windows x86-64","Clang 21.1.0 ","-std=c11 -O3 -Wall -Wextra -Wpedantic","rolling_max","explicit_incremental","continuous",64,4,12000,0,14.367,0,100,100,700,69605568.445,0.000,54.682,0,0,0,49184,0,0,8,9178546068091772445
"Windows x86-64","Clang 21.1.0 ","-std=c11 -O3 -Wall -Wextra -Wpedantic","rolling_max","full_recompute","continuous",64,4,12000,0,14.950,0,100,100,400,66889632.107,0.000,56.990,0,0,0,0,256,0,256,9178546068091772445
"Windows x86-64","Clang 21.1.0 ","-std=c11 -O3 -Wall -Wextra -Wpedantic","sliding_mean","hidden_incremental","continuous",64,4,12000,0,5.567,0,100,100,1000,179640718.563,0.000,21.336,0,0,0,552,512,0,8,14428824853121788438
"Windows x86-64","Clang 21.1.0 ","-std=c11 -O3 -Wall -Wextra -Wpedantic","sliding_mean","explicit_incremental","continuous",64,4,12000,0,5.425,0,100,100,34500,184331797.235,0.000,20.735,1,1,0,552,512,0,8,14428824853121788438
"Windows x86-64","Clang 21.1.0 ","-std=c11 -O3 -Wall -Wextra -Wpedantic","sliding_mean","full_recompute","continuous",64,4,12000,0,26.867,100,100,100,270600,37220843.672,0.000,102.474,5,5,1,0,512,0,512,14428824853121788438
"Windows x86-64","Clang 21.1.0 ","-std=c11 -O3 -Wall -Wextra -Wpedantic","rolling_max","explicit_incremental","continuous",64,5,12000,0,15.933,0,100,100,800,62761506.276,0.000,58.001,0,0,0,49184,0,0,8,9178546068091772445
"Windows x86-64","Clang 21.1.0 ","-std=c11 -O3 -Wall -Wextra -Wpedantic","rolling_max","full_recompute","continuous",64,5,12000,0,15.050,0,100,100,23500,66445182.724,0.000,56.611,1,1,0,0,256,0,256,9178546068091772445
"Windows x86-64","Clang 21.1.0 ","-std=c11 -O3 -Wall -Wextra -Wpedantic","sliding_mean","hidden_incremental","continuous",64,5,12000,0,6.642,0,100,100,200,150564617.315,0.000,25.445,0,0,0,552,512,0,8,14428824853121788438
"Windows x86-64","Clang 21.1.0 ","-std=c11 -O3 -Wall -Wextra -Wpedantic","sliding_mean","explicit_incremental","continuous",64,5,12000,0,5.458,0,100,100,900,183206106.870,0.000,20.893,0,0,0,552,512,0,8,14428824853121788438
"Windows x86-64","Clang 21.1.0 ","-std=c11 -O3 -Wall -Wextra -Wpedantic","sliding_mean","full_recompute","continuous",64,5,12000,0,20.267,100,100,100,600,49342105.263,6424.753,77.156,0,0,0,0,512,0,512,14428824853121788438
"Windows x86-64","Clang 21.1.0 ","-std=c11 -O3 -Wall -Wextra -Wpedantic","rolling_max","hidden_incremental","continuous",64,5,12000,0,12.283,0,100,100,10400,81411126.187,0.000,46.875,1,1,0,49184,0,0,8,9178546068091772445
"Windows x86-64","Clang 21.1.0 ","-std=c11 -O3 -Wall -Wextra -Wpedantic","rolling_max","full_recompute","continuous",64,6,12000,0,13.700,0,100,100,900,72992700.730,0.000,52.249,0,0,0,0,256,0,256,9178546068091772445
"Windows x86-64","Clang 21.1.0 ","-std=c11 -O3 -Wall -Wextra -Wpedantic","sliding_mean","hidden_incremental","continuous",64,6,12000,0,5.517,0,100,100,13700,181268882.175,0.000,21.083,1,1,0,552,512,0,8,14428824853121788438
"Windows x86-64","Clang 21.1.0 ","-std=c11 -O3 -Wall -Wextra -Wpedantic","sliding_mean","explicit_incremental","continuous",64,6,12000,0,5.483,0,100,100,500,182370820.669,0.000,20.925,0,0,0,552,512,0,8,14428824853121788438
"Windows x86-64","Clang 21.1.0 ","-std=c11 -O3 -Wall -Wextra -Wpedantic","sliding_mean","full_recompute","continuous",64,6,12000,0,17.483,100,100,100,300,57197330.791,0.000,66.535,0,0,0,0,512,0,512,14428824853121788438
"Windows x86-64","Clang 21.1.0 ","-std=c11 -O3 -Wall -Wextra -Wpedantic","rolling_max","hidden_incremental","continuous",64,6,12000,0,10.300,0,100,100,300,97087378.641,0.000,39.194,0,0,0,49184,0,0,8,9178546068091772445
"Windows x86-64","Clang 21.1.0 ","-std=c11 -O3 -Wall -Wextra -Wpedantic","rolling_max","explicit_incremental","continuous",64,6,12000,0,12.925,0,100,100,300,77369439.072,0.000,49.277,0,0,0,49184,0,0,8,9178546068091772445
"Windows x86-64","Clang 21.1.0 ","-std=c11 -O3 -Wall -Wextra -Wpedantic","sliding_mean","hidden_incremental","continuous",64,7,12000,0,5.450,0,100,100,400,183486238.532,0.000,20.798,0,0,0,552,512,0,8,14428824853121788438
"Windows x86-64","Clang 21.1.0 ","-std=c11 -O3 -Wall -Wextra -Wpedantic","sliding_mean","explicit_incremental","continuous",64,7,12000,0,5.517,0,100,100,500,181268882.175,0.000,21.241,0,0,0,552,512,0,8,14428824853121788438
"Windows x86-64","Clang 21.1.0 ","-std=c11 -O3 -Wall -Wextra -Wpedantic","sliding_mean","full_recompute","continuous",64,7,12000,0,26.792,100,100,100,900,37325038.880,0.000,101.905,0,0,0,0,512,0,512,14428824853121788438
"Windows x86-64","Clang 21.1.0 ","-std=c11 -O3 -Wall -Wextra -Wpedantic","rolling_max","hidden_incremental","continuous",64,7,12000,0,13.233,0,100,100,8600,75566750.630,0.000,50.636,2,0,0,49184,0,0,8,9178546068091772445
"Windows x86-64","Clang 21.1.0 ","-std=c11 -O3 -Wall -Wextra -Wpedantic","rolling_max","explicit_incremental","continuous",64,7,12000,0,10.567,0,100,100,600,94637223.975,0.000,40.237,0,0,0,49184,0,0,8,9178546068091772445
"Windows x86-64","Clang 21.1.0 ","-std=c11 -O3 -Wall -Wextra -Wpedantic","rolling_max","full_recompute","continuous",64,7,12000,0,12.375,0,100,100,8600,80808080.808,0.000,47.033,1,0,0,0,256,0,256,9178546068091772445
"Windows x86-64","Clang 21.1.0 ","-std=c11 -O3 -Wall -Wextra -Wpedantic","sliding_mean","hidden_incremental","continuous",256,1,12000,0,5.492,0,100,100,1300,182094081.942,0.000,20.988,1,0,0,2088,2048,0,8,6478900895531027537
"Windows x86-64","Clang 21.1.0 ","-std=c11 -O3 -Wall -Wextra -Wpedantic","sliding_mean","explicit_incremental","continuous",256,1,12000,0,5.583,0,100,100,12100,179104477.612,0.000,21.399,1,1,0,2088,2048,0,8,6478900895531027537
"Windows x86-64","Clang 21.1.0 ","-std=c11 -O3 -Wall -Wextra -Wpedantic","sliding_mean","full_recompute","continuous",256,1,12000,0,135.208,200,200,200,8700,7395993.837,0.000,512.308,1,0,0,0,2048,0,2048,6478900895531027537
"Windows x86-64","Clang 21.1.0 ","-std=c11 -O3 -Wall -Wextra -Wpedantic","rolling_max","hidden_incremental","continuous",256,1,12000,0,10.225,0,100,100,300,97799511.002,0.000,39.005,0,0,0,49184,0,0,8,402320794388001088
"Windows x86-64","Clang 21.1.0 ","-std=c11 -O3 -Wall -Wextra -Wpedantic","rolling_max","explicit_incremental","continuous",256,1,12000,0,14.083,0,100,100,9000,71005917.160,0.000,53.671,2,0,0,49184,0,0,8,402320794388001088
"Windows x86-64","Clang 21.1.0 ","-std=c11 -O3 -Wall -Wextra -Wpedantic","rolling_max","full_recompute","continuous",256,1,12000,0,32.375,100,100,100,1600,30888030.888,0.000,123.367,1,0,0,0,1024,0,1024,402320794388001088
"Windows x86-64","Clang 21.1.0 ","-std=c11 -O3 -Wall -Wextra -Wpedantic","sliding_mean","explicit_incremental","continuous",256,2,12000,0,5.683,0,100,100,1700,175953079.179,0.000,21.778,1,0,0,2088,2048,0,8,6478900895531027537
"Windows x86-64","Clang 21.1.0 ","-std=c11 -O3 -Wall -Wextra -Wpedantic","sliding_mean","full_recompute","continuous",256,2,12000,0,138.242,200,200,200,14100,7233709.084,0.000,524.098,14,2,0,0,2048,0,2048,6478900895531027537
"Windows x86-64","Clang 21.1.0 ","-std=c11 -O3 -Wall -Wextra -Wpedantic","rolling_max","hidden_incremental","continuous",256,2,12000,0,13.608,0,100,100,600,73484384.568,0.000,51.901,0,0,0,49184,0,0,8,402320794388001088
"Windows x86-64","Clang 21.1.0 ","-std=c11 -O3 -Wall -Wextra -Wpedantic","rolling_max","explicit_incremental","continuous",256,2,12000,0,10.725,0,100,100,200,93240093.240,0.000,40.775,0,0,0,49184,0,0,8,402320794388001088
"Windows x86-64","Clang 21.1.0 ","-std=c11 -O3 -Wall -Wextra -Wpedantic","rolling_max","full_recompute","continuous",256,2,12000,0,28.775,0,100,100,300,34752389.227,4525.051,108.638,0,0,0,0,1024,0,1024,402320794388001088
"Windows x86-64","Clang 21.1.0 ","-std=c11 -O3 -Wall -Wextra -Wpedantic","sliding_mean","hidden_incremental","continuous",256,2,12000,0,5.392,0,100,100,200,185471406.491,0.000,20.545,0,0,0,2088,2048,0,8,6478900895531027537
"Windows x86-64","Clang 21.1.0 ","-std=c11 -O3 -Wall -Wextra -Wpedantic","sliding_mean","full_recompute","continuous",256,3,12000,0,135.517,200,200,200,3900,7379166.154,0.000,513.256,1,0,0,0,2048,0,2048,6478900895531027537
"Windows x86-64","Clang 21.1.0 ","-std=c11 -O3 -Wall -Wextra -Wpedantic","rolling_max","hidden_incremental","continuous",256,3,12000,0,10.308,0,100,100,300,97008892.482,0.000,39.226,0,0,0,49184,0,0,8,402320794388001088
"Windows x86-64","Clang 21.1.0 ","-std=c11 -O3 -Wall -Wextra -Wpedantic","rolling_max","explicit_incremental","continuous",256,3,12000,0,9.983,0,100,100,300,100166944.908,0.000,37.993,0,0,0,49184,0,0,8,402320794388001088
"Windows x86-64","Clang 21.1.0 ","-std=c11 -O3 -Wall -Wextra -Wpedantic","rolling_max","full_recompute","continuous",256,3,12000,0,28.375,0,100,100,300,35242290.749,0.000,107.721,0,0,0,0,1024,0,1024,402320794388001088
"Windows x86-64","Clang 21.1.0 ","-std=c11 -O3 -Wall -Wextra -Wpedantic","sliding_mean","hidden_incremental","continuous",256,3,12000,0,5.400,0,100,100,200,185185185.185,0.000,20.577,0,0,0,2088,2048,0,8,6478900895531027537
"Windows x86-64","Clang 21.1.0 ","-std=c11 -O3 -Wall -Wextra -Wpedantic","sliding_mean","explicit_incremental","continuous",256,3,12000,0,5.350,0,100,100,1800,186915887.850,0.000,20.419,1,0,0,2088,2048,0,8,6478900895531027537
"Windows x86-64","Clang 21.1.0 ","-std=c11 -O3 -Wall -Wextra -Wpedantic","rolling_max","hidden_incremental","continuous",256,4,12000,0,10.133,0,100,100,600,98684210.526,0.000,38.594,0,0,0,49184,0,0,8,402320794388001088
"Windows x86-64","Clang 21.1.0 ","-std=c11 -O3 -Wall -Wextra -Wpedantic","rolling_max","explicit_incremental","continuous",256,4,12000,0,11.150,0,100,100,200,89686098.655,0.000,42.450,0,0,0,49184,0,0,8,402320794388001088
"Windows x86-64","Clang 21.1.0 ","-std=c11 -O3 -Wall -Wextra -Wpedantic","rolling_max","full_recompute","continuous",256,4,12000,0,28.958,0,100,100,1300,34532374.101,0.000,109.965,1,0,0,0,1024,0,1024,402320794388001088
"Windows x86-64","Clang 21.1.0 ","-std=c11 -O3 -Wall -Wextra -Wpedantic","sliding_mean","hidden_incremental","continuous",256,4,12000,0,5.383,0,100,100,200,185758513.932,0.000,20.514,0,0,0,2088,2048,0,8,6478900895531027537
"Windows x86-64","Clang 21.1.0 ","-std=c11 -O3 -Wall -Wextra -Wpedantic","sliding_mean","explicit_incremental","continuous",256,4,12000,0,5.367,0,100,100,5100,186335403.727,0.000,20.451,1,0,0,2088,2048,0,8,6478900895531027537
"Windows x86-64","Clang 21.1.0 ","-std=c11 -O3 -Wall -Wextra -Wpedantic","sliding_mean","full_recompute","continuous",256,4,12000,0,135.817,200,200,200,3900,7362866.609,0.000,514.331,1,0,0,0,2048,0,2048,6478900895531027537
"Windows x86-64","Clang 21.1.0 ","-std=c11 -O3 -Wall -Wextra -Wpedantic","rolling_max","explicit_incremental","continuous",256,5,12000,0,10.233,0,100,100,600,97719869.707,0.000,38.910,0,0,0,49184,0,0,8,402320794388001088
"Windows x86-64","Clang 21.1.0 ","-std=c11 -O3 -Wall -Wextra -Wpedantic","rolling_max","full_recompute","continuous",256,5,12000,0,28.133,0,100,100,400,35545023.697,0.000,106.805,0,0,0,0,1024,0,1024,402320794388001088
"Windows x86-64","Clang 21.1.0 ","-std=c11 -O3 -Wall -Wextra -Wpedantic","sliding_mean","hidden_incremental","continuous",256,5,12000,0,5.400,0,100,100,200,185185185.185,0.000,20.577,0,0,0,2088,2048,0,8,6478900895531027537
"Windows x86-64","Clang 21.1.0 ","-std=c11 -O3 -Wall -Wextra -Wpedantic","sliding_mean","explicit_incremental","continuous",256,5,12000,0,5.375,0,100,100,300,186046511.628,0.000,20.514,0,0,0,2088,2048,0,8,6478900895531027537
"Windows x86-64","Clang 21.1.0 ","-std=c11 -O3 -Wall -Wextra -Wpedantic","sliding_mean","full_recompute","continuous",256,5,12000,0,134.833,200,200,200,7800,7416563.659,0.000,511.012,3,0,0,0,2048,0,2048,6478900895531027537
"Windows x86-64","Clang 21.1.0 ","-std=c11 -O3 -Wall -Wextra -Wpedantic","rolling_max","hidden_incremental","continuous",256,5,12000,0,10.267,0,100,100,300,97402597.403,0.000,39.036,0,0,0,49184,0,0,8,402320794388001088
"Windows x86-64","Clang 21.1.0 ","-std=c11 -O3 -Wall -Wextra -Wpedantic","rolling_max","full_recompute","continuous",256,6,12000,0,28.342,0,100,100,300,35283740.076,0.000,107.595,0,0,0,0,1024,0,1024,402320794388001088
"Windows x86-64","Clang 21.1.0 ","-std=c11 -O3 -Wall -Wextra -Wpedantic","sliding_mean","hidden_incremental","continuous",256,6,12000,0,5.392,0,100,100,3400,185471406.491,0.000,20.545,1,0,0,2088,2048,0,8,6478900895531027537
"Windows x86-64","Clang 21.1.0 ","-std=c11 -O3 -Wall -Wextra -Wpedantic","sliding_mean","explicit_incremental","continuous",256,6,12000,0,5.383,0,100,100,400,185758513.932,24187.307,20.545,0,0,0,2088,2048,0,8,6478900895531027537
"Windows x86-64","Clang 21.1.0 ","-std=c11 -O3 -Wall -Wextra -Wpedantic","sliding_mean","full_recompute","continuous",256,6,12000,0,134.700,200,200,200,6100,7423904.974,0.000,510.411,1,0,0,0,2048,0,2048,6478900895531027537
"Windows x86-64","Clang 21.1.0 ","-std=c11 -O3 -Wall -Wextra -Wpedantic","rolling_max","hidden_incremental","continuous",256,6,12000,0,10.117,0,100,100,300,98846787.479,0.000,38.499,0,0,0,49184,0,0,8,402320794388001088
"Windows x86-64","Clang 21.1.0 ","-std=c11 -O3 -Wall -Wextra -Wpedantic","rolling_max","explicit_incremental","continuous",256,6,12000,0,10.800,0,100,100,200,92592592.593,0.000,41.091,0,0,0,49184,0,0,8,402320794388001088
"Windows x86-64","Clang 21.1.0 ","-std=c11 -O3 -Wall -Wextra -Wpedantic","sliding_mean","hidden_incremental","continuous",256,7,12000,0,5.392,0,100,100,200,185471406.491,0.000,20.545,0,0,0,2088,2048,0,8,6478900895531027537
"Windows x86-64","Clang 21.1.0 ","-std=c11 -O3 -Wall -Wextra -Wpedantic","sliding_mean","explicit_incremental","continuous",256,7,12000,0,5.467,0,100,100,900,182926829.268,0.000,20.861,0,0,0,2088,2048,0,8,6478900895531027537
"Windows x86-64","Clang 21.1.0 ","-std=c11 -O3 -Wall -Wextra -Wpedantic","sliding_mean","full_recompute","continuous",256,7,12000,0,134.592,200,200,200,29200,7429880.503,0.000,510.158,2,1,0,0,2048,0,2048,6478900895531027537
"Windows x86-64","Clang 21.1.0 ","-std=c11 -O3 -Wall -Wextra -Wpedantic","rolling_max","hidden_incremental","continuous",256,7,12000,0,10.308,0,100,100,300,97008892.482,0.000,39.226,0,0,0,49184,0,0,8,402320794388001088
"Windows x86-64","Clang 21.1.0 ","-std=c11 -O3 -Wall -Wextra -Wpedantic","rolling_max","explicit_incremental","continuous",256,7,12000,0,10.683,0,100,100,200,93603744.150,0.000,40.648,0,0,0,49184,0,0,8,402320794388001088
"Windows x86-64","Clang 21.1.0 ","-std=c11 -O3 -Wall -Wextra -Wpedantic","rolling_max","full_recompute","continuous",256,7,12000,0,28.825,0,100,100,400,34692107.546,0.000,108.669,0,0,0,0,1024,0,1024,402320794388001088
"Windows x86-64","Clang 21.1.0 ","-std=c11 -O3 -Wall -Wextra -Wpedantic","sliding_mean","hidden_incremental","continuous",1024,1,12000,0,5.250,0,100,100,200,190476190.476,24801.587,20.008,0,0,0,8232,8192,0,8,10700131712036748100
"Windows x86-64","Clang 21.1.0 ","-std=c11 -O3 -Wall -Wextra -Wpedantic","sliding_mean","explicit_incremental","continuous",1024,1,12000,0,5.175,0,100,100,200,193236714.976,0.000,19.787,0,0,0,8232,8192,0,8,10700131712036748100
"Windows x86-64","Clang 21.1.0 ","-std=c11 -O3 -Wall -Wextra -Wpedantic","sliding_mean","full_recompute","continuous",1024,1,12000,0,627.542,700,800,800,48800,1593519.687,207.490,2377.674,5,1,0,0,8192,0,8192,10700131712036748100
"Windows x86-64","Clang 21.1.0 ","-std=c11 -O3 -Wall -Wextra -Wpedantic","rolling_max","hidden_incremental","continuous",1024,1,12000,0,10.042,0,100,100,300,99585062.241,0.000,38.183,0,0,0,49184,0,0,8,2355467970497471644
"Windows x86-64","Clang 21.1.0 ","-std=c11 -O3 -Wall -Wextra -Wpedantic","rolling_max","explicit_incremental","continuous",1024,1,12000,0,11.550,0,100,100,4100,86580086.580,0.000,43.967,1,0,0,49184,0,0,8,2355467970497471644
"Windows x86-64","Clang 21.1.0 ","-std=c11 -O3 -Wall -Wextra -Wpedantic","rolling_max","full_recompute","continuous",1024,1,12000,0,107.075,100,200,200,5600,9339248.191,0.000,406.230,1,0,0,0,4096,0,4096,2355467970497471644
"Windows x86-64","Clang 21.1.0 ","-std=c11 -O3 -Wall -Wextra -Wpedantic","sliding_mean","explicit_incremental","continuous",1024,2,12000,0,5.233,0,100,100,200,191082802.548,0.000,19.976,0,0,0,8232,8192,0,8,10700131712036748100
"Windows x86-64","Clang 21.1.0 ","-std=c11 -O3 -Wall -Wextra -Wpedantic","sliding_mean","full_recompute","continuous",1024,2,12000,0,629.892,700,800,800,5200,1587574.583,206.715,2378.843,4,0,0,0,8192,0,8192,10700131712036748100
"Windows x86-64","Clang 21.1.0 ","-std=c11 -O3 -Wall -Wextra -Wpedantic","rolling_max","hidden_incremental","continuous",1024,2,12000,0,10.117,0,100,100,2300,98846787.479,0.000,38.562,1,0,0,49184,0,0,8,2355467970497471644
"Windows x86-64","Clang 21.1.0 ","-std=c11 -O3 -Wall -Wextra -Wpedantic","rolling_max","explicit_incremental","continuous",1024,2,12000,0,10.000,0,100,100,6600,100000000.000,0.000,38.056,1,0,0,49184,0,0,8,2355467970497471644
"Windows x86-64","Clang 21.1.0 ","-std=c11 -O3 -Wall -Wextra -Wpedantic","rolling_max","full_recompute","continuous",1024,2,12000,0,107.108,100,200,200,400,9336341.710,0.000,406.388,0,0,0,0,4096,0,4096,2355467970497471644
"Windows x86-64","Clang 21.1.0 ","-std=c11 -O3 -Wall -Wextra -Wpedantic","sliding_mean","hidden_incremental","continuous",1024,2,12000,0,5.250,0,100,100,3000,190476190.476,0.000,20.008,1,0,0,8232,8192,0,8,10700131712036748100
"Windows x86-64","Clang 21.1.0 ","-std=c11 -O3 -Wall -Wextra -Wpedantic","sliding_mean","full_recompute","continuous",1024,3,12000,0,627.875,700,800,800,27500,1592673.701,0.000,2379.665,6,1,0,0,8192,0,8192,10700131712036748100
"Windows x86-64","Clang 21.1.0 ","-std=c11 -O3 -Wall -Wextra -Wpedantic","rolling_max","hidden_incremental","continuous",1024,3,12000,0,10.742,0,100,100,200,93095422.808,12121.800,39.827,0,0,0,49184,0,0,8,2355467970497471644
"Windows x86-64","Clang 21.1.0 ","-std=c11 -O3 -Wall -Wextra -Wpedantic","rolling_max","explicit_incremental","continuous",1024,3,12000,0,10.800,0,100,100,200,92592592.593,0.000,41.028,0,0,0,49184,0,0,8,2355467970497471644
"Windows x86-64","Clang 21.1.0 ","-std=c11 -O3 -Wall -Wextra -Wpedantic","rolling_max","full_recompute","continuous",1024,3,12000,0,107.258,100,200,200,4200,9323284.904,0.000,406.357,1,0,0,0,4096,0,4096,2355467970497471644
"Windows x86-64","Clang 21.1.0 ","-std=c11 -O3 -Wall -Wextra -Wpedantic","sliding_mean","hidden_incremental","continuous",1024,3,12000,0,5.208,0,100,100,900,192000000.000,0.000,19.882,0,0,0,8232,8192,0,8,10700131712036748100
"Windows x86-64","Clang 21.1.0 ","-std=c11 -O3 -Wall -Wextra -Wpedantic","sliding_mean","explicit_incremental","continuous",1024,3,12000,0,5.250,0,100,100,200,190476190.476,0.000,20.008,0,0,0,8232,8192,0,8,10700131712036748100
"Windows x86-64","Clang 21.1.0 ","-std=c11 -O3 -Wall -Wextra -Wpedantic","rolling_max","hidden_incremental","continuous",1024,4,12000,0,10.575,0,100,100,6500,94562647.754,0.000,40.206,1,0,0,49184,0,0,8,2355467970497471644
"Windows x86-64","Clang 21.1.0 ","-std=c11 -O3 -Wall -Wextra -Wpedantic","rolling_max","explicit_incremental","continuous",1024,4,12000,0,11.408,0,100,100,200,87655222.790,0.000,43.367,0,0,0,49184,0,0,8,2355467970497471644
"Windows x86-64","Clang 21.1.0 ","-std=c11 -O3 -Wall -Wextra -Wpedantic","rolling_max","full_recompute","continuous",1024,4,12000,0,107.358,100,200,200,3500,9314600.636,0.000,406.926,1,0,0,0,4096,0,4096,2355467970497471644
"Windows x86-64","Clang 21.1.0 ","-std=c11 -O3 -Wall -Wextra -Wpedantic","sliding_mean","hidden_incremental","continuous",1024,4,12000,0,5.208,0,100,100,200,192000000.000,0.000,19.850,0,0,0,8232,8192,0,8,10700131712036748100
"Windows x86-64","Clang 21.1.0 ","-std=c11 -O3 -Wall -Wextra -Wpedantic","sliding_mean","explicit_incremental","continuous",1024,4,12000,0,5.233,0,100,100,4700,191082802.548,0.000,19.945,1,0,0,8232,8192,0,8,10700131712036748100
"Windows x86-64","Clang 21.1.0 ","-std=c11 -O3 -Wall -Wextra -Wpedantic","sliding_mean","full_recompute","continuous",1024,4,12000,0,628.892,700,800,800,30200,1590098.984,0.000,2381.151,8,1,0,0,8192,0,8192,10700131712036748100
"Windows x86-64","Clang 21.1.0 ","-std=c11 -O3 -Wall -Wextra -Wpedantic","rolling_max","explicit_incremental","continuous",1024,5,12000,0,10.150,0,100,100,200,98522167.488,0.000,38.657,0,0,0,49184,0,0,8,2355467970497471644
"Windows x86-64","Clang 21.1.0 ","-std=c11 -O3 -Wall -Wextra -Wpedantic","rolling_max","full_recompute","continuous",1024,5,12000,0,107.275,100,200,200,6300,9321836.402,1213.781,406.357,2,0,0,0,4096,0,4096,2355467970497471644
"Windows x86-64","Clang 21.1.0 ","-std=c11 -O3 -Wall -Wextra -Wpedantic","sliding_mean","hidden_incremental","continuous",1024,5,12000,0,5.700,0,100,100,1500,175438596.491,0.000,20.925,1,0,0,8232,8192,0,8,10700131712036748100
"Windows x86-64","Clang 21.1.0 ","-std=c11 -O3 -Wall -Wextra -Wpedantic","sliding_mean","explicit_incremental","continuous",1024,5,12000,0,5.200,0,100,100,300,192307692.308,0.000,19.882,0,0,0,8232,8192,0,8,10700131712036748100
"Windows x86-64","Clang 21.1.0 ","-std=c11 -O3 -Wall -Wextra -Wpedantic","sliding_mean","full_recompute","continuous",1024,5,12000,0,631.475,700,800,800,7400,1583593.967,206.197,2391.360,8,0,0,0,8192,0,8192,10700131712036748100
"Windows x86-64","Clang 21.1.0 ","-std=c11 -O3 -Wall -Wextra -Wpedantic","rolling_max","hidden_incremental","continuous",1024,5,12000,0,10.275,0,100,100,1400,97323600.973,0.000,39.099,1,0,0,49184,0,0,8,2355467970497471644
"Windows x86-64","Clang 21.1.0 ","-std=c11 -O3 -Wall -Wextra -Wpedantic","rolling_max","full_recompute","continuous",1024,6,12000,0,114.942,100,200,200,4600,8700065.250,0.000,436.574,1,0,0,0,4096,0,4096,2355467970497471644
"Windows x86-64","Clang 21.1.0 ","-std=c11 -O3 -Wall -Wextra -Wpedantic","sliding_mean","hidden_incremental","continuous",1024,6,12000,0,5.242,0,100,100,6900,190779014.308,0.000,20.008,1,0,0,8232,8192,0,8,10700131712036748100
"Windows x86-64","Clang 21.1.0 ","-std=c11 -O3 -Wall -Wextra -Wpedantic","sliding_mean","explicit_incremental","continuous",1024,6,12000,0,5.242,0,100,100,200,190779014.308,0.000,19.945,0,0,0,8232,8192,0,8,10700131712036748100
"Windows x86-64","Clang 21.1.0 ","-std=c11 -O3 -Wall -Wextra -Wpedantic","sliding_mean","full_recompute","continuous",1024,6,12000,0,632.542,700,800,800,6100,1580923.523,0.000,2389.242,9,0,0,0,8192,0,8192,10700131712036748100
"Windows x86-64","Clang 21.1.0 ","-std=c11 -O3 -Wall -Wextra -Wpedantic","rolling_max","hidden_incremental","continuous",1024,6,12000,0,10.042,0,100,100,4500,99585062.241,0.000,38.214,1,0,0,49184,0,0,8,2355467970497471644
"Windows x86-64","Clang 21.1.0 ","-std=c11 -O3 -Wall -Wextra -Wpedantic","rolling_max","explicit_incremental","continuous",1024,6,12000,0,11.183,0,100,100,400,89418777.943,0.000,42.513,0,0,0,49184,0,0,8,2355467970497471644
"Windows x86-64","Clang 21.1.0 ","-std=c11 -O3 -Wall -Wextra -Wpedantic","sliding_mean","hidden_incremental","continuous",1024,7,12000,0,5.233,0,100,100,900,191082802.548,0.000,19.977,0,0,0,8232,8192,0,8,10700131712036748100
"Windows x86-64","Clang 21.1.0 ","-std=c11 -O3 -Wall -Wextra -Wpedantic","sliding_mean","explicit_incremental","continuous",1024,7,12000,0,5.242,0,100,100,800,190779014.308,0.000,20.040,0,0,0,8232,8192,0,8,10700131712036748100
"Windows x86-64","Clang 21.1.0 ","-std=c11 -O3 -Wall -Wextra -Wpedantic","sliding_mean","full_recompute","continuous",1024,7,12000,0,630.600,700,800,800,15400,1585791.310,0.000,2388.895,6,2,0,0,8192,0,8192,10700131712036748100
"Windows x86-64","Clang 21.1.0 ","-std=c11 -O3 -Wall -Wextra -Wpedantic","rolling_max","hidden_incremental","continuous",1024,7,12000,0,10.183,0,100,100,200,98199672.668,0.000,38.783,0,0,0,49184,0,0,8,2355467970497471644
"Windows x86-64","Clang 21.1.0 ","-std=c11 -O3 -Wall -Wextra -Wpedantic","rolling_max","explicit_incremental","continuous",1024,7,12000,0,12.008,0,100,100,200,83275503.123,10843.164,45.674,0,0,0,49184,0,0,8,2355467970497471644
"Windows x86-64","Clang 21.1.0 ","-std=c11 -O3 -Wall -Wextra -Wpedantic","rolling_max","full_recompute","continuous",1024,7,12000,0,112.617,100,200,200,6600,8879680.332,0.000,426.523,2,0,0,0,4096,0,4096,2355467970497471644
"Windows x86-64","Clang 21.1.0 ","-std=c11 -O3 -Wall -Wextra -Wpedantic","sliding_mean","hidden_incremental","continuous",4096,1,12000,0,4.667,0,100,100,200,214285714.286,0.000,17.827,0,0,0,32808,32768,0,8,3544070252080784991
"Windows x86-64","Clang 21.1.0 ","-std=c11 -O3 -Wall -Wextra -Wpedantic","sliding_mean","explicit_incremental","continuous",4096,1,12000,0,4.500,0,100,100,5400,222222222.222,0.000,17.163,1,0,0,32808,32768,0,8,3544070252080784991
"Windows x86-64","Clang 21.1.0 ","-std=c11 -O3 -Wall -Wextra -Wpedantic","sliding_mean","full_recompute","continuous",4096,1,12000,0,2278.983,2800,2800,3100,92400,438792.151,57.134,8629.297,10468,9,0,0,32768,0,32768,3544070252080784991
"Windows x86-64","Clang 21.1.0 ","-std=c11 -O3 -Wall -Wextra -Wpedantic","rolling_max","hidden_incremental","continuous",4096,1,12000,0,10.417,0,100,100,200,96000000.000,12500.000,39.669,0,0,0,49184,0,0,8,12670115342589253181
"Windows x86-64","Clang 21.1.0 ","-std=c11 -O3 -Wall -Wextra -Wpedantic","rolling_max","explicit_incremental","continuous",4096,1,12000,0,10.867,0,100,100,300,92024539.877,0.000,41.312,0,0,0,49184,0,0,8,12670115342589253181
"Windows x86-64","Clang 21.1.0 ","-std=c11 -O3 -Wall -Wextra -Wpedantic","rolling_max","full_recompute","continuous",4096,1,12000,0,394.033,400,500,600,8700,2537856.357,0.000,1492.419,5,0,0,0,16384,0,16384,12670115342589253181
"Windows x86-64","Clang 21.1.0 ","-std=c11 -O3 -Wall -Wextra -Wpedantic","sliding_mean","explicit_incremental","continuous",4096,2,12000,0,4.842,0,100,100,300,206540447.504,0.000,18.554,0,0,0,32808,32768,0,8,3544070252080784991
"Windows x86-64","Clang 21.1.0 ","-std=c11 -O3 -Wall -Wextra -Wpedantic","sliding_mean","full_recompute","continuous",4096,2,12000,0,2331.192,2800,2800,3000,37100,428965.157,111.710,8782.217,10463,5,0,0,32768,0,32768,3544070252080784991
"Windows x86-64","Clang 21.1.0 ","-std=c11 -O3 -Wall -Wextra -Wpedantic","rolling_max","hidden_incremental","continuous",4096,2,12000,0,10.000,0,100,100,9800,100000000.000,0.000,38.056,1,0,0,49184,0,0,8,12670115342589253181
"Windows x86-64","Clang 21.1.0 ","-std=c11 -O3 -Wall -Wextra -Wpedantic","rolling_max","explicit_incremental","continuous",4096,2,12000,0,10.542,0,100,100,200,94861660.079,0.000,40.143,0,0,0,49184,0,0,8,12670115342589253181
"Windows x86-64","Clang 21.1.0 ","-std=c11 -O3 -Wall -Wextra -Wpedantic","rolling_max","full_recompute","continuous",4096,2,12000,0,391.142,500,600,700,53600,2556618.446,332.893,1482.494,12,6,0,0,16384,0,16384,12670115342589253181
"Windows x86-64","Clang 21.1.0 ","-std=c11 -O3 -Wall -Wextra -Wpedantic","sliding_mean","hidden_incremental","continuous",4096,2,12000,0,4.692,0,100,100,400,213143872.114,0.000,17.890,0,0,0,32808,32768,0,8,3544070252080784991
"Windows x86-64","Clang 21.1.0 ","-std=c11 -O3 -Wall -Wextra -Wpedantic","sliding_mean","full_recompute","continuous",4096,3,12000,0,2273.267,2800,2800,3100,22100,439895.598,57.278,8611.090,10465,7,0,0,32768,0,32768,3544070252080784991
"Windows x86-64","Clang 21.1.0 ","-std=c11 -O3 -Wall -Wextra -Wpedantic","rolling_max","hidden_incremental","continuous",4096,3,12000,0,9.992,0,100,100,200,100083402.836,0.000,38.056,0,0,0,49184,0,0,8,12670115342589253181
"Windows x86-64","Clang 21.1.0 ","-std=c11 -O3 -Wall -Wextra -Wpedantic","rolling_max","explicit_incremental","continuous",4096,3,12000,0,10.867,0,100,100,200,92024539.877,0.000,41.344,0,0,0,49184,0,0,8,12670115342589253181
"Windows x86-64","Clang 21.1.0 ","-std=c11 -O3 -Wall -Wextra -Wpedantic","rolling_max","full_recompute","continuous",4096,3,12000,0,415.017,400,500,600,8400,2409541.785,0.000,1492.798,8,0,0,0,16384,0,16384,12670115342589253181
"Windows x86-64","Clang 21.1.0 ","-std=c11 -O3 -Wall -Wextra -Wpedantic","sliding_mean","hidden_incremental","continuous",4096,3,12000,0,4.625,0,100,100,300,216216216.216,0.000,17.732,0,0,0,32808,32768,0,8,3544070252080784991
"Windows x86-64","Clang 21.1.0 ","-std=c11 -O3 -Wall -Wextra -Wpedantic","sliding_mean","explicit_incremental","continuous",4096,3,12000,0,4.717,0,100,100,300,212014134.276,0.000,18.017,0,0,0,32808,32768,0,8,3544070252080784991
"Windows x86-64","Clang 21.1.0 ","-std=c11 -O3 -Wall -Wextra -Wpedantic","rolling_max","hidden_incremental","continuous",4096,4,12000,0,9.908,0,100,100,200,100925147.183,0.000,37.677,0,0,0,49184,0,0,8,12670115342589253181
"Windows x86-64","Clang 21.1.0 ","-std=c11 -O3 -Wall -Wextra -Wpedantic","rolling_max","explicit_incremental","continuous",4096,4,12000,0,11.642,0,100,100,2000,85898353.615,0.000,44.315,1,0,0,49184,0,0,8,12670115342589253181
"Windows x86-64","Clang 21.1.0 ","-std=c11 -O3 -Wall -Wextra -Wpedantic","rolling_max","full_recompute","continuous",4096,4,12000,0,394.375,400,500,700,163100,2535657.686,0.000,1489.701,18,4,1,0,16384,0,16384,12670115342589253181
"Windows x86-64","Clang 21.1.0 ","-std=c11 -O3 -Wall -Wextra -Wpedantic","sliding_mean","hidden_incremental","continuous",4096,4,12000,0,4.667,0,100,100,200,214285714.286,0.000,17.827,0,0,0,32808,32768,0,8,3544070252080784991
"Windows x86-64","Clang 21.1.0 ","-std=c11 -O3 -Wall -Wextra -Wpedantic","sliding_mean","explicit_incremental","continuous",4096,4,12000,0,5.208,0,100,100,14300,192000000.000,0.000,19.945,1,1,0,32808,32768,0,8,3544070252080784991
"Windows x86-64","Clang 21.1.0 ","-std=c11 -O3 -Wall -Wextra -Wpedantic","sliding_mean","full_recompute","continuous",4096,4,12000,0,2278.625,2800,2900,3500,30000,438861.155,114.287,8624.144,10465,6,0,0,32768,0,32768,3544070252080784991
"Windows x86-64","Clang 21.1.0 ","-std=c11 -O3 -Wall -Wextra -Wpedantic","rolling_max","explicit_incremental","continuous",4096,5,12000,0,10.725,0,100,100,200,93240093.240,0.000,40.838,0,0,0,49184,0,0,8,12670115342589253181
"Windows x86-64","Clang 21.1.0 ","-std=c11 -O3 -Wall -Wextra -Wpedantic","rolling_max","full_recompute","continuous",4096,5,12000,0,385.358,400,500,600,9400,2594987.349,0.000,1460.716,10,0,0,0,16384,0,16384,12670115342589253181
"Windows x86-64","Clang 21.1.0 ","-std=c11 -O3 -Wall -Wextra -Wpedantic","sliding_mean","hidden_incremental","continuous",4096,5,12000,0,4.667,0,100,100,200,214285714.286,0.000,17.796,0,0,0,32808,32768,0,8,3544070252080784991
"Windows x86-64","Clang 21.1.0 ","-std=c11 -O3 -Wall -Wextra -Wpedantic","sliding_mean","explicit_incremental","continuous",4096,5,12000,0,4.717,0,100,100,200,212014134.276,0.000,18.017,0,0,0,32808,32768,0,8,3544070252080784991
"Windows x86-64","Clang 21.1.0 ","-std=c11 -O3 -Wall -Wextra -Wpedantic","sliding_mean","full_recompute","continuous",4096,5,12000,0,2275.558,2800,2800,2900,10400,439452.589,114.441,8598.510,10477,1,0,0,32768,0,32768,3544070252080784991
"Windows x86-64","Clang 21.1.0 ","-std=c11 -O3 -Wall -Wextra -Wpedantic","rolling_max","hidden_incremental","continuous",4096,5,12000,0,10.458,0,100,100,4300,95617529.880,0.000,39.763,1,0,0,49184,0,0,8,12670115342589253181
"Windows x86-64","Clang 21.1.0 ","-std=c11 -O3 -Wall -Wextra -Wpedantic","rolling_max","full_recompute","continuous",4096,6,12000,0,378.950,400,500,600,7600,2638870.563,343.603,1435.240,8,0,0,0,16384,0,16384,12670115342589253181
"Windows x86-64","Clang 21.1.0 ","-std=c11 -O3 -Wall -Wextra -Wpedantic","sliding_mean","hidden_incremental","continuous",4096,6,12000,0,4.658,0,100,100,200,214669051.878,0.000,17.796,0,0,0,32808,32768,0,8,3544070252080784991
"Windows x86-64","Clang 21.1.0 ","-std=c11 -O3 -Wall -Wextra -Wpedantic","sliding_mean","explicit_incremental","continuous",4096,6,12000,0,4.717,0,100,100,200,212014134.276,0.000,18.017,0,0,0,32808,32768,0,8,3544070252080784991
"Windows x86-64","Clang 21.1.0 ","-std=c11 -O3 -Wall -Wextra -Wpedantic","sliding_mean","full_recompute","continuous",4096,6,12000,0,2268.758,2800,2800,2800,29700,440769.731,57.392,8589.786,10465,2,0,0,32768,0,32768,3544070252080784991
"Windows x86-64","Clang 21.1.0 ","-std=c11 -O3 -Wall -Wextra -Wpedantic","rolling_max","hidden_incremental","continuous",4096,6,12000,0,10.217,0,100,100,200,97879282.219,0.000,38.878,0,0,0,49184,0,0,8,12670115342589253181
"Windows x86-64","Clang 21.1.0 ","-std=c11 -O3 -Wall -Wextra -Wpedantic","rolling_max","explicit_incremental","continuous",4096,6,12000,0,13.075,0,100,100,300,76481835.564,9958.572,41.438,0,0,0,49184,0,0,8,12670115342589253181
"Windows x86-64","Clang 21.1.0 ","-std=c11 -O3 -Wall -Wextra -Wpedantic","sliding_mean","hidden_incremental","continuous",4096,7,12000,0,4.658,0,100,100,200,214669051.878,0.000,17.796,0,0,0,32808,32768,0,8,3544070252080784991
"Windows x86-64","Clang 21.1.0 ","-std=c11 -O3 -Wall -Wextra -Wpedantic","sliding_mean","explicit_incremental","continuous",4096,7,12000,0,4.500,0,100,100,300,222222222.222,0.000,17.163,0,0,0,32808,32768,0,8,3544070252080784991
"Windows x86-64","Clang 21.1.0 ","-std=c11 -O3 -Wall -Wextra -Wpedantic","sliding_mean","full_recompute","continuous",4096,7,12000,0,2279.883,2800,2800,2800,29000,438618.935,114.224,8631.730,10472,2,0,0,32768,0,32768,3544070252080784991
"Windows x86-64","Clang 21.1.0 ","-std=c11 -O3 -Wall -Wextra -Wpedantic","rolling_max","hidden_incremental","continuous",4096,7,12000,0,10.325,0,100,100,300,96852300.242,0.000,39.289,0,0,0,49184,0,0,8,12670115342589253181
"Windows x86-64","Clang 21.1.0 ","-std=c11 -O3 -Wall -Wextra -Wpedantic","rolling_max","explicit_incremental","continuous",4096,7,12000,0,14.792,0,100,100,300,67605633.803,0.000,54.366,0,0,0,49184,0,0,8,12670115342589253181
"Windows x86-64","Clang 21.1.0 ","-std=c11 -O3 -Wall -Wextra -Wpedantic","rolling_max","full_recompute","continuous",4096,7,12000,0,382.600,400,500,500,6300,2613695.766,0.000,1449.811,2,0,0,0,16384,0,16384,12670115342589253181
"Windows x86-64","Clang 21.1.0 ","-std=c11 -O3 -Wall -Wextra -Wpedantic","crc32_prefix","hidden_incremental","continuous",16,1,16,0,6.250,0,100,100,100,160000000.000,0.000,94.812,0,0,0,4,16,0,1,5471972291934779092
"Windows x86-64","Clang 21.1.0 ","-std=c11 -O3 -Wall -Wextra -Wpedantic","crc32_prefix","explicit_incremental","continuous",16,1,16,0,6.250,0,100,100,100,160000000.000,0.000,94.812,0,0,0,4,16,0,1,5471972291934779092
"Windows x86-64","Clang 21.1.0 ","-std=c11 -O3 -Wall -Wextra -Wpedantic","crc32_prefix","full_recompute","continuous",16,1,16,0,31.250,0,100,100,100,32000000.000,0.000,189.625,0,0,0,0,16,0,8,5471972291934779092
"Windows x86-64","Clang 21.1.0 ","-std=c11 -O3 -Wall -Wextra -Wpedantic","crc32_prefix","explicit_incremental","continuous",16,2,16,0,6.250,0,100,100,100,160000000.000,0.000,71.125,0,0,0,4,16,0,1,5471972291934779092
"Windows x86-64","Clang 21.1.0 ","-std=c11 -O3 -Wall -Wextra -Wpedantic","crc32_prefix","full_recompute","continuous",16,2,16,0,25.000,0,100,100,100,40000000.000,0.000,165.938,0,0,0,0,16,0,8,5471972291934779092
"Windows x86-64","Clang 21.1.0 ","-std=c11 -O3 -Wall -Wextra -Wpedantic","crc32_prefix","hidden_incremental","continuous",16,2,16,0,6.250,0,100,100,100,160000000.000,0.000,71.125,0,0,0,4,16,0,1,5471972291934779092
"Windows x86-64","Clang 21.1.0 ","-std=c11 -O3 -Wall -Wextra -Wpedantic","crc32_prefix","full_recompute","continuous",16,3,16,0,31.250,100,100,100,100,32000000.000,0.000,189.625,0,0,0,0,16,0,8,5471972291934779092
"Windows x86-64","Clang 21.1.0 ","-std=c11 -O3 -Wall -Wextra -Wpedantic","crc32_prefix","hidden_incremental","continuous",16,3,16,0,6.250,0,100,100,100,160000000.000,0.000,94.812,0,0,0,4,16,0,1,5471972291934779092
"Windows x86-64","Clang 21.1.0 ","-std=c11 -O3 -Wall -Wextra -Wpedantic","crc32_prefix","explicit_incremental","continuous",16,3,16,0,6.250,0,100,100,100,160000000.000,0.000,94.812,0,0,0,4,16,0,1,5471972291934779092
"Windows x86-64","Clang 21.1.0 ","-std=c11 -O3 -Wall -Wextra -Wpedantic","crc32_prefix","hidden_incremental","continuous",16,4,16,0,0.000,0,100,100,100,0.000,0.000,71.125,0,0,0,4,16,0,1,5471972291934779092
"Windows x86-64","Clang 21.1.0 ","-std=c11 -O3 -Wall -Wextra -Wpedantic","crc32_prefix","explicit_incremental","continuous",16,4,16,0,6.250,0,100,100,100,160000000.000,0.000,94.812,0,0,0,4,16,0,1,5471972291934779092
"Windows x86-64","Clang 21.1.0 ","-std=c11 -O3 -Wall -Wextra -Wpedantic","crc32_prefix","full_recompute","continuous",16,4,16,0,31.250,0,100,100,100,32000000.000,0.000,165.938,0,0,0,0,16,0,8,5471972291934779092
"Windows x86-64","Clang 21.1.0 ","-std=c11 -O3 -Wall -Wextra -Wpedantic","crc32_prefix","explicit_incremental","continuous",16,5,16,0,6.250,0,100,100,100,160000000.000,0.000,71.125,0,0,0,4,16,0,1,5471972291934779092
"Windows x86-64","Clang 21.1.0 ","-std=c11 -O3 -Wall -Wextra -Wpedantic","crc32_prefix","full_recompute","continuous",16,5,16,0,31.250,0,100,100,100,32000000.000,0.000,189.625,0,0,0,0,16,0,8,5471972291934779092
"Windows x86-64","Clang 21.1.0 ","-std=c11 -O3 -Wall -Wextra -Wpedantic","crc32_prefix","hidden_incremental","continuous",16,5,16,0,6.250,0,100,100,100,160000000.000,0.000,71.125,0,0,0,4,16,0,1,5471972291934779092
"Windows x86-64","Clang 21.1.0 ","-std=c11 -O3 -Wall -Wextra -Wpedantic","crc32_prefix","full_recompute","continuous",16,6,16,0,25.000,0,100,100,100,40000000.000,0.000,165.938,0,0,0,0,16,0,8,5471972291934779092
"Windows x86-64","Clang 21.1.0 ","-std=c11 -O3 -Wall -Wextra -Wpedantic","crc32_prefix","hidden_incremental","continuous",16,6,16,0,6.250,0,100,100,100,160000000.000,0.000,71.062,0,0,0,4,16,0,1,5471972291934779092
"Windows x86-64","Clang 21.1.0 ","-std=c11 -O3 -Wall -Wextra -Wpedantic","crc32_prefix","explicit_incremental","continuous",16,6,16,0,6.250,0,100,100,100,160000000.000,0.000,94.812,0,0,0,4,16,0,1,5471972291934779092
"Windows x86-64","Clang 21.1.0 ","-std=c11 -O3 -Wall -Wextra -Wpedantic","crc32_prefix","hidden_incremental","continuous",16,7,16,0,6.250,0,100,100,100,160000000.000,0.000,94.812,0,0,0,4,16,0,1,5471972291934779092
"Windows x86-64","Clang 21.1.0 ","-std=c11 -O3 -Wall -Wextra -Wpedantic","crc32_prefix","explicit_incremental","continuous",16,7,16,0,6.250,0,100,100,100,160000000.000,0.000,94.812,0,0,0,4,16,0,1,5471972291934779092
"Windows x86-64","Clang 21.1.0 ","-std=c11 -O3 -Wall -Wextra -Wpedantic","crc32_prefix","full_recompute","continuous",16,7,16,0,31.250,0,100,100,100,32000000.000,0.000,189.625,0,0,0,0,16,0,8,5471972291934779092
"Windows x86-64","Clang 21.1.0 ","-std=c11 -O3 -Wall -Wextra -Wpedantic","crc32_prefix","hidden_incremental","continuous",64,1,64,0,4.688,0,100,100,100,213333333.333,0.000,35.562,0,0,0,4,64,0,1,457955715230609342
"Windows x86-64","Clang 21.1.0 ","-std=c11 -O3 -Wall -Wextra -Wpedantic","crc32_prefix","explicit_incremental","continuous",64,1,64,0,3.125,0,100,100,100,320000000.000,0.000,29.625,0,0,0,4,64,0,1,457955715230609342
"Windows x86-64","Clang 21.1.0 ","-std=c11 -O3 -Wall -Wextra -Wpedantic","crc32_prefix","full_recompute","continuous",64,1,64,0,125.000,100,300,300,300,8000000.000,0.000,497.828,0,0,0,0,64,0,32,457955715230609342
"Windows x86-64","Clang 21.1.0 ","-std=c11 -O3 -Wall -Wextra -Wpedantic","crc32_prefix","explicit_incremental","continuous",64,2,64,0,4.688,0,100,100,100,213333333.333,0.000,29.625,0,0,0,4,64,0,1,457955715230609342
"Windows x86-64","Clang 21.1.0 ","-std=c11 -O3 -Wall -Wextra -Wpedantic","crc32_prefix","full_recompute","continuous",64,2,64,0,125.000,100,200,300,300,8000000.000,0.000,485.984,0,0,0,0,64,0,32,457955715230609342
"Windows x86-64","Clang 21.1.0 ","-std=c11 -O3 -Wall -Wextra -Wpedantic","crc32_prefix","hidden_incremental","continuous",64,2,64,0,4.688,0,100,100,100,213333333.333,0.000,29.625,0,0,0,4,64,0,1,457955715230609342
"Windows x86-64","Clang 21.1.0 ","-std=c11 -O3 -Wall -Wextra -Wpedantic","crc32_prefix","full_recompute","continuous",64,3,64,0,125.000,100,300,300,300,8000000.000,0.000,485.984,0,0,0,0,64,0,32,457955715230609342
"Windows x86-64","Clang 21.1.0 ","-std=c11 -O3 -Wall -Wextra -Wpedantic","crc32_prefix","hidden_incremental","continuous",64,3,64,0,4.688,0,100,100,100,213333333.333,0.000,35.562,0,0,0,4,64,0,1,457955715230609342
"Windows x86-64","Clang 21.1.0 ","-std=c11 -O3 -Wall -Wextra -Wpedantic","crc32_prefix","explicit_incremental","continuous",64,3,64,0,3.125,0,100,100,100,320000000.000,0.000,29.625,0,0,0,4,64,0,1,457955715230609342
"Windows x86-64","Clang 21.1.0 ","-std=c11 -O3 -Wall -Wextra -Wpedantic","crc32_prefix","hidden_incremental","continuous",64,4,64,0,4.688,0,100,100,100,213333333.333,0.000,29.625,0,0,0,4,64,0,1,457955715230609342
"Windows x86-64","Clang 21.1.0 ","-std=c11 -O3 -Wall -Wextra -Wpedantic","crc32_prefix","explicit_incremental","continuous",64,4,64,0,4.688,0,100,100,100,213333333.333,0.000,29.641,0,0,0,4,64,0,1,457955715230609342
"Windows x86-64","Clang 21.1.0 ","-std=c11 -O3 -Wall -Wextra -Wpedantic","crc32_prefix","full_recompute","continuous",64,4,64,0,125.000,200,300,300,300,8000000.000,0.000,491.891,0,0,0,0,64,0,32,457955715230609342
"Windows x86-64","Clang 21.1.0 ","-std=c11 -O3 -Wall -Wextra -Wpedantic","crc32_prefix","explicit_incremental","continuous",64,5,64,0,4.688,0,100,100,100,213333333.333,0.000,35.562,0,0,0,4,64,0,1,457955715230609342
"Windows x86-64","Clang 21.1.0 ","-std=c11 -O3 -Wall -Wextra -Wpedantic","crc32_prefix","full_recompute","continuous",64,5,64,0,125.000,100,300,300,300,8000000.000,0.000,491.906,0,0,0,0,64,0,32,457955715230609342
"Windows x86-64","Clang 21.1.0 ","-std=c11 -O3 -Wall -Wextra -Wpedantic","crc32_prefix","hidden_incremental","continuous",64,5,64,0,3.125,0,100,100,100,320000000.000,0.000,29.625,0,0,0,4,64,0,1,457955715230609342
"Windows x86-64","Clang 21.1.0 ","-std=c11 -O3 -Wall -Wextra -Wpedantic","crc32_prefix","full_recompute","continuous",64,6,64,0,137.500,100,300,300,300,7272727.273,0.000,539.312,0,0,0,0,64,0,32,457955715230609342
"Windows x86-64","Clang 21.1.0 ","-std=c11 -O3 -Wall -Wextra -Wpedantic","crc32_prefix","hidden_incremental","continuous",64,6,64,0,3.125,0,100,100,100,320000000.000,0.000,29.625,0,0,0,4,64,0,1,457955715230609342
"Windows x86-64","Clang 21.1.0 ","-std=c11 -O3 -Wall -Wextra -Wpedantic","crc32_prefix","explicit_incremental","continuous",64,6,64,0,6.250,0,100,100,100,160000000.000,0.000,47.406,0,0,0,4,64,0,1,457955715230609342
"Windows x86-64","Clang 21.1.0 ","-std=c11 -O3 -Wall -Wextra -Wpedantic","crc32_prefix","hidden_incremental","continuous",64,7,64,0,7.812,0,100,100,100,128000000.000,0.000,53.344,0,0,0,4,64,0,1,457955715230609342
"Windows x86-64","Clang 21.1.0 ","-std=c11 -O3 -Wall -Wextra -Wpedantic","crc32_prefix","explicit_incremental","continuous",64,7,64,0,4.688,0,100,100,100,213333333.333,0.000,35.547,0,0,0,4,64,0,1,457955715230609342
"Windows x86-64","Clang 21.1.0 ","-std=c11 -O3 -Wall -Wextra -Wpedantic","crc32_prefix","full_recompute","continuous",64,7,64,0,125.000,100,300,300,300,8000000.000,0.000,485.984,0,0,0,0,64,0,32,457955715230609342
"Windows x86-64","Clang 21.1.0 ","-std=c11 -O3 -Wall -Wextra -Wpedantic","crc32_prefix","hidden_incremental","continuous",256,1,256,0,3.906,0,100,100,100,256000000.000,0.000,19.258,0,0,0,4,256,0,1,14943744273316880379
"Windows x86-64","Clang 21.1.0 ","-std=c11 -O3 -Wall -Wextra -Wpedantic","crc32_prefix","explicit_incremental","continuous",256,1,256,0,3.906,0,100,100,100,256000000.000,0.000,19.258,0,0,0,4,256,0,1,14943744273316880379
"Windows x86-64","Clang 21.1.0 ","-std=c11 -O3 -Wall -Wextra -Wpedantic","crc32_prefix","full_recompute","continuous",256,1,256,0,515.234,500,1000,1100,1100,1940864.291,0.000,1960.211,3,0,0,0,256,0,128,14943744273316880379
"Windows x86-64","Clang 21.1.0 ","-std=c11 -O3 -Wall -Wextra -Wpedantic","crc32_prefix","explicit_incremental","continuous",256,2,256,0,3.906,0,100,100,100,256000000.000,0.000,19.262,0,0,0,4,256,0,1,14943744273316880379
"Windows x86-64","Clang 21.1.0 ","-std=c11 -O3 -Wall -Wextra -Wpedantic","crc32_prefix","full_recompute","continuous",256,2,256,0,533.594,500,1000,1100,1100,1874084.919,0.000,1998.734,3,0,0,0,256,0,128,14943744273316880379
"Windows x86-64","Clang 21.1.0 ","-std=c11 -O3 -Wall -Wextra -Wpedantic","crc32_prefix","hidden_incremental","continuous",256,2,256,0,3.906,0,100,100,100,256000000.000,0.000,19.262,0,0,0,4,256,0,1,14943744273316880379
"Windows x86-64","Clang 21.1.0 ","-std=c11 -O3 -Wall -Wextra -Wpedantic","crc32_prefix","full_recompute","continuous",256,3,256,0,514.844,500,1000,1000,1100,1942336.874,0.000,1955.766,1,0,0,0,256,0,128,14943744273316880379
"Windows x86-64","Clang 21.1.0 ","-std=c11 -O3 -Wall -Wextra -Wpedantic","crc32_prefix","hidden_incremental","continuous",256,3,256,0,3.906,0,100,100,100,256000000.000,0.000,19.262,0,0,0,4,256,0,1,14943744273316880379
"Windows x86-64","Clang 21.1.0 ","-std=c11 -O3 -Wall -Wextra -Wpedantic","crc32_prefix","explicit_incremental","continuous",256,3,256,0,3.906,0,100,100,100,256000000.000,0.000,19.262,0,0,0,4,256,0,1,14943744273316880379
"Windows x86-64","Clang 21.1.0 ","-std=c11 -O3 -Wall -Wextra -Wpedantic","crc32_prefix","hidden_incremental","continuous",256,4,256,0,3.906,0,100,100,100,256000000.000,0.000,19.262,0,0,0,4,256,0,1,14943744273316880379
"Windows x86-64","Clang 21.1.0 ","-std=c11 -O3 -Wall -Wextra -Wpedantic","crc32_prefix","explicit_incremental","continuous",256,4,256,0,3.906,0,100,100,100,256000000.000,0.000,17.777,0,0,0,4,256,0,1,14943744273316880379
"Windows x86-64","Clang 21.1.0 ","-std=c11 -O3 -Wall -Wextra -Wpedantic","crc32_prefix","full_recompute","continuous",256,4,256,0,514.453,500,1000,1100,1100,1943811.693,0.000,1957.246,4,0,0,0,256,0,128,14943744273316880379
"Windows x86-64","Clang 21.1.0 ","-std=c11 -O3 -Wall -Wextra -Wpedantic","crc32_prefix","explicit_incremental","continuous",256,5,256,0,3.906,0,100,100,100,256000000.000,0.000,17.781,0,0,0,4,256,0,1,14943744273316880379
"Windows x86-64","Clang 21.1.0 ","-std=c11 -O3 -Wall -Wextra -Wpedantic","crc32_prefix","full_recompute","continuous",256,5,256,0,514.844,500,1000,1000,1100,1942336.874,0.000,1957.246,2,0,0,0,256,0,128,14943744273316880379
"Windows x86-64","Clang 21.1.0 ","-std=c11 -O3 -Wall -Wextra -Wpedantic","crc32_prefix","hidden_incremental","continuous",256,5,256,0,3.906,0,100,100,100,256000000.000,0.000,17.777,0,0,0,4,256,0,1,14943744273316880379
"Windows x86-64","Clang 21.1.0 ","-std=c11 -O3 -Wall -Wextra -Wpedantic","crc32_prefix","full_recompute","continuous",256,6,256,0,514.453,500,1000,1100,1100,1943811.693,0.000,1955.766,3,0,0,0,256,0,128,14943744273316880379
"Windows x86-64","Clang 21.1.0 ","-std=c11 -O3 -Wall -Wextra -Wpedantic","crc32_prefix","hidden_incremental","continuous",256,6,256,0,3.906,0,100,100,100,256000000.000,0.000,19.262,0,0,0,4,256,0,1,14943744273316880379
"Windows x86-64","Clang 21.1.0 ","-std=c11 -O3 -Wall -Wextra -Wpedantic","crc32_prefix","explicit_incremental","continuous",256,6,256,0,4.297,0,100,100,100,232727272.727,0.000,19.262,0,0,0,4,256,0,1,14943744273316880379
"Windows x86-64","Clang 21.1.0 ","-std=c11 -O3 -Wall -Wextra -Wpedantic","crc32_prefix","hidden_incremental","continuous",256,7,256,0,3.906,0,100,100,100,256000000.000,0.000,17.781,0,0,0,4,256,0,1,14943744273316880379
"Windows x86-64","Clang 21.1.0 ","-std=c11 -O3 -Wall -Wextra -Wpedantic","crc32_prefix","explicit_incremental","continuous",256,7,256,0,3.906,0,100,100,100,256000000.000,0.000,19.262,0,0,0,4,256,0,1,14943744273316880379
"Windows x86-64","Clang 21.1.0 ","-std=c11 -O3 -Wall -Wextra -Wpedantic","crc32_prefix","full_recompute","continuous",256,7,256,0,514.453,500,1000,1100,1100,1943811.693,0.000,1957.246,6,0,0,0,256,0,128,14943744273316880379
"Windows x86-64","Clang 21.1.0 ","-std=c11 -O3 -Wall -Wextra -Wpedantic","crc32_prefix","hidden_incremental","continuous",1024,1,1024,0,3.809,0,100,100,100,262564102.564,0.000,15.928,0,0,0,4,1024,0,1,6034538041608385723
"Windows x86-64","Clang 21.1.0 ","-std=c11 -O3 -Wall -Wextra -Wpedantic","crc32_prefix","explicit_incremental","continuous",1024,1,1024,0,5.176,0,100,100,200,193207547.170,0.000,21.483,0,0,0,4,1024,0,1,6034538041608385723
"Windows x86-64","Clang 21.1.0 ","-std=c11 -O3 -Wall -Wextra -Wpedantic","crc32_prefix","full_recompute","continuous",1024,1,1024,0,2075.879,2100,4000,4100,6100,481723.667,735.052,7870.846,769,0,0,0,1024,0,512,6034538041608385723
"Windows x86-64","Clang 21.1.0 ","-std=c11 -O3 -Wall -Wextra -Wpedantic","crc32_prefix","explicit_incremental","continuous",1024,2,1024,0,3.906,0,100,100,100,256000000.000,0.000,15.928,0,0,0,4,1024,0,1,6034538041608385723
"Windows x86-64","Clang 21.1.0 ","-std=c11 -O3 -Wall -Wextra -Wpedantic","crc32_prefix","full_recompute","continuous",1024,2,1024,0,2075.977,2100,4000,4100,9400,481701.007,0.000,7871.956,767,0,0,0,1024,0,512,6034538041608385723
"Windows x86-64","Clang 21.1.0 ","-std=c11 -O3 -Wall -Wextra -Wpedantic","crc32_prefix","hidden_incremental","continuous",1024,2,1024,0,3.906,0,100,100,100,256000000.000,0.000,15.928,0,0,0,4,1024,0,1,6034538041608385723
"Windows x86-64","Clang 21.1.0 ","-std=c11 -O3 -Wall -Wextra -Wpedantic","crc32_prefix","full_recompute","continuous",1024,3,1024,0,2077.344,2100,4000,4100,29700,481383.979,0.000,7869.733,767,1,0,0,1024,0,512,6034538041608385723
"Windows x86-64","Clang 21.1.0 ","-std=c11 -O3 -Wall -Wextra -Wpedantic","crc32_prefix","hidden_incremental","continuous",1024,3,1024,0,3.906,0,100,100,100,256000000.000,0.000,15.928,0,0,0,4,1024,0,1,6034538041608385723
"Windows x86-64","Clang 21.1.0 ","-std=c11 -O3 -Wall -Wextra -Wpedantic","crc32_prefix","explicit_incremental","continuous",1024,3,1024,0,3.809,0,100,100,100,262564102.564,0.000,15.928,0,0,0,4,1024,0,1,6034538041608385723
"Windows x86-64","Clang 21.1.0 ","-std=c11 -O3 -Wall -Wextra -Wpedantic","crc32_prefix","hidden_incremental","continuous",1024,4,1024,0,3.906,0,100,100,100,256000000.000,0.000,15.928,0,0,0,4,1024,0,1,6034538041608385723
"Windows x86-64","Clang 21.1.0 ","-std=c11 -O3 -Wall -Wextra -Wpedantic","crc32_prefix","explicit_incremental","continuous",1024,4,1024,0,3.809,0,100,100,100,262564102.564,0.000,15.558,0,0,0,4,1024,0,1,6034538041608385723
"Windows x86-64","Clang 21.1.0 ","-std=c11 -O3 -Wall -Wextra -Wpedantic","crc32_prefix","full_recompute","continuous",1024,4,1024,0,2074.902,2100,3900,4100,6700,481950.393,0.000,7867.512,769,0,0,0,1024,0,512,6034538041608385723
"Windows x86-64","Clang 21.1.0 ","-std=c11 -O3 -Wall -Wextra -Wpedantic","crc32_prefix","explicit_incremental","continuous",1024,5,1024,0,3.906,0,100,100,100,256000000.000,0.000,15.928,0,0,0,4,1024,0,1,6034538041608385723
"Windows x86-64","Clang 21.1.0 ","-std=c11 -O3 -Wall -Wextra -Wpedantic","crc32_prefix","full_recompute","continuous",1024,5,1024,0,2079.688,2100,4000,4100,9500,480841.473,0.000,7871.587,768,0,0,0,1024,0,512,6034538041608385723
"Windows x86-64","Clang 21.1.0 ","-std=c11 -O3 -Wall -Wextra -Wpedantic","crc32_prefix","hidden_incremental","continuous",1024,5,1024,0,3.906,0,100,100,100,256000000.000,0.000,15.558,0,0,0,4,1024,0,1,6034538041608385723
"Windows x86-64","Clang 21.1.0 ","-std=c11 -O3 -Wall -Wextra -Wpedantic","crc32_prefix","full_recompute","continuous",1024,6,1024,0,2075.781,2100,4000,4100,7900,481746.330,735.087,7868.623,765,0,0,0,1024,0,512,6034538041608385723
"Windows x86-64","Clang 21.1.0 ","-std=c11 -O3 -Wall -Wextra -Wpedantic","crc32_prefix","hidden_incremental","continuous",1024,6,1024,0,3.906,0,100,100,100,256000000.000,0.000,15.928,0,0,0,4,1024,0,1,6034538041608385723
"Windows x86-64","Clang 21.1.0 ","-std=c11 -O3 -Wall -Wextra -Wpedantic","crc32_prefix","explicit_incremental","continuous",1024,6,1024,0,3.809,0,100,100,100,262564102.564,0.000,15.928,0,0,0,4,1024,0,1,6034538041608385723
"Windows x86-64","Clang 21.1.0 ","-std=c11 -O3 -Wall -Wextra -Wpedantic","crc32_prefix","hidden_incremental","continuous",1024,7,1024,0,3.809,0,100,100,100,262564102.564,0.000,15.557,0,0,0,4,1024,0,1,6034538041608385723
"Windows x86-64","Clang 21.1.0 ","-std=c11 -O3 -Wall -Wextra -Wpedantic","crc32_prefix","explicit_incremental","continuous",1024,7,1024,0,3.809,0,100,100,100,262564102.564,0.000,15.557,0,0,0,4,1024,0,1,6034538041608385723
"Windows x86-64","Clang 21.1.0 ","-std=c11 -O3 -Wall -Wextra -Wpedantic","crc32_prefix","full_recompute","continuous",1024,7,1024,0,2074.023,2100,4000,4100,9300,482154.628,0.000,7863.067,773,0,0,0,1024,0,512,6034538041608385723
"Windows x86-64","Clang 21.1.0 ","-std=c11 -O3 -Wall -Wextra -Wpedantic","crc32_prefix","hidden_incremental","continuous",4096,1,4096,0,3.833,0,100,100,100,260891719.745,0.000,14.909,0,0,0,4,4096,0,1,3651697073970079678
"Windows x86-64","Clang 21.1.0 ","-std=c11 -O3 -Wall -Wextra -Wpedantic","crc32_prefix","explicit_incremental","continuous",4096,1,4096,0,3.857,0,100,100,300,259240506.329,0.000,14.816,0,0,0,4,4096,0,1,3651697073970079678
"Windows x86-64","Clang 21.1.0 ","-std=c11 -O3 -Wall -Wextra -Wpedantic","crc32_prefix","full_recompute","continuous",4096,1,4096,0,8321.240,8300,15800,16500,25600,120174.394,137.529,31523.756,3838,1624,0,0,4096,0,2048,3651697073970079678
"Windows x86-64","Clang 21.1.0 ","-std=c11 -O3 -Wall -Wextra -Wpedantic","crc32_prefix","explicit_incremental","continuous",4096,2,4096,0,3.833,0,100,100,200,260891719.745,0.000,14.909,0,0,0,4,4096,0,1,3651697073970079678
"Windows x86-64","Clang 21.1.0 ","-std=c11 -O3 -Wall -Wextra -Wpedantic","crc32_prefix","full_recompute","continuous",4096,2,4096,0,8326.343,8300,15800,16500,39900,120100.749,91.630,31543.481,3841,1622,0,0,4096,0,2048,3651697073970079678
"Windows x86-64","Clang 21.1.0 ","-std=c11 -O3 -Wall -Wextra -Wpedantic","crc32_prefix","hidden_incremental","continuous",4096,2,4096,0,3.833,0,100,100,300,260891719.745,0.000,15.001,0,0,0,4,4096,0,1,3651697073970079678
"Windows x86-64","Clang 21.1.0 ","-std=c11 -O3 -Wall -Wextra -Wpedantic","crc32_prefix","full_recompute","continuous",4096,3,4096,0,8359.033,8300,15800,16700,24300,119631.060,136.907,31660.345,3839,1635,0,0,4096,0,2048,3651697073970079678
"Windows x86-64","Clang 21.1.0 ","-std=c11 -O3 -Wall -Wextra -Wpedantic","crc32_prefix","hidden_incremental","continuous",4096,3,4096,0,3.857,0,100,100,100,259240506.329,0.000,14.816,0,0,0,4,4096,0,1,3651697073970079678
"Windows x86-64","Clang 21.1.0 ","-std=c11 -O3 -Wall -Wextra -Wpedantic","crc32_prefix","explicit_incremental","continuous",4096,3,4096,0,3.833,0,100,100,100,260891719.745,0.000,15.002,0,0,0,4,4096,0,1,3651697073970079678
"Windows x86-64","Clang 21.1.0 ","-std=c11 -O3 -Wall -Wextra -Wpedantic","crc32_prefix","hidden_incremental","continuous",4096,4,4096,0,3.833,0,100,100,200,260891719.745,0.000,14.816,0,0,0,4,4096,0,1,3651697073970079678
"Windows x86-64","Clang 21.1.0 ","-std=c11 -O3 -Wall -Wextra -Wpedantic","crc32_prefix","explicit_incremental","continuous",4096,4,4096,0,3.833,0,100,100,100,260891719.745,0.000,14.816,0,0,0,4,4096,0,1,3651697073970079678
"Windows x86-64","Clang 21.1.0 ","-std=c11 -O3 -Wall -Wextra -Wpedantic","crc32_prefix","full_recompute","continuous",4096,4,4096,0,8382.715,8400,16100,16800,38800,119293.095,91.013,31750.076,3842,1634,0,0,4096,0,2048,3651697073970079678
"Windows x86-64","Clang 21.1.0 ","-std=c11 -O3 -Wall -Wextra -Wpedantic","crc32_prefix","explicit_incremental","continuous",4096,5,4096,0,3.882,0,100,100,100,257610062.893,0.000,15.002,0,0,0,4,4096,0,1,3651697073970079678
"Windows x86-64","Clang 21.1.0 ","-std=c11 -O3 -Wall -Wextra -Wpedantic","crc32_prefix","full_recompute","continuous",4096,5,4096,0,8392.480,8600,16000,17000,54800,119154.284,90.908,31784.803,3842,1647,0,0,4096,0,2048,3651697073970079678
"Windows x86-64","Clang 21.1.0 ","-std=c11 -O3 -Wall -Wextra -Wpedantic","crc32_prefix","hidden_incremental","continuous",4096,5,4096,0,3.833,0,100,100,100,260891719.745,0.000,14.909,0,0,0,4,4096,0,1,3651697073970079678
"Windows x86-64","Clang 21.1.0 ","-std=c11 -O3 -Wall -Wextra -Wpedantic","crc32_prefix","full_recompute","continuous",4096,6,4096,0,8377.002,8300,15900,16600,28400,119374.450,91.075,31730.631,3842,1636,0,0,4096,0,2048,3651697073970079678
"Windows x86-64","Clang 21.1.0 ","-std=c11 -O3 -Wall -Wextra -Wpedantic","crc32_prefix","hidden_incremental","continuous",4096,6,4096,0,3.833,0,100,100,200,260891719.745,99522.293,14.816,0,0,0,4,4096,0,1,3651697073970079678
"Windows x86-64","Clang 21.1.0 ","-std=c11 -O3 -Wall -Wextra -Wpedantic","crc32_prefix","explicit_incremental","continuous",4096,6,4096,0,3.833,0,100,100,200,260891719.745,0.000,14.909,0,0,0,4,4096,0,1,3651697073970079678
"Windows x86-64","Clang 21.1.0 ","-std=c11 -O3 -Wall -Wextra -Wpedantic","crc32_prefix","hidden_incremental","continuous",4096,7,4096,0,3.833,0,100,100,100,260891719.745,0.000,14.909,0,0,0,4,4096,0,1,3651697073970079678
"Windows x86-64","Clang 21.1.0 ","-std=c11 -O3 -Wall -Wextra -Wpedantic","crc32_prefix","explicit_incremental","continuous",4096,7,4096,0,3.857,0,100,100,100,259240506.329,0.000,14.816,0,0,0,4,4096,0,1,3651697073970079678
"Windows x86-64","Clang 21.1.0 ","-std=c11 -O3 -Wall -Wextra -Wpedantic","crc32_prefix","full_recompute","continuous",4096,7,4096,0,8367.285,8400,15900,16600,24700,119513.078,91.181,31689.330,3841,1643,0,0,4096,0,2048,3651697073970079678
"Windows x86-64","Clang 21.1.0 ","-std=c11 -O3 -Wall -Wextra -Wpedantic","pid_controller","hidden_state","continuous",1,1,12000,0,3.150,0,100,100,400,317460317.460,0.000,12.106,0,0,0,24,0,0,16,14585074324287770743
"Windows x86-64","Clang 21.1.0 ","-std=c11 -O3 -Wall -Wextra -Wpedantic","pid_controller","explicit_state","continuous",1,1,12000,0,3.383,0,100,100,200,295566502.463,0.000,12.959,0,0,0,24,0,0,16,14585074324287770743
"Windows x86-64","Clang 21.1.0 ","-std=c11 -O3 -Wall -Wextra -Wpedantic","pid_controller","explicit_state","continuous",1,2,12000,0,3.383,0,100,100,300,295566502.463,0.000,12.928,0,0,0,24,0,0,16,14585074324287770743
"Windows x86-64","Clang 21.1.0 ","-std=c11 -O3 -Wall -Wextra -Wpedantic","pid_controller","hidden_state","continuous",1,2,12000,0,3.850,0,100,100,300,259740259.740,0.000,14.824,0,0,0,24,0,0,16,14585074324287770743
"Windows x86-64","Clang 21.1.0 ","-std=c11 -O3 -Wall -Wextra -Wpedantic","pid_controller","hidden_state","continuous",1,3,12000,0,3.158,0,100,100,500,316622691.293,0.000,12.106,0,0,0,24,0,0,16,14585074324287770743
"Windows x86-64","Clang 21.1.0 ","-std=c11 -O3 -Wall -Wextra -Wpedantic","pid_controller","explicit_state","continuous",1,3,12000,0,3.375,0,100,100,8400,296296296.296,0.000,12.928,1,0,0,24,0,0,16,14585074324287770743
"Windows x86-64","Clang 21.1.0 ","-std=c11 -O3 -Wall -Wextra -Wpedantic","pid_controller","explicit_state","continuous",1,4,12000,0,3.383,0,100,100,300,295566502.463,0.000,12.928,0,0,0,24,0,0,16,14585074324287770743
"Windows x86-64","Clang 21.1.0 ","-std=c11 -O3 -Wall -Wextra -Wpedantic","pid_controller","hidden_state","continuous",1,4,12000,0,3.917,0,100,100,400,255319148.936,0.000,15.077,0,0,0,24,0,0,16,14585074324287770743
"Windows x86-64","Clang 21.1.0 ","-std=c11 -O3 -Wall -Wextra -Wpedantic","pid_controller","hidden_state","continuous",1,5,12000,0,3.158,0,100,100,300,316622691.293,0.000,12.106,0,0,0,24,0,0,16,14585074324287770743
"Windows x86-64","Clang 21.1.0 ","-std=c11 -O3 -Wall -Wextra -Wpedantic","pid_controller","explicit_state","continuous",1,5,12000,0,3.158,0,100,100,200,316622691.293,0.000,12.138,0,0,0,24,0,0,16,14585074324287770743
"Windows x86-64","Clang 21.1.0 ","-std=c11 -O3 -Wall -Wextra -Wpedantic","pid_controller","explicit_state","continuous",1,6,12000,0,3.158,0,100,100,4000,316622691.293,0.000,12.106,4,0,0,24,0,0,16,14585074324287770743
"Windows x86-64","Clang 21.1.0 ","-std=c11 -O3 -Wall -Wextra -Wpedantic","pid_controller","hidden_state","continuous",1,6,12000,0,3.608,0,100,100,8400,277136258.661,0.000,13.813,1,0,0,24,0,0,16,14585074324287770743
"Windows x86-64","Clang 21.1.0 ","-std=c11 -O3 -Wall -Wextra -Wpedantic","pid_controller","hidden_state","continuous",1,7,12000,0,3.608,0,100,100,100,277136258.661,0.000,13.781,0,0,0,24,0,0,16,14585074324287770743
"Windows x86-64","Clang 21.1.0 ","-std=c11 -O3 -Wall -Wextra -Wpedantic","pid_controller","explicit_state","continuous",1,7,12000,0,3.958,0,100,100,24800,252631578.947,0.000,15.267,1,1,0,24,0,0,16,14585074324287770743
"Windows x86-64","Clang 21.1.0 ","-std=c11 -O3 -Wall -Wextra -Wpedantic","sensor_monitor","event_incremental","no_change",64,1,3000,0,2.267,0,100,100,200,441176470.588,0.000,9.103,0,0,0,72,64,0,0,11577447298285748121
"Windows x86-64","Clang 21.1.0 ","-std=c11 -O3 -Wall -Wextra -Wpedantic","sensor_monitor","periodic_recompute","no_change",64,1,3000,0,25.200,0,100,100,100,39682539.683,0.000,96.089,0,0,0,0,64,0,64,11577447298285748121
"Windows x86-64","Clang 21.1.0 ","-std=c11 -O3 -Wall -Wextra -Wpedantic","sensor_monitor","periodic_recompute","no_change",64,2,3000,0,23.100,0,100,100,200,43290043.290,0.000,82.181,0,0,0,0,64,0,64,11577447298285748121
"Windows x86-64","Clang 21.1.0 ","-std=c11 -O3 -Wall -Wextra -Wpedantic","sensor_monitor","event_incremental","no_change",64,2,3000,0,1.833,0,100,100,100,545454545.455,0.000,7.333,0,0,0,72,64,0,0,11577447298285748121
"Windows x86-64","Clang 21.1.0 ","-std=c11 -O3 -Wall -Wextra -Wpedantic","sensor_monitor","event_incremental","no_change",64,3,3000,0,1.167,0,100,100,14400,857142857.143,0.000,4.931,1,1,0,72,64,0,0,11577447298285748121
"Windows x86-64","Clang 21.1.0 ","-std=c11 -O3 -Wall -Wextra -Wpedantic","sensor_monitor","periodic_recompute","no_change",64,3,3000,0,20.300,0,100,100,100,49261083.744,0.000,77.503,0,0,0,0,64,0,64,11577447298285748121
"Windows x86-64","Clang 21.1.0 ","-std=c11 -O3 -Wall -Wextra -Wpedantic","sensor_monitor","periodic_recompute","no_change",64,4,3000,0,20.333,0,100,100,5000,49180327.869,0.000,77.504,1,0,0,0,64,0,64,11577447298285748121
"Windows x86-64","Clang 21.1.0 ","-std=c11 -O3 -Wall -Wextra -Wpedantic","sensor_monitor","event_incremental","no_change",64,4,3000,0,1.333,0,100,100,100,750000000.000,0.000,5.563,0,0,0,72,64,0,0,11577447298285748121
"Windows x86-64","Clang 21.1.0 ","-std=c11 -O3 -Wall -Wextra -Wpedantic","sensor_monitor","event_incremental","no_change",64,5,3000,0,1.367,0,100,100,200,731707317.073,0.000,5.563,0,0,0,72,64,0,0,11577447298285748121
"Windows x86-64","Clang 21.1.0 ","-std=c11 -O3 -Wall -Wextra -Wpedantic","sensor_monitor","periodic_recompute","no_change",64,5,3000,0,20.333,0,100,100,100,49180327.869,0.000,77.504,0,0,0,0,64,0,64,11577447298285748121
"Windows x86-64","Clang 21.1.0 ","-std=c11 -O3 -Wall -Wextra -Wpedantic","sensor_monitor","periodic_recompute","no_change",64,6,3000,0,20.333,0,100,100,100,49180327.869,0.000,77.630,0,0,0,0,64,0,64,11577447298285748121
"Windows x86-64","Clang 21.1.0 ","-std=c11 -O3 -Wall -Wextra -Wpedantic","sensor_monitor","event_incremental","no_change",64,6,3000,0,2.033,0,100,100,100,491803278.689,0.000,8.092,0,0,0,72,64,0,0,11577447298285748121
"Windows x86-64","Clang 21.1.0 ","-std=c11 -O3 -Wall -Wextra -Wpedantic","sensor_monitor","event_incremental","no_change",64,7,3000,0,2.000,0,100,100,100,500000000.000,0.000,7.965,0,0,0,72,64,0,0,11577447298285748121
"Windows x86-64","Clang 21.1.0 ","-std=c11 -O3 -Wall -Wextra -Wpedantic","sensor_monitor","periodic_recompute","no_change",64,7,3000,0,20.333,0,100,100,100,49180327.869,0.000,77.377,0,0,0,0,64,0,64,11577447298285748121
"Windows x86-64","Clang 21.1.0 ","-std=c11 -O3 -Wall -Wextra -Wpedantic","sensor_monitor","event_incremental","one_percent",64,1,3000,0,2.500,0,100,100,100,400000000.000,0.000,9.736,0,0,0,72,64,0,1,735291370663401287
"Windows x86-64","Clang 21.1.0 ","-std=c11 -O3 -Wall -Wextra -Wpedantic","sensor_monitor","periodic_recompute","one_percent",64,1,3000,0,24.800,0,100,100,300,40322580.645,0.000,94.446,0,0,0,0,64,0,64,735291370663401287
"Windows x86-64","Clang 21.1.0 ","-std=c11 -O3 -Wall -Wextra -Wpedantic","sensor_monitor","periodic_recompute","one_percent",64,2,3000,0,24.667,0,100,100,100,40540540.541,0.000,93.940,0,0,0,0,64,0,64,735291370663401287
"Windows x86-64","Clang 21.1.0 ","-std=c11 -O3 -Wall -Wextra -Wpedantic","sensor_monitor","event_incremental","one_percent",64,2,3000,0,2.467,0,100,100,100,405405405.405,0.000,9.862,0,0,0,72,64,0,1,735291370663401287
"Windows x86-64","Clang 21.1.0 ","-std=c11 -O3 -Wall -Wextra -Wpedantic","sensor_monitor","event_incremental","one_percent",64,3,3000,0,2.500,0,100,100,200,400000000.000,0.000,9.862,0,0,0,72,64,0,1,735291370663401287
"Windows x86-64","Clang 21.1.0 ","-std=c11 -O3 -Wall -Wextra -Wpedantic","sensor_monitor","periodic_recompute","one_percent",64,3,3000,0,24.633,0,100,100,100,40595399.188,0.000,93.814,0,0,0,0,64,0,64,735291370663401287
"Windows x86-64","Clang 21.1.0 ","-std=c11 -O3 -Wall -Wextra -Wpedantic","sensor_monitor","periodic_recompute","one_percent",64,4,3000,0,27.033,0,100,100,3100,36991368.681,0.000,102.537,2,0,0,0,64,0,64,735291370663401287
"Windows x86-64","Clang 21.1.0 ","-std=c11 -O3 -Wall -Wextra -Wpedantic","sensor_monitor","event_incremental","one_percent",64,4,3000,0,2.467,0,100,100,1200,405405405.405,0.000,9.735,1,0,0,72,64,0,1,735291370663401287
"Windows x86-64","Clang 21.1.0 ","-std=c11 -O3 -Wall -Wextra -Wpedantic","sensor_monitor","event_incremental","one_percent",64,5,3000,0,2.500,0,100,100,100,400000000.000,0.000,9.988,0,0,0,72,64,0,1,735291370663401287
"Windows x86-64","Clang 21.1.0 ","-std=c11 -O3 -Wall -Wextra -Wpedantic","sensor_monitor","periodic_recompute","one_percent",64,5,3000,0,25.500,0,100,100,100,39215686.275,0.000,97.101,0,0,0,0,64,0,64,735291370663401287
"Windows x86-64","Clang 21.1.0 ","-std=c11 -O3 -Wall -Wextra -Wpedantic","sensor_monitor","periodic_recompute","one_percent",64,6,3000,0,28.400,0,100,100,100,35211267.606,0.000,108.606,0,0,0,0,64,0,64,735291370663401287
"Windows x86-64","Clang 21.1.0 ","-std=c11 -O3 -Wall -Wextra -Wpedantic","sensor_monitor","event_incremental","one_percent",64,6,3000,0,2.267,0,100,100,300,441176470.588,0.000,9.103,0,0,0,72,64,0,1,735291370663401287
"Windows x86-64","Clang 21.1.0 ","-std=c11 -O3 -Wall -Wextra -Wpedantic","sensor_monitor","event_incremental","one_percent",64,7,3000,0,2.267,0,100,100,100,441176470.588,0.000,8.977,0,0,0,72,64,0,1,735291370663401287
"Windows x86-64","Clang 21.1.0 ","-std=c11 -O3 -Wall -Wextra -Wpedantic","sensor_monitor","periodic_recompute","one_percent",64,7,3000,0,29.933,0,100,100,300,33407572.383,0.000,110.756,0,0,0,0,64,0,64,735291370663401287
"Windows x86-64","Clang 21.1.0 ","-std=c11 -O3 -Wall -Wextra -Wpedantic","sensor_monitor","event_incremental","all_change",64,1,3000,0,96.467,100,200,200,400,10366275.052,0.000,367.036,0,0,0,72,64,0,64,10469235111766052803
"Windows x86-64","Clang 21.1.0 ","-std=c11 -O3 -Wall -Wextra -Wpedantic","sensor_monitor","periodic_recompute","all_change",64,1,3000,0,121.733,100,200,200,400,8214676.889,0.000,462.746,0,0,0,0,64,0,64,10469235111766052803
"Windows x86-64","Clang 21.1.0 ","-std=c11 -O3 -Wall -Wextra -Wpedantic","sensor_monitor","periodic_recompute","all_change",64,2,3000,0,124.633,100,200,200,4400,8023535.705,0.000,474.504,8,0,0,0,64,0,64,10469235111766052803
"Windows x86-64","Clang 21.1.0 ","-std=c11 -O3 -Wall -Wextra -Wpedantic","sensor_monitor","event_incremental","all_change",64,2,3000,0,86.733,100,200,200,400,11529592.621,0.000,329.612,0,0,0,72,64,0,64,10469235111766052803
"Windows x86-64","Clang 21.1.0 ","-std=c11 -O3 -Wall -Wextra -Wpedantic","sensor_monitor","event_incremental","all_change",64,3,3000,0,86.500,100,100,200,300,11560693.642,6021.195,328.727,0,0,0,72,64,0,64,10469235111766052803
"Windows x86-64","Clang 21.1.0 ","-std=c11 -O3 -Wall -Wextra -Wpedantic","sensor_monitor","periodic_recompute","all_change",64,3,3000,0,120.167,100,200,200,200,8321775.312,0.000,456.298,0,0,0,0,64,0,64,10469235111766052803
"Windows x86-64","Clang 21.1.0 ","-std=c11 -O3 -Wall -Wextra -Wpedantic","sensor_monitor","periodic_recompute","all_change",64,4,3000,0,122.467,100,200,200,3600,8165487.207,0.000,466.286,2,0,0,0,64,0,64,10469235111766052803
"Windows x86-64","Clang 21.1.0 ","-std=c11 -O3 -Wall -Wextra -Wpedantic","sensor_monitor","event_incremental","all_change",64,4,3000,0,92.133,100,200,200,400,10853835.022,0.000,350.473,0,0,0,72,64,0,64,10469235111766052803
"Windows x86-64","Clang 21.1.0 ","-std=c11 -O3 -Wall -Wextra -Wpedantic","sensor_monitor","event_incremental","all_change",64,5,3000,0,89.167,100,100,200,10100,11214953.271,0.000,338.968,1,1,0,72,64,0,64,10469235111766052803
"Windows x86-64","Clang 21.1.0 ","-std=c11 -O3 -Wall -Wextra -Wpedantic","sensor_monitor","periodic_recompute","all_change",64,5,3000,0,124.867,100,200,200,200,8008542.445,0.000,475.516,0,0,0,0,64,0,64,10469235111766052803
"Windows x86-64","Clang 21.1.0 ","-std=c11 -O3 -Wall -Wextra -Wpedantic","sensor_monitor","periodic_recompute","all_change",64,6,3000,0,124.200,100,200,200,300,8051529.791,0.000,466.918,0,0,0,0,64,0,64,10469235111766052803
"Windows x86-64","Clang 21.1.0 ","-std=c11 -O3 -Wall -Wextra -Wpedantic","sensor_monitor","event_incremental","all_change",64,6,3000,0,86.500,100,100,200,200,11560693.642,0.000,328.727,0,0,0,72,64,0,64,10469235111766052803
"Windows x86-64","Clang 21.1.0 ","-std=c11 -O3 -Wall -Wextra -Wpedantic","sensor_monitor","event_incremental","all_change",64,7,3000,0,86.500,100,100,200,200,11560693.642,0.000,328.600,0,0,0,72,64,0,64,10469235111766052803
"Windows x86-64","Clang 21.1.0 ","-std=c11 -O3 -Wall -Wextra -Wpedantic","sensor_monitor","periodic_recompute","all_change",64,7,3000,0,125.233,100,200,200,3200,7985094.490,0.000,476.148,1,0,0,0,64,0,64,10469235111766052803
"Windows x86-64","Clang 21.1.0 ","-std=c11 -O3 -Wall -Wextra -Wpedantic","sensor_monitor","event_incremental","no_change",1024,1,3000,0,1.833,0,100,100,200,545454545.455,0.000,7.333,0,0,0,1032,1024,0,0,11577447298285748121
"Windows x86-64","Clang 21.1.0 ","-std=c11 -O3 -Wall -Wextra -Wpedantic","sensor_monitor","periodic_recompute","no_change",1024,1,3000,0,333.967,400,500,500,13800,2994310.809,0.000,1267.873,8,1,0,0,1024,0,1024,11577447298285748121
"Windows x86-64","Clang 21.1.0 ","-std=c11 -O3 -Wall -Wextra -Wpedantic","sensor_monitor","periodic_recompute","no_change",1024,2,3000,0,316.033,300,400,400,500,3164223.183,0.000,1196.818,0,0,0,0,1024,0,1024,11577447298285748121
"Windows x86-64","Clang 21.1.0 ","-std=c11 -O3 -Wall -Wextra -Wpedantic","sensor_monitor","event_incremental","no_change",1024,2,3000,0,1.800,0,100,100,100,555555555.556,0.000,7.207,0,0,0,1032,1024,0,0,11577447298285748121
"Windows x86-64","Clang 21.1.0 ","-std=c11 -O3 -Wall -Wextra -Wpedantic","sensor_monitor","event_incremental","no_change",1024,3,3000,0,1.833,0,100,100,100,545454545.455,0.000,7.333,0,0,0,1032,1024,0,0,11577447298285748121
"Windows x86-64","Clang 21.1.0 ","-std=c11 -O3 -Wall -Wextra -Wpedantic","sensor_monitor","periodic_recompute","no_change",1024,3,3000,0,348.333,300,400,500,5100,2870813.397,1495.215,1323.251,2,0,0,0,1024,0,1024,11577447298285748121
"Windows x86-64","Clang 21.1.0 ","-std=c11 -O3 -Wall -Wextra -Wpedantic","sensor_monitor","periodic_recompute","no_change",1024,4,3000,0,322.967,300,400,400,400,3096294.767,0.000,1226.277,0,0,0,0,1024,0,1024,11577447298285748121
"Windows x86-64","Clang 21.1.0 ","-std=c11 -O3 -Wall -Wextra -Wpedantic","sensor_monitor","event_incremental","no_change",1024,4,3000,0,2.033,0,100,100,100,491803278.689,0.000,8.218,0,0,0,1032,1024,0,0,11577447298285748121
"Windows x86-64","Clang 21.1.0 ","-std=c11 -O3 -Wall -Wextra -Wpedantic","sensor_monitor","event_incremental","no_change",1024,5,3000,0,3.967,0,100,100,6700,252100840.336,0.000,10.620,1,0,0,1032,1024,0,0,11577447298285748121
"Windows x86-64","Clang 21.1.0 ","-std=c11 -O3 -Wall -Wextra -Wpedantic","sensor_monitor","periodic_recompute","no_change",1024,5,3000,0,316.000,300,400,500,700,3164556.962,0.000,1196.439,0,0,0,0,1024,0,1024,11577447298285748121
"Windows x86-64","Clang 21.1.0 ","-std=c11 -O3 -Wall -Wextra -Wpedantic","sensor_monitor","periodic_recompute","no_change",1024,6,3000,0,317.400,300,400,600,2100,3150598.614,0.000,1201.369,3,0,0,0,1024,0,1024,11577447298285748121
"Windows x86-64","Clang 21.1.0 ","-std=c11 -O3 -Wall -Wextra -Wpedantic","sensor_monitor","event_incremental","no_change",1024,6,3000,0,1.800,0,100,100,100,555555555.556,0.000,7.333,0,0,0,1032,1024,0,0,11577447298285748121
"Windows x86-64","Clang 21.1.0 ","-std=c11 -O3 -Wall -Wextra -Wpedantic","sensor_monitor","event_incremental","no_change",1024,7,3000,0,1.133,0,100,100,100,882352941.176,0.000,4.678,0,0,0,1032,1024,0,0,11577447298285748121
"Windows x86-64","Clang 21.1.0 ","-std=c11 -O3 -Wall -Wextra -Wpedantic","sensor_monitor","periodic_recompute","no_change",1024,7,3000,0,317.433,300,400,500,5000,3150267.773,0.000,1204.657,5,0,0,0,1024,0,1024,11577447298285748121
"Windows x86-64","Clang 21.1.0 ","-std=c11 -O3 -Wall -Wextra -Wpedantic","sensor_monitor","event_incremental","one_percent",1024,1,3000,0,13.533,0,100,100,900,73891625.616,0.000,51.711,0,0,0,1032,1024,0,10,12075142793408566978
"Windows x86-64","Clang 21.1.0 ","-std=c11 -O3 -Wall -Wextra -Wpedantic","sensor_monitor","periodic_recompute","one_percent",1024,1,3000,0,398.567,300,400,500,700,2508990.549,0.000,1490.017,0,0,0,0,1024,0,1024,12075142793408566978
"Windows x86-64","Clang 21.1.0 ","-std=c11 -O3 -Wall -Wextra -Wpedantic","sensor_monitor","periodic_recompute","one_percent",1024,2,3000,0,324.333,300,500,500,15500,3083247.688,1605.858,1230.828,3,1,0,0,1024,0,1024,12075142793408566978
"Windows x86-64","Clang 21.1.0 ","-std=c11 -O3 -Wall -Wextra -Wpedantic","sensor_monitor","event_incremental","one_percent",1024,2,3000,0,13.567,0,100,100,100,73710073.710,0.000,51.838,0,0,0,1032,1024,0,10,12075142793408566978
"Windows x86-64","Clang 21.1.0 ","-std=c11 -O3 -Wall -Wextra -Wpedantic","sensor_monitor","event_incremental","one_percent",1024,3,3000,0,13.567,0,100,100,100,73710073.710,0.000,51.711,0,0,0,1032,1024,0,10,12075142793408566978
"Windows x86-64","Clang 21.1.0 ","-std=c11 -O3 -Wall -Wextra -Wpedantic","sensor_monitor","periodic_recompute","one_percent",1024,3,3000,0,339.633,300,400,400,400,2944351.752,0.000,1253.713,0,0,0,0,1024,0,1024,12075142793408566978
"Windows x86-64","Clang 21.1.0 ","-std=c11 -O3 -Wall -Wextra -Wpedantic","sensor_monitor","periodic_recompute","one_percent",1024,4,3000,0,404.533,300,400,600,11800,2471984.179,0.000,1535.406,3,1,0,0,1024,0,1024,12075142793408566978
"Windows x86-64","Clang 21.1.0 ","-std=c11 -O3 -Wall -Wextra -Wpedantic","sensor_monitor","event_incremental","one_percent",1024,4,3000,0,13.533,0,100,100,100,73891625.616,0.000,51.964,0,0,0,1032,1024,0,10,12075142793408566978
"Windows x86-64","Clang 21.1.0 ","-std=c11 -O3 -Wall -Wextra -Wpedantic","sensor_monitor","event_incremental","one_percent",1024,5,3000,0,13.533,0,100,100,19600,73891625.616,0.000,51.838,1,1,0,1032,1024,0,10,12075142793408566978
"Windows x86-64","Clang 21.1.0 ","-std=c11 -O3 -Wall -Wextra -Wpedantic","sensor_monitor","periodic_recompute","one_percent",1024,5,3000,0,329.100,300,400,400,500,3038590.094,0.000,1234.748,0,0,0,0,1024,0,1024,12075142793408566978
"Windows x86-64","Clang 21.1.0 ","-std=c11 -O3 -Wall -Wextra -Wpedantic","sensor_monitor","periodic_recompute","one_percent",1024,6,3000,0,334.367,300,400,400,6300,2990728.741,0.000,1269.138,1,0,0,0,1024,0,1024,12075142793408566978
"Windows x86-64","Clang 21.1.0 ","-std=c11 -O3 -Wall -Wextra -Wpedantic","sensor_monitor","event_incremental","one_percent",1024,6,3000,0,16.133,0,100,100,200,61983471.074,0.000,60.941,0,0,0,1032,1024,0,10,12075142793408566978
"Windows x86-64","Clang 21.1.0 ","-std=c11 -O3 -Wall -Wextra -Wpedantic","sensor_monitor","event_incremental","one_percent",1024,7,3000,0,14.333,0,100,100,7600,69767441.860,0.000,54.872,1,0,0,1032,1024,0,10,12075142793408566978
"Windows x86-64","Clang 21.1.0 ","-std=c11 -O3 -Wall -Wextra -Wpedantic","sensor_monitor","periodic_recompute","one_percent",1024,7,3000,0,325.467,300,400,400,500,3072511.266,0.000,1231.714,0,0,0,0,1024,0,1024,12075142793408566978
"Windows x86-64","Clang 21.1.0 ","-std=c11 -O3 -Wall -Wextra -Wpedantic","sensor_monitor","event_incremental","all_change",1024,1,3000,0,1407.467,1400,1700,1900,27100,710496.400,0.000,5320.441,3000,1,0,1032,1024,0,1024,2022757402407847834
"Windows x86-64","Clang 21.1.0 ","-std=c11 -O3 -Wall -Wextra -Wpedantic","sensor_monitor","periodic_recompute","all_change",1024,1,3000,0,1756.067,1700,1800,2000,29700,569454.463,0.000,6632.692,3000,2,0,0,1024,0,1024,2022757402407847834
"Windows x86-64","Clang 21.1.0 ","-std=c11 -O3 -Wall -Wextra -Wpedantic","sensor_monitor","periodic_recompute","all_change",1024,2,3000,0,1744.167,1800,1800,2000,13500,573339.704,298.614,6601.337,3000,3,0,0,1024,0,1024,2022757402407847834
"Windows x86-64","Clang 21.1.0 ","-std=c11 -O3 -Wall -Wextra -Wpedantic","sensor_monitor","event_incremental","all_change",1024,2,3000,0,1396.400,1400,1800,1900,10400,716127.184,0.000,5291.109,3000,1,0,1032,1024,0,1024,2022757402407847834
"Windows x86-64","Clang 21.1.0 ","-std=c11 -O3 -Wall -Wextra -Wpedantic","sensor_monitor","event_incremental","all_change",1024,3,3000,0,1554.633,1500,1800,1900,13100,643238.491,0.000,5887.368,3000,2,0,1032,1024,0,1024,2022757402407847834
"Windows x86-64","Clang 21.1.0 ","-std=c11 -O3 -Wall -Wextra -Wpedantic","sensor_monitor","periodic_recompute","all_change",1024,3,3000,0,1728.767,1700,1800,2100,9800,578447.062,0.000,6541.788,3000,0,0,0,1024,0,1024,2022757402407847834
"Windows x86-64","Clang 21.1.0 ","-std=c11 -O3 -Wall -Wextra -Wpedantic","sensor_monitor","periodic_recompute","all_change",1024,4,3000,0,1725.700,1700,1800,2000,11800,579474.996,301.810,6531.166,3000,1,0,0,1024,0,1024,2022757402407847834
"Windows x86-64","Clang 21.1.0 ","-std=c11 -O3 -Wall -Wextra -Wpedantic","sensor_monitor","event_incremental","all_change",1024,4,3000,0,1551.100,1400,1400,1700,6600,644703.759,0.000,5877.380,3000,0,0,1032,1024,0,1024,2022757402407847834
"Windows x86-64","Clang 21.1.0 ","-std=c11 -O3 -Wall -Wextra -Wpedantic","sensor_monitor","event_incremental","all_change",1024,5,3000,0,1452.433,1400,1800,2100,11500,688499.759,0.000,5507.057,3000,1,0,1032,1024,0,1024,2022757402407847834
"Windows x86-64","Clang 21.1.0 ","-std=c11 -O3 -Wall -Wextra -Wpedantic","sensor_monitor","periodic_recompute","all_change",1024,5,3000,0,1709.233,1700,1900,2200,15800,585057.628,304.718,6478.697,3000,1,0,0,1024,0,1024,2022757402407847834
"Windows x86-64","Clang 21.1.0 ","-std=c11 -O3 -Wall -Wextra -Wpedantic","sensor_monitor","periodic_recompute","all_change",1024,6,3000,0,1793.800,1700,1900,2000,14000,557475.750,290.352,6743.322,3000,1,0,0,1024,0,1024,2022757402407847834
"Windows x86-64","Clang 21.1.0 ","-std=c11 -O3 -Wall -Wextra -Wpedantic","sensor_monitor","event_incremental","all_change",1024,6,3000,0,1449.667,1400,1700,1900,25700,689813.750,0.000,5481.137,3000,2,0,1032,1024,0,1024,2022757402407847834
"Windows x86-64","Clang 21.1.0 ","-std=c11 -O3 -Wall -Wextra -Wpedantic","sensor_monitor","event_incremental","all_change",1024,7,3000,0,1448.667,1400,1600,1800,8800,690289.922,0.000,5483.793,3000,0,0,1032,1024,0,1024,2022757402407847834
"Windows x86-64","Clang 21.1.0 ","-std=c11 -O3 -Wall -Wextra -Wpedantic","sensor_monitor","periodic_recompute","all_change",1024,7,3000,0,1737.967,1700,1900,2100,14200,575385.028,299.680,6573.268,3000,2,0,0,1024,0,1024,2022757402407847834
"Windows x86-64","Clang 21.1.0 ","-std=c11 -O3 -Wall -Wextra -Wpedantic","sensor_monitor","event_incremental","no_change",4096,1,3000,0,1.800,0,100,100,100,555555555.556,0.000,7.459,0,0,0,4104,4096,0,0,11577447298285748121
"Windows x86-64","Clang 21.1.0 ","-std=c11 -O3 -Wall -Wextra -Wpedantic","sensor_monitor","periodic_recompute","no_change",4096,1,3000,0,1423.667,1300,1800,2100,13500,702411.613,0.000,5382.140,3000,6,0,0,4096,0,4096,11577447298285748121
"Windows x86-64","Clang 21.1.0 ","-std=c11 -O3 -Wall -Wextra -Wpedantic","sensor_monitor","periodic_recompute","no_change",4096,2,3000,0,1324.033,1300,1300,1500,9800,755267.994,0.000,5016.748,3000,0,0,0,4096,0,4096,11577447298285748121
"Windows x86-64","Clang 21.1.0 ","-std=c11 -O3 -Wall -Wextra -Wpedantic","sensor_monitor","event_incremental","no_change",4096,2,3000,0,1.133,0,100,100,100,882352941.176,0.000,4.805,0,0,0,4104,4096,0,0,11577447298285748121
"Windows x86-64","Clang 21.1.0 ","-std=c11 -O3 -Wall -Wextra -Wpedantic","sensor_monitor","event_incremental","no_change",4096,3,3000,0,1.133,0,100,100,100,882352941.176,0.000,4.805,0,0,0,4104,4096,0,0,11577447298285748121
"Windows x86-64","Clang 21.1.0 ","-std=c11 -O3 -Wall -Wextra -Wpedantic","sensor_monitor","periodic_recompute","no_change",4096,3,3000,0,1274.367,1300,1800,1900,14000,784703.513,408.700,4828.363,3000,2,0,0,4096,0,4096,11577447298285748121
"Windows x86-64","Clang 21.1.0 ","-std=c11 -O3 -Wall -Wextra -Wpedantic","sensor_monitor","periodic_recompute","no_change",4096,4,3000,0,1382.833,1300,1600,2200,12600,723152.947,0.000,5191.227,3000,2,0,0,4096,0,4096,11577447298285748121
"Windows x86-64","Clang 21.1.0 ","-std=c11 -O3 -Wall -Wextra -Wpedantic","sensor_monitor","event_incremental","no_change",4096,4,3000,0,2.133,0,100,100,100,468750000.000,0.000,8.850,0,0,0,4104,4096,0,0,11577447298285748121
"Windows x86-64","Clang 21.1.0 ","-std=c11 -O3 -Wall -Wextra -Wpedantic","sensor_monitor","event_incremental","no_change",4096,5,3000,0,2.200,0,100,100,100,454545454.545,0.000,8.724,0,0,0,4104,4096,0,0,11577447298285748121
"Windows x86-64","Clang 21.1.0 ","-std=c11 -O3 -Wall -Wextra -Wpedantic","sensor_monitor","periodic_recompute","no_change",4096,5,3000,0,1278.533,1300,1300,1900,14100,782146.209,0.000,4832.029,3000,1,0,0,4096,0,4096,11577447298285748121
"Windows x86-64","Clang 21.1.0 ","-std=c11 -O3 -Wall -Wextra -Wpedantic","sensor_monitor","periodic_recompute","no_change",4096,6,3000,0,1312.667,1300,1500,2100,9300,761808.024,0.000,4973.761,3000,0,0,0,4096,0,4096,11577447298285748121
"Windows x86-64","Clang 21.1.0 ","-std=c11 -O3 -Wall -Wextra -Wpedantic","sensor_monitor","event_incremental","no_change",4096,6,3000,0,1.833,0,100,100,900,545454545.455,0.000,7.207,0,0,0,4104,4096,0,0,11577447298285748121
"Windows x86-64","Clang 21.1.0 ","-std=c11 -O3 -Wall -Wextra -Wpedantic","sensor_monitor","event_incremental","no_change",4096,7,3000,0,1.167,0,100,100,100,857142857.143,0.000,4.678,0,0,0,4104,4096,0,0,11577447298285748121
"Windows x86-64","Clang 21.1.0 ","-std=c11 -O3 -Wall -Wextra -Wpedantic","sensor_monitor","periodic_recompute","no_change",4096,7,3000,0,1408.433,1300,1800,2200,19800,710008.757,0.000,5289.591,3000,2,0,0,4096,0,4096,11577447298285748121
"Windows x86-64","Clang 21.1.0 ","-std=c11 -O3 -Wall -Wextra -Wpedantic","sensor_monitor","event_incremental","one_percent",4096,1,3000,0,54.200,100,100,100,4500,18450184.502,0.000,206.339,1,0,0,4104,4096,0,40,12038503114571301950
"Windows x86-64","Clang 21.1.0 ","-std=c11 -O3 -Wall -Wextra -Wpedantic","sensor_monitor","periodic_recompute","one_percent",4096,1,3000,0,1392.567,1400,2100,2300,20500,718098.475,374.010,5269.109,3000,3,0,0,4096,0,4096,12038503114571301950
"Windows x86-64","Clang 21.1.0 ","-std=c11 -O3 -Wall -Wextra -Wpedantic","sensor_monitor","periodic_recompute","one_percent",4096,2,3000,0,1466.533,1500,1900,2800,16300,681880.171,355.146,5539.297,3000,2,0,0,4096,0,4096,12038503114571301950
"Windows x86-64","Clang 21.1.0 ","-std=c11 -O3 -Wall -Wextra -Wpedantic","sensor_monitor","event_incremental","one_percent",4096,2,3000,0,64.867,100,100,100,4700,15416238.438,0.000,246.924,2,0,0,4104,4096,0,40,12038503114571301950
"Windows x86-64","Clang 21.1.0 ","-std=c11 -O3 -Wall -Wextra -Wpedantic","sensor_monitor","event_incremental","one_percent",4096,3,3000,0,55.867,100,100,100,24700,17899761.337,0.000,212.534,2,1,0,4104,4096,0,40,12038503114571301950
"Windows x86-64","Clang 21.1.0 ","-std=c11 -O3 -Wall -Wextra -Wpedantic","sensor_monitor","periodic_recompute","one_percent",4096,3,3000,0,1736.600,1500,1900,2900,23800,575837.844,0.000,6473.767,3000,7,0,0,4096,0,4096,12038503114571301950
"Windows x86-64","Clang 21.1.0 ","-std=c11 -O3 -Wall -Wextra -Wpedantic","sensor_monitor","periodic_recompute","one_percent",4096,4,3000,0,1965.700,1800,2300,3500,52800,508724.627,0.000,6783.527,3000,17,0,0,4096,0,4096,12038503114571301950
"Windows x86-64","Clang 21.1.0 ","-std=c11 -O3 -Wall -Wextra -Wpedantic","sensor_monitor","event_incremental","one_percent",4096,4,3000,0,61.867,100,100,200,11400,16163793.103,0.000,235.419,1,1,0,4104,4096,0,40,12038503114571301950
"Windows x86-64","Clang 21.1.0 ","-std=c11 -O3 -Wall -Wextra -Wpedantic","sensor_monitor","event_incremental","one_percent",4096,5,3000,0,59.167,100,100,100,200,16901408.451,0.000,225.178,0,0,0,4104,4096,0,40,12038503114571301950
"Windows x86-64","Clang 21.1.0 ","-std=c11 -O3 -Wall -Wextra -Wpedantic","sensor_monitor","periodic_recompute","one_percent",4096,5,3000,0,2195.467,2000,2500,4200,254300,455484.028,0.000,6911.733,3000,22,3,0,4096,0,4096,12038503114571301950
"Windows x86-64","Clang 21.1.0 ","-std=c11 -O3 -Wall -Wextra -Wpedantic","sensor_monitor","periodic_recompute","one_percent",4096,6,3000,0,2448.833,1700,2200,2700,123100,408357.721,0.000,7135.265,3000,8,1,0,4096,0,4096,12038503114571301950
"Windows x86-64","Clang 21.1.0 ","-std=c11 -O3 -Wall -Wextra -Wpedantic","sensor_monitor","event_incremental","one_percent",4096,6,3000,0,78.667,100,100,200,300,12711864.407,0.000,260.200,0,0,0,4104,4096,0,40,12038503114571301950
"Windows x86-64","Clang 21.1.0 ","-std=c11 -O3 -Wall -Wextra -Wpedantic","sensor_monitor","event_incremental","one_percent",4096,7,3000,0,69.900,100,100,200,12400,14306151.645,0.000,266.016,1,1,0,4104,4096,0,40,12038503114571301950
"Windows x86-64","Clang 21.1.0 ","-std=c11 -O3 -Wall -Wextra -Wpedantic","sensor_monitor","periodic_recompute","one_percent",4096,7,3000,0,2152.533,1700,2200,9500,72700,464568.880,0.000,7225.412,3000,28,0,0,4096,0,4096,12038503114571301950
"Windows x86-64","Clang 21.1.0 ","-std=c11 -O3 -Wall -Wextra -Wpedantic","sensor_monitor","event_incremental","all_change",4096,1,3000,0,6581.333,6400,8000,16600,80900,151944.895,79.138,24517.319,3000,36,0,4104,4096,0,4096,6442281940854352353
"Windows x86-64","Clang 21.1.0 ","-std=c11 -O3 -Wall -Wextra -Wpedantic","sensor_monitor","periodic_recompute","all_change",4096,1,3000,0,8589.400,7300,8700,25800,169900,116422.567,60.637,28180.982,3000,98,2,0,4096,0,4096,6442281940854352353
"Windows x86-64","Clang 21.1.0 ","-std=c11 -O3 -Wall -Wextra -Wpedantic","sensor_monitor","periodic_recompute","all_change",4096,2,3000,0,8296.800,7200,8100,26000,312800,120528.396,62.775,27845.549,3000,111,5,0,4096,0,4096,6442281940854352353
"Windows x86-64","Clang 21.1.0 ","-std=c11 -O3 -Wall -Wextra -Wpedantic","sensor_monitor","event_incremental","all_change",4096,2,3000,0,6474.667,5800,7100,14700,100800,154448.105,80.442,23637.092,3000,52,1,4104,4096,0,4096,6442281940854352353
"Windows x86-64","Clang 21.1.0 ","-std=c11 -O3 -Wall -Wextra -Wpedantic","sensor_monitor","event_incremental","all_change",4096,3,3000,0,6127.800,6000,7300,10600,110100,163190.705,84.995,22959.030,3000,32,1,4104,4096,0,4096,6442281940854352353
"Windows x86-64","Clang 21.1.0 ","-std=c11 -O3 -Wall -Wextra -Wpedantic","sensor_monitor","periodic_recompute","all_change",4096,3,3000,0,6804.467,6800,7200,9100,22200,146962.289,153.086,25786.964,3000,20,0,0,4096,0,4096,6442281940854352353
"Windows x86-64","Clang 21.1.0 ","-std=c11 -O3 -Wall -Wextra -Wpedantic","sensor_monitor","periodic_recompute","all_change",4096,4,3000,0,6904.433,6800,6900,7600,30600,144834.478,150.869,26067.393,3000,9,0,0,4096,0,4096,6442281940854352353
"Windows x86-64","Clang 21.1.0 ","-std=c11 -O3 -Wall -Wextra -Wpedantic","sensor_monitor","event_incremental","all_change",4096,4,3000,0,5585.867,5500,5600,6600,19400,179023.249,93.241,21163.929,3000,1,0,4104,4096,0,4096,6442281940854352353
"Windows x86-64","Clang 21.1.0 ","-std=c11 -O3 -Wall -Wextra -Wpedantic","sensor_monitor","event_incremental","all_change",4096,5,3000,0,5585.667,5600,5600,6600,17800,179029.659,93.245,21126.378,3000,5,0,4104,4096,0,4096,6442281940854352353
"Windows x86-64","Clang 21.1.0 ","-std=c11 -O3 -Wall -Wextra -Wpedantic","sensor_monitor","periodic_recompute","all_change",4096,5,3000,0,6813.367,6800,6800,7200,13900,146770.319,152.886,25812.123,3000,8,0,0,4096,0,4096,6442281940854352353
"Windows x86-64","Clang 21.1.0 ","-std=c11 -O3 -Wall -Wextra -Wpedantic","sensor_monitor","periodic_recompute","all_change",4096,6,3000,0,6820.733,6800,6900,7400,15500,146611.801,152.721,25818.825,3000,8,0,0,4096,0,4096,6442281940854352353
"Windows x86-64","Clang 21.1.0 ","-std=c11 -O3 -Wall -Wextra -Wpedantic","sensor_monitor","event_incremental","all_change",4096,6,3000,0,5567.433,5500,5600,6400,12000,179615.981,93.550,21094.769,3000,3,0,4104,4096,0,4096,6442281940854352353
"Windows x86-64","Clang 21.1.0 ","-std=c11 -O3 -Wall -Wextra -Wpedantic","sensor_monitor","event_incremental","all_change",4096,7,3000,0,5559.800,5500,5600,5900,32800,179862.585,93.678,21047.230,3000,4,0,4104,4096,0,4096,6442281940854352353
"Windows x86-64","Clang 21.1.0 ","-std=c11 -O3 -Wall -Wextra -Wpedantic","sensor_monitor","periodic_recompute","all_change",4096,7,3000,0,6807.367,6800,7100,7400,21600,146899.682,76.510,25794.676,3000,8,0,0,4096,0,4096,6442281940854352353
